YEAR,GAME_ID,CURRENT_ROUND,TEAM_A,TEAM_A_NO,SEED_A,SCORE_A,TEAM_B,TEAM_B_NO,SEED_B,SCORE_B,TARGET,KADJ EM_A,KADJ O_A,KADJ D_A,BADJ EM_A,BADJ O_A,BADJ D_A,BARTHAG_A,EFG%_A,EFG%D_A,TOV%_A,TOV%D_A,OREB%_A,DREB%_A,FTR_A,FTRD_A,ELITE SOS_A,WAB_A,EXP_A,TALENT_A,WIN%_A,KADJ EM_B,KADJ O_B,KADJ D_B,BADJ EM_B,BADJ O_B,BADJ D_B,BARTHAG_B,EFG%_B,EFG%D_B,TOV%_B,TOV%D_B,OREB%_B,DREB%_B,FTR_B,FTRD_B,ELITE SOS_B,WAB_B,EXP_B,TALENT_B,WIN%_B,KADJ EM_DIFF,KADJ O_DIFF,KADJ D_DIFF,BADJ EM_DIFF,BADJ O_DIFF,BADJ D_DIFF,BARTHAG_DIFF,EFG%_DIFF,EFG%D_DIFF,TOV%_DIFF,TOV%D_DIFF,OREB%_DIFF,DREB%_DIFF,ELITE SOS_DIFF,WAB_DIFF,WIN%_DIFF,TALENT_DIFF,EXP_DIFF,SEED_DIFF
2008,1,2,Memphis,37,1,68,Kansas,43,1,75,0,29.3779,114.695,85.3169,29.5,113.3,83.8,0.97,53.0,42.5,17.2,23.3,37.8,70.7,38.6,32.7,20.888,8.9,1.605,82.995,97.05882,33.9647,121.433,87.4681,35.4,121.0,85.6,0.982,56.3,44.8,18.7,22.9,38.0,71.0,37.5,30.8,30.29,9.9,2.047,89.633,90.90909,-4.5868,-6.738000000000014,-2.151200000000003,-5.899999999999999,-7.700000000000003,-1.7999999999999972,-0.01200000000000001,-3.299999999999997,-2.299999999999997,-1.5,0.40000000000000213,-0.20000000000000284,-0.29999999999999716,-9.401999999999997,-1.0,6.149729999999991,-6.637999999999991,-0.44200000000000017,0
2008,3,4,UCLA,13,1,63,Memphis,37,1,78,0,30.5753,118.735,88.16,29.5,116.4,86.9,0.967,52.3,48.0,18.8,22.7,39.2,74.1,38.0,25.7,32.362,10.8,1.491,78.469,90.90909,29.3779,114.695,85.3169,29.5,113.3,83.8,0.97,53.0,42.5,17.2,23.3,37.8,70.7,38.6,32.7,20.888,8.9,1.605,82.995,97.05882,1.1973999999999982,4.040000000000006,2.8430999999999926,0.0,3.1000000000000085,3.1000000000000085,-0.0030000000000000027,-0.7000000000000028,5.5,1.6000000000000014,-0.6000000000000014,1.4000000000000057,3.3999999999999915,11.474,1.9000000000000004,-6.149729999999991,-4.5260000000000105,-0.11399999999999988,0
2008,5,4,Kansas,43,1,84,North Carolina,31,1,66,1,33.9647,121.433,87.4681,35.4,121.0,85.6,0.982,56.3,44.8,18.7,22.9,38.0,71.0,37.5,30.8,30.29,9.9,2.047,89.633,90.90909,28.1446,120.686,92.5415,28.4,120.2,91.8,0.957,52.4,48.0,19.0,21.2,42.4,71.3,39.1,25.5,31.561,11.9,1.595,90.906,94.11765,5.8201,0.7469999999999999,-5.073399999999992,7.0,0.7999999999999972,-6.200000000000003,0.025000000000000022,3.8999999999999986,-3.200000000000003,-0.3000000000000007,1.6999999999999993,-4.399999999999999,-0.29999999999999716,-1.2710000000000008,-2.0,-3.2085599999999914,-1.2730000000000103,0.4520000000000002,0
2008,7,8,Xavier,1,3,57,UCLA,13,1,76,0,22.3453,116.413,94.068,22.9,115.2,92.3,0.928,55.0,46.8,20.3,20.0,36.5,70.5,41.7,31.5,23.372,4.7,2.038,13.33,81.81818,30.5753,118.735,88.16,29.5,116.4,86.9,0.967,52.3,48.0,18.8,22.7,39.2,74.1,38.0,25.7,32.362,10.8,1.491,78.469,90.90909,-8.229999999999997,-2.3220000000000027,5.908000000000001,-6.600000000000001,-1.2000000000000028,5.3999999999999915,-0.038999999999999924,2.700000000000003,-1.2000000000000028,1.5,-2.6999999999999993,-2.700000000000003,-3.5999999999999943,-8.990000000000002,-6.1000000000000005,-9.090910000000008,-65.139,0.5469999999999997,2
2008,9,8,Texas,15,2,67,Memphis,37,1,85,0,24.8513,119.757,94.9061,25.8,120.0,94.2,0.942,51.4,46.1,14.1,18.5,36.1,66.3,32.6,29.7,34.791,8.4,1.229,81.767,81.81818,29.3779,114.695,85.3169,29.5,113.3,83.8,0.97,53.0,42.5,17.2,23.3,37.8,70.7,38.6,32.7,20.888,8.9,1.605,82.995,97.05882,-4.526600000000002,5.062000000000012,9.589199999999991,-3.6999999999999993,6.700000000000003,10.400000000000006,-0.028000000000000025,-1.6000000000000014,3.6000000000000014,-3.0999999999999996,-4.800000000000001,-1.6999999999999957,-4.400000000000006,13.902999999999995,-0.5,-15.240639999999999,-1.2280000000000086,-0.3759999999999999,1
2008,11,8,Davidson,51,10,57,Kansas,43,1,59,0,20.5532,114.056,93.5027,18.8,110.8,92.0,0.895,54.4,48.4,17.7,24.1,32.6,72.4,25.4,37.7,17.709,1.5,1.996,18.502,80.64516,33.9647,121.433,87.4681,35.4,121.0,85.6,0.982,56.3,44.8,18.7,22.9,38.0,71.0,37.5,30.8,30.29,9.9,2.047,89.633,90.90909,-13.4115,-7.3770000000000095,6.0345999999999975,-16.599999999999998,-10.200000000000003,6.400000000000006,-0.08699999999999997,-1.8999999999999986,3.6000000000000014,-1.0,1.2000000000000028,-5.399999999999999,1.4000000000000057,-12.581,-8.4,-10.263930000000002,-71.131,-0.051000000000000156,9
2008,13,8,Louisville,39,3,73,North Carolina,31,1,83,0,23.198,111.828,88.6299,22.9,110.3,87.4,0.936,52.0,43.8,19.6,21.4,33.4,69.3,36.4,33.2,30.593,4.7,1.617,83.94,75.0,28.1446,120.686,92.5415,28.4,120.2,91.8,0.957,52.4,48.0,19.0,21.2,42.4,71.3,39.1,25.5,31.561,11.9,1.595,90.906,94.11765,-4.9466,-8.858000000000004,-3.911599999999993,-5.5,-9.900000000000006,-4.3999999999999915,-0.020999999999999908,-0.3999999999999986,-4.200000000000003,0.6000000000000014,0.1999999999999993,-9.0,-2.0,-0.968,-7.2,-19.117649999999998,-6.966000000000008,0.02200000000000002,2
2008,15,16,West Virginia,5,7,75,Xavier,1,3,79,0,20.14,113.57,93.4302,20.9,113.1,92.2,0.913,51.6,47.7,16.3,23.3,34.1,68.6,37.1,38.9,29.445,2.6,1.679,46.742,69.69697,22.3453,116.413,94.068,22.9,115.2,92.3,0.928,55.0,46.8,20.3,20.0,36.5,70.5,41.7,31.5,23.372,4.7,2.038,13.33,81.81818,-2.205300000000001,-2.8430000000000035,-0.6377999999999986,-2.0,-2.1000000000000085,-0.09999999999999432,-0.015000000000000013,-3.3999999999999986,0.9000000000000057,-4.0,3.3000000000000007,-2.3999999999999986,-1.9000000000000057,6.073,-2.1,-12.121210000000005,33.412,-0.35899999999999976,4
2008,17,16,Western Kentucky,4,12,78,UCLA,13,1,88,0,14.0646,111.076,97.011,13.1,108.6,95.5,0.814,53.6,46.9,20.2,25.2,37.0,67.2,36.2,47.7,14.064,0.2,2.066,16.148,80.64516,30.5753,118.735,88.16,29.5,116.4,86.9,0.967,52.3,48.0,18.8,22.7,39.2,74.1,38.0,25.7,32.362,10.8,1.491,78.469,90.90909,-16.5107,-7.659000000000006,8.850999999999999,-16.4,-7.800000000000011,8.599999999999994,-0.15300000000000002,1.3000000000000043,-1.1000000000000014,1.3999999999999986,2.5,-2.200000000000003,-6.8999999999999915,-18.298000000000002,-10.600000000000001,-10.263930000000002,-62.321,0.5749999999999997,11
2008,19,16,Texas,15,2,82,Stanford,18,3,62,1,24.8513,119.757,94.9061,25.8,120.0,94.2,0.942,51.4,46.1,14.1,18.5,36.1,66.3,32.6,29.7,34.791,8.4,1.229,81.767,81.81818,23.9361,113.328,89.3924,22.9,111.5,88.6,0.934,49.8,44.0,18.9,18.1,39.2,71.2,40.4,34.0,33.063,6.7,1.859,64.912,78.78788,0.9151999999999987,6.429000000000002,5.5137,2.900000000000002,8.5,5.6000000000000085,0.007999999999999896,1.6000000000000014,2.1000000000000014,-4.799999999999999,0.3999999999999986,-3.1000000000000014,-4.900000000000006,1.7279999999999944,1.7000000000000002,3.030299999999997,16.85499999999999,-0.6299999999999999,-1
2008,21,16,Michigan St.,35,5,74,Memphis,37,1,92,0,20.8814,115.444,94.5625,21.5,114.0,92.5,0.917,52.5,46.1,21.2,19.3,39.8,68.6,34.1,32.2,31.132,5.1,1.61,87.079,75.75758,29.3779,114.695,85.3169,29.5,113.3,83.8,0.97,53.0,42.5,17.2,23.3,37.8,70.7,38.6,32.7,20.888,8.9,1.605,82.995,97.05882,-8.496500000000001,0.7490000000000094,9.245599999999996,-8.0,0.7000000000000028,8.700000000000003,-0.052999999999999936,-0.5,3.6000000000000014,4.0,-4.0,2.0,-2.1000000000000085,10.244,-3.8000000000000007,-21.301239999999993,4.083999999999989,0.0050000000000001155,4
2008,23,16,Davidson,51,10,73,Wisconsin,2,3,56,1,20.5532,114.056,93.5027,18.8,110.8,92.0,0.895,54.4,48.4,17.7,24.1,32.6,72.4,25.4,37.7,17.709,1.5,1.996,18.502,80.64516,27.4107,113.619,86.2081,27.3,112.2,84.9,0.961,50.6,43.1,19.4,22.2,36.2,71.5,39.3,25.4,28.584,8.3,1.939,82.1,87.87879,-6.857499999999998,0.4369999999999976,7.294600000000003,-8.5,-1.4000000000000057,7.099999999999994,-0.06599999999999995,3.799999999999997,5.299999999999997,-1.6999999999999993,1.9000000000000021,-3.6000000000000014,0.9000000000000057,-10.875,-6.800000000000001,-7.233629999999991,-63.598,0.05699999999999994,7
2008,25,16,Villanova,7,12,57,Kansas,43,1,72,0,12.9811,108.903,95.9216,12.7,107.7,95.0,0.809,49.0,51.3,20.4,23.9,36.9,68.6,38.4,45.9,29.494,0.3,0.994,61.386,62.5,33.9647,121.433,87.4681,35.4,121.0,85.6,0.982,56.3,44.8,18.7,22.9,38.0,71.0,37.5,30.8,30.29,9.9,2.047,89.633,90.90909,-20.983600000000003,-12.530000000000001,8.453499999999991,-22.7,-13.299999999999997,9.400000000000006,-0.17299999999999993,-7.299999999999997,6.5,1.6999999999999993,1.0,-1.1000000000000014,-2.4000000000000057,-0.7959999999999994,-9.6,-28.409090000000006,-28.246999999999993,-1.0530000000000002,11
2008,27,16,Tennessee,16,2,60,Louisville,39,3,79,0,22.3372,117.787,95.4494,24.1,116.3,92.2,0.935,52.8,49.2,17.7,24.6,37.0,65.7,36.8,39.4,31.749,9.2,1.716,57.614,87.5,23.198,111.828,88.6299,22.9,110.3,87.4,0.936,52.0,43.8,19.6,21.4,33.4,69.3,36.4,33.2,30.593,4.7,1.617,83.94,75.0,-0.8608000000000011,5.959000000000003,6.819499999999991,1.2000000000000028,6.0,4.799999999999997,-0.0010000000000000009,0.7999999999999972,5.400000000000006,-1.9000000000000021,3.200000000000003,3.6000000000000014,-3.5999999999999943,1.1559999999999988,4.499999999999999,12.5,-26.326,0.09899999999999998,-1
2008,29,16,Washington St.,6,4,47,North Carolina,31,1,68,0,23.9044,116.272,92.3676,22.5,114.2,91.7,0.926,54.4,47.7,17.2,22.2,28.1,69.9,39.8,28.8,31.951,4.9,2.39,24.685,75.0,28.1446,120.686,92.5415,28.4,120.2,91.8,0.957,52.4,48.0,19.0,21.2,42.4,71.3,39.1,25.5,31.561,11.9,1.595,90.906,94.11765,-4.2402000000000015,-4.4140000000000015,-0.17390000000000327,-5.899999999999999,-6.0,-0.09999999999999432,-0.030999999999999917,2.0,-0.29999999999999716,-1.8000000000000007,1.0,-14.299999999999997,-1.3999999999999915,0.39000000000000057,-7.0,-19.117649999999998,-66.221,0.7950000000000002,3
2008,31,32,Duke,49,2,67,West Virginia,5,7,73,0,27.6285,117.443,89.8149,28.4,117.2,88.8,0.961,54.1,47.6,18.2,24.9,34.3,66.5,40.4,32.0,34.065,8.9,1.23,95.074,84.375,20.14,113.57,93.4302,20.9,113.1,92.2,0.913,51.6,47.7,16.3,23.3,34.1,68.6,37.1,38.9,29.445,2.6,1.679,46.742,69.69697,7.488499999999998,3.8730000000000047,-3.615300000000005,7.5,4.1000000000000085,-3.4000000000000057,0.04799999999999993,2.5,-0.10000000000000142,1.8999999999999986,1.5999999999999979,0.19999999999999574,-2.0999999999999943,4.619999999999997,6.300000000000001,14.678030000000007,48.332,-0.44900000000000007,-5
2008,33,32,Xavier,1,3,85,Purdue,24,6,78,1,22.3453,116.413,94.068,22.9,115.2,92.3,0.928,55.0,46.8,20.3,20.0,36.5,70.5,41.7,31.5,23.372,4.7,2.038,13.33,81.81818,18.089,109.692,91.6027,18.5,108.7,90.2,0.895,49.0,48.9,19.4,26.6,32.8,69.0,37.6,42.4,28.915,3.8,0.848,66.368,75.0,4.256300000000003,6.721000000000004,2.465299999999999,4.399999999999999,6.5,2.0999999999999943,0.03300000000000003,6.0,-2.1000000000000014,0.9000000000000021,-6.600000000000001,3.700000000000003,1.5,-5.542999999999999,0.9000000000000004,6.818179999999998,-53.038,1.19,-3
2008,35,32,San Diego,21,13,63,Western Kentucky,4,12,72,0,4.53284,101.501,96.9684,3.9,98.6,94.7,0.614,49.3,48.9,21.5,22.7,32.2,69.9,36.0,33.5,20.325,-3.9,1.019,3.734,60.60606,14.0646,111.076,97.011,13.1,108.6,95.5,0.814,53.6,46.9,20.2,25.2,37.0,67.2,36.2,47.7,14.064,0.2,2.066,16.148,80.64516,-9.53176,-9.574999999999989,-0.04259999999999309,-9.2,-10.0,-0.7999999999999972,-0.19999999999999996,-4.300000000000004,2.0,1.3000000000000007,-2.5,-4.799999999999997,2.700000000000003,6.260999999999999,-4.1,-20.039100000000005,-12.414,-1.047,1
2008,37,32,Texas A&M,14,9,49,UCLA,13,1,51,0,19.6026,112.029,92.4268,21.3,112.5,91.2,0.918,51.9,44.6,19.1,17.3,35.1,71.8,42.7,26.8,31.167,3.1,1.611,61.214,69.69697,30.5753,118.735,88.16,29.5,116.4,86.9,0.967,52.3,48.0,18.8,22.7,39.2,74.1,38.0,25.7,32.362,10.8,1.491,78.469,90.90909,-10.9727,-6.706000000000003,4.2668000000000035,-8.2,-3.9000000000000057,4.299999999999997,-0.04899999999999993,-0.3999999999999986,-3.3999999999999986,0.3000000000000007,-5.399999999999999,-4.100000000000001,-2.299999999999997,-1.1950000000000003,-7.700000000000001,-21.212120000000013,-17.254999999999995,0.11999999999999988,8
2008,39,32,Texas,15,2,75,Miami FL,36,7,72,1,24.8513,119.757,94.9061,25.8,120.0,94.2,0.942,51.4,46.1,14.1,18.5,36.1,66.3,32.6,29.7,34.791,8.4,1.229,81.767,81.81818,14.3957,112.167,97.7713,15.3,110.7,95.4,0.847,49.2,46.9,19.1,20.7,35.4,65.8,39.4,35.3,28.829,1.6,1.832,42.138,67.74194,10.455599999999999,7.590000000000003,-2.8652000000000015,10.5,9.299999999999997,-1.2000000000000028,0.09499999999999997,2.1999999999999957,-0.7999999999999972,-5.000000000000002,-2.1999999999999993,0.7000000000000028,0.5,5.961999999999996,6.800000000000001,14.076239999999999,39.629,-0.603,-5
2008,41,32,Stanford,18,3,82,Marquette,38,6,81,1,23.9361,113.328,89.3924,22.9,111.5,88.6,0.934,49.8,44.0,18.9,18.1,39.2,71.2,40.4,34.0,33.063,6.7,1.859,64.912,78.78788,21.8442,113.463,91.6188,23.1,113.0,89.9,0.933,50.7,45.9,19.0,24.3,38.0,66.4,37.9,40.9,31.819,3.8,1.839,55.941,71.875,2.091899999999999,-0.1349999999999909,-2.226399999999998,-0.20000000000000284,-1.5,-1.3000000000000114,0.0010000000000000009,-0.9000000000000057,-1.8999999999999986,-0.10000000000000142,-6.199999999999999,1.2000000000000028,4.799999999999997,1.2440000000000033,2.9000000000000004,6.912880000000001,8.971000000000004,0.020000000000000018,-3
2008,43,32,Pittsburgh,26,4,54,Michigan St.,35,5,65,0,19.5116,116.407,96.8952,20.4,116.1,95.7,0.902,51.1,48.0,18.4,21.0,39.7,65.9,36.7,29.1,33.073,5.3,1.727,65.161,73.52941,20.8814,115.444,94.5625,21.5,114.0,92.5,0.917,52.5,46.1,21.2,19.3,39.8,68.6,34.1,32.2,31.132,5.1,1.61,87.079,75.75758,-1.369799999999998,0.9629999999999939,2.3327000000000027,-1.1000000000000014,2.0999999999999943,3.200000000000003,-0.015000000000000013,-1.3999999999999986,1.8999999999999986,-2.8000000000000007,1.6999999999999993,-0.09999999999999432,-2.6999999999999886,1.940999999999999,0.20000000000000018,-2.2281700000000058,-21.917999999999992,0.11699999999999999,-1
2008,45,32,Mississippi St.,34,8,74,Memphis,37,1,77,0,15.8174,107.347,91.5296,15.8,106.3,90.5,0.864,52.3,42.4,21.9,18.2,35.2,67.4,38.3,27.3,23.951,0.6,1.332,69.445,68.75,29.3779,114.695,85.3169,29.5,113.3,83.8,0.97,53.0,42.5,17.2,23.3,37.8,70.7,38.6,32.7,20.888,8.9,1.605,82.995,97.05882,-13.560500000000001,-7.347999999999999,6.212699999999998,-13.7,-7.0,6.700000000000003,-0.10599999999999998,-0.7000000000000028,-0.10000000000000142,4.699999999999999,-5.100000000000001,-2.5999999999999943,-3.299999999999997,3.062999999999999,-8.3,-28.308819999999997,-13.550000000000011,-0.2729999999999999,7
2008,47,32,Georgetown,47,2,70,Davidson,51,10,74,0,24.9836,114.989,90.0051,25.2,113.1,87.9,0.948,56.2,41.9,20.9,20.2,33.1,67.0,34.0,35.8,30.985,7.7,1.773,71.165,84.375,20.5532,114.056,93.5027,18.8,110.8,92.0,0.895,54.4,48.4,17.7,24.1,32.6,72.4,25.4,37.7,17.709,1.5,1.996,18.502,80.64516,4.430399999999999,0.9330000000000069,-3.4976000000000056,6.399999999999999,2.299999999999997,-4.099999999999994,0.052999999999999936,1.8000000000000043,-6.5,3.1999999999999993,-3.900000000000002,0.5,-5.400000000000006,13.276,6.2,3.729839999999996,52.66300000000001,-0.2230000000000001,-8
2008,49,32,Wisconsin,2,3,72,Kansas St.,42,11,55,1,27.4107,113.619,86.2081,27.3,112.2,84.9,0.961,50.6,43.1,19.4,22.2,36.2,71.5,39.3,25.4,28.584,8.3,1.939,82.1,87.87879,18.8909,113.383,94.4917,20.6,112.8,92.2,0.91,49.7,48.0,20.8,22.5,42.1,69.2,37.4,37.4,31.318,1.0,1.161,40.016,63.33333,8.5198,0.2360000000000042,-8.283599999999993,6.699999999999999,-0.5999999999999943,-7.299999999999997,0.050999999999999934,0.8999999999999986,-4.899999999999999,-1.4000000000000021,-0.3000000000000007,-5.899999999999999,2.299999999999997,-2.7340000000000018,7.300000000000001,24.54546,42.083999999999996,0.778,-8
2008,51,32,Siena,20,13,72,Villanova,7,12,84,0,6.75339,108.144,101.391,6.4,106.4,100.0,0.671,50.4,51.9,15.2,24.0,31.8,63.1,34.9,25.0,13.952,-3.8,1.3,10.689,68.75,12.9811,108.903,95.9216,12.7,107.7,95.0,0.809,49.0,51.3,20.4,23.9,36.9,68.6,38.4,45.9,29.494,0.3,0.994,61.386,62.5,-6.22771,-0.7590000000000003,5.469400000000007,-6.299999999999999,-1.2999999999999972,5.0,-0.138,1.3999999999999986,0.6000000000000014,-5.199999999999999,0.10000000000000142,-5.099999999999998,-5.499999999999993,-15.542,-4.1,6.25,-50.697,0.30600000000000005,1
2008,53,32,UNLV,11,8,56,Kansas,43,1,75,0,13.6193,110.183,96.5636,14.3,108.2,93.9,0.836,48.8,46.1,15.8,21.6,29.4,67.6,32.7,32.4,20.716,2.2,1.999,18.883,78.125,33.9647,121.433,87.4681,35.4,121.0,85.6,0.982,56.3,44.8,18.7,22.9,38.0,71.0,37.5,30.8,30.29,9.9,2.047,89.633,90.90909,-20.345399999999998,-11.25,9.095499999999987,-21.099999999999998,-12.799999999999997,8.300000000000011,-0.14600000000000002,-7.5,1.3000000000000043,-2.8999999999999986,-1.2999999999999972,-8.600000000000001,-3.4000000000000057,-9.573999999999998,-7.7,-12.784090000000006,-70.75,-0.04800000000000004,7
2008,55,32,Tennessee,16,2,76,Butler,58,7,71,1,22.3372,117.787,95.4494,24.1,116.3,92.2,0.935,52.8,49.2,17.7,24.6,37.0,65.7,36.8,39.4,31.749,9.2,1.716,57.614,87.5,19.2975,116.138,96.8401,18.9,114.2,95.3,0.889,54.1,48.0,16.9,22.8,29.7,68.4,36.8,31.2,16.476,4.7,2.186,11.348,90.625,3.0397,1.649000000000001,-1.3907000000000096,5.200000000000003,2.0999999999999943,-3.0999999999999943,0.04600000000000004,-1.3000000000000043,1.2000000000000028,0.8000000000000007,1.8000000000000007,7.300000000000001,-2.700000000000003,15.273,4.499999999999999,-3.125,46.266,-0.47,-5
2008,57,32,Louisville,39,3,78,Oklahoma,29,6,48,1,23.198,111.828,88.6299,22.9,110.3,87.4,0.936,52.0,43.8,19.6,21.4,33.4,69.3,36.4,33.2,30.593,4.7,1.617,83.94,75.0,15.0751,109.474,94.3986,15.7,108.0,92.3,0.859,50.1,46.2,19.6,20.2,33.5,70.0,38.1,30.4,33.332,2.8,1.669,63.704,66.66667,8.1229,2.353999999999999,-5.7686999999999955,7.199999999999999,2.299999999999997,-4.8999999999999915,0.07700000000000007,1.8999999999999986,-2.4000000000000057,0.0,1.1999999999999993,-0.10000000000000142,-0.7000000000000028,-2.7390000000000008,1.9000000000000004,8.333330000000004,20.235999999999997,-0.052000000000000046,-3
2008,59,32,Washington St.,6,4,61,Notre Dame,30,5,41,1,23.9044,116.272,92.3676,22.5,114.2,91.7,0.926,54.4,47.7,17.2,22.2,28.1,69.9,39.8,28.8,31.951,4.9,2.39,24.685,75.0,19.1955,116.335,97.1396,20.3,115.6,95.3,0.902,52.8,46.9,18.2,17.6,36.6,69.0,34.8,22.8,28.578,4.4,1.735,80.171,77.41935,4.7089,-0.06299999999998818,-4.772000000000006,2.1999999999999993,-1.3999999999999915,-3.5999999999999943,0.02400000000000002,1.6000000000000014,0.8000000000000043,-1.0,4.599999999999998,-8.5,0.9000000000000057,3.373000000000001,0.5,-2.4193499999999943,-55.486000000000004,0.655,-1
2008,61,32,Arkansas,63,9,77,North Carolina,31,1,108,0,14.8678,109.701,94.8336,16.0,108.2,92.2,0.863,51.7,47.4,22.1,21.7,37.6,68.6,37.1,36.5,25.901,0.5,2.232,59.525,66.66667,28.1446,120.686,92.5415,28.4,120.2,91.8,0.957,52.4,48.0,19.0,21.2,42.4,71.3,39.1,25.5,31.561,11.9,1.595,90.906,94.11765,-13.2768,-10.985000000000014,2.292100000000005,-12.399999999999999,-12.0,0.4000000000000057,-0.09399999999999997,-0.6999999999999957,-0.6000000000000014,3.1000000000000014,0.5,-4.799999999999997,-2.700000000000003,-5.66,-11.4,-27.45098,-31.381000000000007,0.6370000000000002,8
2008,63,64,Belmont,60,15,70,Duke,49,2,71,0,2.57916,109.436,106.857,0.5,105.5,105.0,0.514,53.3,52.0,20.4,22.4,33.8,69.6,34.0,35.6,9.728,-3.5,1.738,12.009,75.0,27.6285,117.443,89.8149,28.4,117.2,88.8,0.961,54.1,47.6,18.2,24.9,34.3,66.5,40.4,32.0,34.065,8.9,1.23,95.074,84.375,-25.04934,-8.00699999999999,17.042100000000005,-27.9,-11.700000000000003,16.200000000000003,-0.44699999999999995,-0.8000000000000043,4.399999999999999,2.1999999999999993,-2.5,-0.5,3.0999999999999943,-24.336999999999996,-12.4,-9.375,-83.065,0.508,13
2008,65,64,Arizona,64,10,65,West Virginia,5,7,75,0,20.2271,116.577,96.3494,20.4,115.1,94.7,0.904,53.9,48.3,18.6,19.1,28.0,66.4,40.2,30.8,39.295,1.5,1.403,85.102,56.25,20.14,113.57,93.4302,20.9,113.1,92.2,0.913,51.6,47.7,16.3,23.3,34.1,68.6,37.1,38.9,29.445,2.6,1.679,46.742,69.69697,0.08709999999999951,3.007000000000005,2.9192000000000036,-0.5,2.0,2.5,-0.009000000000000008,2.299999999999997,0.5999999999999943,2.3000000000000007,-4.199999999999999,-6.100000000000001,-2.1999999999999886,9.850000000000001,-1.1,-13.446969999999993,38.36000000000001,-0.276,3
2008,67,64,Georgia,46,14,61,Xavier,1,3,73,0,7.89531,104.018,96.1227,8.2,102.6,94.4,0.723,47.7,48.1,21.8,19.2,37.5,68.1,32.8,32.7,28.873,-3.9,1.677,57.893,50.0,22.3453,116.413,94.068,22.9,115.2,92.3,0.928,55.0,46.8,20.3,20.0,36.5,70.5,41.7,31.5,23.372,4.7,2.038,13.33,81.81818,-14.449990000000001,-12.394999999999996,2.054699999999997,-14.7,-12.600000000000009,2.1000000000000085,-0.20500000000000007,-7.299999999999997,1.3000000000000043,1.5,-0.8000000000000007,1.0,-2.4000000000000057,5.501000000000001,-8.6,-31.818179999999998,44.563,-0.36099999999999977,11
2008,69,64,Baylor,61,11,79,Purdue,24,6,90,0,15.3717,115.389,100.017,16.4,114.6,98.2,0.855,52.1,48.0,17.2,19.5,31.8,67.4,36.1,39.9,29.784,1.5,1.742,52.034,66.66667,18.089,109.692,91.6027,18.5,108.7,90.2,0.895,49.0,48.9,19.4,26.6,32.8,69.0,37.6,42.4,28.915,3.8,0.848,66.368,75.0,-2.717299999999998,5.697000000000003,8.414299999999997,-2.1000000000000014,5.8999999999999915,8.0,-0.040000000000000036,3.1000000000000014,-0.8999999999999986,-2.1999999999999993,-7.100000000000001,-0.9999999999999964,-1.5999999999999943,0.8689999999999998,-2.3,-8.333330000000004,-14.333999999999996,0.894,5
2008,71,64,San Diego,21,13,70,Connecticut,54,4,69,1,4.53284,101.501,96.9684,3.9,98.6,94.7,0.614,49.3,48.9,21.5,22.7,32.2,69.9,36.0,33.5,20.325,-3.9,1.019,3.734,60.60606,19.1215,115.173,96.0511,20.0,114.4,94.4,0.901,50.8,44.0,19.4,17.4,39.3,65.7,48.6,23.8,29.747,4.3,1.417,85.537,75.0,-14.58866,-13.671999999999997,0.9172999999999973,-16.1,-15.800000000000011,0.29999999999999716,-0.28700000000000003,-1.5,4.899999999999999,2.1000000000000014,5.300000000000001,-7.099999999999994,4.200000000000003,-9.422,-8.2,-14.39394,-81.80300000000001,-0.39800000000000013,9
2008,73,64,Western Kentucky,4,12,101,Drake,50,5,99,1,14.0646,111.076,97.011,13.1,108.6,95.5,0.814,53.6,46.9,20.2,25.2,37.0,67.2,36.2,47.7,14.064,0.2,2.066,16.148,80.64516,22.3393,119.786,97.4463,21.7,118.0,96.3,0.912,52.8,49.8,18.1,24.0,36.6,67.1,34.3,23.7,21.783,5.2,2.241,2.519,86.66667,-8.274700000000001,-8.710000000000008,-0.435299999999998,-8.6,-9.400000000000006,-0.7999999999999972,-0.09800000000000009,0.8000000000000043,-2.8999999999999986,2.099999999999998,1.1999999999999993,0.3999999999999986,0.10000000000000853,-7.719000000000001,-5.0,-6.021509999999992,13.629,-0.17500000000000027,7
2008,75,64,Texas A&M,14,9,67,BYU,57,8,62,1,19.6026,112.029,92.4268,21.3,112.5,91.2,0.918,51.9,44.6,19.1,17.3,35.1,71.8,42.7,26.8,31.167,3.1,1.611,61.214,69.69697,16.0675,106.852,90.7846,15.6,104.9,89.3,0.864,53.3,42.8,19.7,19.1,30.8,73.8,37.6,30.3,21.025,2.5,1.659,34.988,79.41176,3.5351,5.1769999999999925,1.6422000000000025,5.700000000000001,7.599999999999994,1.9000000000000057,0.05400000000000005,-1.3999999999999986,1.8000000000000043,-0.5999999999999979,-1.8000000000000007,4.300000000000001,-2.0,10.142000000000003,0.6000000000000001,-9.714790000000008,26.226,-0.04800000000000004,1
2008,77,64,Mississippi Valley St.,33,16,29,UCLA,13,1,70,0,-14.9674,92.1127,107.08,-15.3,90.0,105.3,0.141,44.3,49.7,21.8,22.9,32.5,65.5,41.6,37.5,12.999,-10.0,2.49,0.2,50.0,30.5753,118.735,88.16,29.5,116.4,86.9,0.967,52.3,48.0,18.8,22.7,39.2,74.1,38.0,25.7,32.362,10.8,1.491,78.469,90.90909,-45.542699999999996,-26.622299999999996,18.92,-44.8,-26.400000000000006,18.39999999999999,-0.826,-8.0,1.7000000000000028,3.0,0.1999999999999993,-6.700000000000003,-8.599999999999994,-19.363,-20.8,-40.909090000000006,-78.26899999999999,0.9990000000000001,15
2008,79,64,Austin Peay,62,15,54,Texas,15,2,74,0,-0.1731,104.504,104.677,-1.0,102.5,103.5,0.472,52.3,54.1,18.5,24.5,29.9,67.7,44.6,32.7,9.97,-5.3,2.203,9.068,70.58824,24.8513,119.757,94.9061,25.8,120.0,94.2,0.942,51.4,46.1,14.1,18.5,36.1,66.3,32.6,29.7,34.791,8.4,1.229,81.767,81.81818,-25.0244,-15.253,9.770900000000012,-26.8,-17.5,9.299999999999997,-0.47,0.8999999999999986,8.0,4.4,6.0,-6.200000000000003,1.4000000000000057,-24.820999999999998,-13.7,-11.22994,-72.699,0.9739999999999998,13
2008,81,64,Saint Mary's,22,10,64,Miami FL,36,7,78,0,15.7105,110.005,94.2943,15.5,108.2,92.7,0.856,52.7,44.7,18.9,20.9,36.0,68.7,39.0,30.6,17.599,1.2,1.76,18.126,80.0,14.3957,112.167,97.7713,15.3,110.7,95.4,0.847,49.2,46.9,19.1,20.7,35.4,65.8,39.4,35.3,28.829,1.6,1.832,42.138,67.74194,1.3148,-2.162000000000006,-3.4769999999999897,0.1999999999999993,-2.5,-2.700000000000003,0.009000000000000008,3.5,-2.1999999999999957,-0.20000000000000284,0.1999999999999993,0.6000000000000014,2.9000000000000057,-11.23,-0.40000000000000013,12.25806,-24.011999999999997,-0.07200000000000006,3
2008,83,64,Cornell,52,14,53,Stanford,18,3,77,0,5.04434,110.651,105.607,3.8,107.5,103.7,0.602,56.1,48.6,20.0,20.6,28.9,69.1,34.2,35.2,10.553,-1.2,1.552,1.326,80.76923,23.9361,113.328,89.3924,22.9,111.5,88.6,0.934,49.8,44.0,18.9,18.1,39.2,71.2,40.4,34.0,33.063,6.7,1.859,64.912,78.78788,-18.891759999999998,-2.6770000000000067,16.214600000000004,-19.099999999999998,-4.0,15.100000000000009,-0.3320000000000001,6.300000000000004,4.600000000000001,1.1000000000000014,2.5,-10.300000000000004,-2.1000000000000085,-22.51,-7.9,1.981349999999992,-63.586000000000006,-0.30699999999999994,11
2008,85,64,Kentucky,40,11,66,Marquette,38,6,74,0,9.70175,106.849,97.1469,11.2,105.7,94.5,0.784,52.6,44.9,23.8,19.9,33.0,66.5,41.3,42.0,27.594,-1.1,1.464,77.136,60.0,21.8442,113.463,91.6188,23.1,113.0,89.9,0.933,50.7,45.9,19.0,24.3,38.0,66.4,37.9,40.9,31.819,3.8,1.839,55.941,71.875,-12.14245,-6.61399999999999,5.528100000000009,-11.900000000000002,-7.299999999999997,4.599999999999994,-0.14900000000000002,1.8999999999999986,-1.0,4.800000000000001,-4.400000000000002,-5.0,0.09999999999999432,-4.224999999999998,-4.9,-11.875,21.194999999999993,-0.375,5
2008,87,64,Oral Roberts,28,13,63,Pittsburgh,26,4,82,0,11.1323,104.822,93.6893,9.9,102.3,92.4,0.763,50.1,44.5,19.4,21.0,33.5,69.1,41.3,30.0,16.644,-0.9,2.475,1.838,74.19355,19.5116,116.407,96.8952,20.4,116.1,95.7,0.902,51.1,48.0,18.4,21.0,39.7,65.9,36.7,29.1,33.073,5.3,1.727,65.161,73.52941,-8.3793,-11.584999999999994,-3.2058999999999997,-10.499999999999998,-13.799999999999997,-3.299999999999997,-0.139,-1.0,-3.5,1.0,0.0,-6.200000000000003,3.1999999999999886,-16.429000000000002,-6.2,0.6641400000000033,-63.323,0.748,9
2008,89,64,Temple,17,12,61,Michigan St.,35,5,72,0,12.4365,112.696,100.26,11.8,110.6,98.8,0.785,54.5,49.0,19.1,19.3,28.5,67.7,35.3,31.7,22.398,-1.7,1.786,21.698,63.63636,20.8814,115.444,94.5625,21.5,114.0,92.5,0.917,52.5,46.1,21.2,19.3,39.8,68.6,34.1,32.2,31.132,5.1,1.61,87.079,75.75758,-8.444899999999999,-2.7480000000000047,5.697500000000005,-9.7,-3.4000000000000057,6.299999999999997,-0.132,2.0,2.8999999999999986,-2.099999999999998,0.0,-11.299999999999997,-0.8999999999999915,-8.734000000000002,-6.8,-12.121220000000001,-65.381,0.17599999999999993,7
2008,91,64,Oregon,27,9,69,Mississippi St.,34,8,76,0,16.6554,119.29,102.634,16.6,117.8,101.2,0.852,56.3,50.2,18.6,16.4,32.3,68.8,36.9,33.3,35.62,0.8,1.946,72.871,58.06452,15.8174,107.347,91.5296,15.8,106.3,90.5,0.864,52.3,42.4,21.9,18.2,35.2,67.4,38.3,27.3,23.951,0.6,1.332,69.445,68.75,0.838000000000001,11.943000000000012,11.104399999999998,0.8000000000000007,11.5,10.700000000000003,-0.01200000000000001,4.0,7.800000000000004,-3.299999999999997,-1.8000000000000007,-2.9000000000000057,1.3999999999999915,11.668999999999997,0.20000000000000007,-10.685479999999998,3.426000000000002,0.6139999999999999,1
2008,93,64,UT Arlington,9,16,63,Memphis,37,1,87,0,-1.99751,101.14,103.138,-2.1,99.1,101.2,0.44,52.5,47.1,24.1,20.8,31.8,69.5,41.5,37.9,9.423,-7.0,1.839,8.575,60.71429,29.3779,114.695,85.3169,29.5,113.3,83.8,0.97,53.0,42.5,17.2,23.3,37.8,70.7,38.6,32.7,20.888,8.9,1.605,82.995,97.05882,-31.37541,-13.554999999999993,17.8211,-31.6,-14.200000000000003,17.400000000000006,-0.53,-0.5,4.600000000000001,6.900000000000002,-2.5,-5.9999999999999964,-1.2000000000000028,-11.465000000000002,-15.9,-36.34453,-74.42,0.23399999999999999,15
2008,95,64,UMBC,12,15,47,Georgetown,47,2,66,0,4.10027,113.762,109.662,3.0,111.3,108.3,0.578,52.2,50.6,13.4,17.5,32.1,66.5,33.8,28.4,11.398,-3.0,2.201,10.4,74.19355,24.9836,114.989,90.0051,25.2,113.1,87.9,0.948,56.2,41.9,20.9,20.2,33.1,67.0,34.0,35.8,30.985,7.7,1.773,71.165,84.375,-20.88333,-1.2270000000000039,19.656900000000007,-22.2,-1.7999999999999972,20.39999999999999,-0.37,-4.0,8.700000000000003,-7.499999999999998,-2.6999999999999993,-1.0,-0.5,-19.587,-10.7,-10.181449999999998,-60.76500000000001,0.42800000000000016,13
2008,97,64,Davidson,51,10,82,Gonzaga,45,7,76,1,20.5532,114.056,93.5027,18.8,110.8,92.0,0.895,54.4,48.4,17.7,24.1,32.6,72.4,25.4,37.7,17.709,1.5,1.996,18.502,80.64516,19.3301,114.221,94.8911,19.5,112.1,92.6,0.9,54.3,45.3,20.5,21.7,34.5,70.4,40.2,31.9,21.566,2.1,1.584,73.8,78.125,1.2230999999999987,-0.16500000000000625,-1.38839999999999,-0.6999999999999993,-1.2999999999999972,-0.5999999999999943,-0.0050000000000000044,0.10000000000000142,3.1000000000000014,-2.8000000000000007,2.400000000000002,-1.8999999999999986,2.0,-3.8569999999999993,-0.6000000000000001,2.520160000000004,-55.298,0.4119999999999999,3
2008,99,64,Cal St. Fullerton,56,14,56,Wisconsin,2,3,71,0,8.87459,112.978,104.103,7.0,109.2,102.2,0.682,54.5,52.9,18.3,23.6,33.1,70.4,32.6,32.5,10.504,-3.2,2.639,11.126,74.19355,27.4107,113.619,86.2081,27.3,112.2,84.9,0.961,50.6,43.1,19.4,22.2,36.2,71.5,39.3,25.4,28.584,8.3,1.939,82.1,87.87879,-18.53611,-0.6410000000000053,17.894899999999993,-20.3,-3.0,17.299999999999997,-0.2789999999999999,3.8999999999999986,9.799999999999997,-1.0999999999999979,1.4000000000000021,-3.1000000000000014,-1.0999999999999943,-18.08,-11.5,-13.685239999999993,-70.97399999999999,0.6999999999999997,11
2008,101,64,Kansas St.,42,11,80,USC,10,6,67,1,18.8909,113.383,94.4917,20.6,112.8,92.2,0.91,49.7,48.0,20.8,22.5,42.1,69.2,37.4,37.4,31.318,1.0,1.161,40.016,63.33333,19.9654,110.663,90.6973,18.8,108.2,89.4,0.9,53.5,44.5,22.0,20.0,31.2,65.6,38.2,27.4,36.782,3.6,0.639,65.854,65.625,-1.0745000000000005,2.719999999999999,3.794399999999996,1.8000000000000007,4.599999999999994,2.799999999999997,0.010000000000000009,-3.799999999999997,3.5,-1.1999999999999993,2.5,10.900000000000002,3.6000000000000085,-5.463999999999995,-2.6,-2.2916700000000034,-25.838,0.522,5
2008,103,64,Siena,20,13,83,Vanderbilt,8,4,62,1,6.75339,108.144,101.391,6.4,106.4,100.0,0.671,50.4,51.9,15.2,24.0,31.8,63.1,34.9,25.0,13.952,-3.8,1.3,10.689,68.75,13.5159,112.598,99.0821,14.4,111.6,97.2,0.83,54.4,49.3,19.7,20.4,30.8,66.3,38.9,31.5,23.876,3.8,1.665,63.746,78.78788,-6.762510000000001,-4.4539999999999935,2.3089000000000084,-8.0,-5.199999999999989,2.799999999999997,-0.15899999999999992,-4.0,2.6000000000000014,-4.5,3.6000000000000014,1.0,-3.1999999999999957,-9.924000000000001,-7.6,-10.037880000000001,-53.057,-0.365,9
2008,105,64,Villanova,7,12,75,Clemson,55,5,69,1,12.9811,108.903,95.9216,12.7,107.7,95.0,0.809,49.0,51.3,20.4,23.9,36.9,68.6,38.4,45.9,29.494,0.3,0.994,61.386,62.5,22.3653,114.102,91.7372,23.1,113.6,90.5,0.932,52.0,47.8,20.4,24.6,40.2,63.3,30.4,33.1,32.707,4.4,1.663,48.799,71.875,-9.384200000000002,-5.198999999999998,4.184399999999997,-10.400000000000002,-5.8999999999999915,4.5,-0.123,-3.0,3.5,0.0,-0.7000000000000028,-3.3000000000000043,5.299999999999997,-3.213000000000001,-4.1000000000000005,-9.375,12.587000000000003,-0.669,7
2008,107,64,Kent St.,41,9,58,UNLV,11,8,71,0,13.8274,108.462,94.6345,12.6,106.8,94.2,0.809,52.9,46.2,21.6,24.2,36.0,64.1,41.6,38.5,17.688,2.3,1.917,13.77,82.35294,13.6193,110.183,96.5636,14.3,108.2,93.9,0.836,48.8,46.1,15.8,21.6,29.4,67.6,32.7,32.4,20.716,2.2,1.999,18.883,78.125,0.20809999999999995,-1.7210000000000036,-1.9290999999999912,-1.700000000000001,-1.4000000000000057,0.29999999999999716,-0.026999999999999913,4.100000000000001,0.10000000000000142,5.800000000000001,2.599999999999998,6.600000000000001,-3.5,-3.0280000000000022,0.09999999999999964,4.227940000000004,-5.1129999999999995,-0.08200000000000007,1
2008,109,64,Portland St.,25,16,61,Kansas,43,1,85,0,5.83665,108.411,102.574,3.5,105.3,101.8,0.596,54.7,50.0,20.7,21.5,34.0,68.7,38.2,35.3,13.96,-3.4,2.061,1.355,70.0,33.9647,121.433,87.4681,35.4,121.0,85.6,0.982,56.3,44.8,18.7,22.9,38.0,71.0,37.5,30.8,30.29,9.9,2.047,89.633,90.90909,-28.12805,-13.022000000000006,15.105899999999991,-31.9,-15.700000000000003,16.200000000000003,-0.386,-1.5999999999999943,5.200000000000003,2.0,-1.3999999999999986,-4.0,-2.299999999999997,-16.33,-13.3,-20.909090000000006,-88.27799999999999,0.01399999999999979,15
2008,111,64,American,65,15,57,Tennessee,16,2,72,0,1.686,108.308,106.622,0.5,105.0,104.5,0.514,52.5,47.5,22.1,19.7,32.3,69.8,42.1,38.0,11.469,-5.8,2.066,10.824,65.625,22.3372,117.787,95.4494,24.1,116.3,92.2,0.935,52.8,49.2,17.7,24.6,37.0,65.7,36.8,39.4,31.749,9.2,1.716,57.614,87.5,-20.6512,-9.479,11.172600000000003,-23.6,-11.299999999999997,12.299999999999997,-0.42100000000000004,-0.29999999999999716,-1.7000000000000028,4.400000000000002,-4.900000000000002,-4.700000000000003,4.099999999999994,-20.28,-15.0,-21.875,-46.79,0.34999999999999987,13
2008,113,64,South Alabama,19,10,61,Butler,58,7,81,0,12.6239,112.779,100.155,12.3,110.5,98.2,0.795,54.0,47.9,20.6,20.5,37.9,69.5,45.7,31.2,13.287,-0.3,2.249,21.566,80.0,19.2975,116.138,96.8401,18.9,114.2,95.3,0.889,54.1,48.0,16.9,22.8,29.7,68.4,36.8,31.2,16.476,4.7,2.186,11.348,90.625,-6.673599999999999,-3.359000000000009,3.3148999999999944,-6.599999999999998,-3.700000000000003,2.9000000000000057,-0.09399999999999997,-0.10000000000000142,-0.10000000000000142,3.700000000000003,-2.3000000000000007,8.2,1.0999999999999943,-3.1889999999999983,-5.0,-10.625,10.217999999999998,0.06300000000000017,3
2008,115,64,Boise St.,59,14,61,Louisville,39,3,79,0,4.12039,108.605,104.484,3.6,106.2,102.6,0.598,57.3,49.9,21.0,19.4,30.2,70.5,40.3,33.6,11.798,-2.4,2.32,1.289,75.0,23.198,111.828,88.6299,22.9,110.3,87.4,0.936,52.0,43.8,19.6,21.4,33.4,69.3,36.4,33.2,30.593,4.7,1.617,83.94,75.0,-19.07761,-3.222999999999999,15.854099999999988,-19.299999999999997,-4.099999999999994,15.199999999999989,-0.3380000000000001,5.299999999999997,6.100000000000001,1.3999999999999986,-2.0,-3.1999999999999993,1.2000000000000028,-18.795,-7.1,0.0,-82.651,0.7029999999999998,11
2008,117,64,Saint Joseph's,23,11,64,Oklahoma,29,6,72,0,14.5658,114.718,100.152,14.8,113.3,98.5,0.833,54.6,50.3,19.3,21.6,32.5,65.9,40.0,32.6,23.976,-1.2,1.974,34.745,63.63636,15.0751,109.474,94.3986,15.7,108.0,92.3,0.859,50.1,46.2,19.6,20.2,33.5,70.0,38.1,30.4,33.332,2.8,1.669,63.704,66.66667,-0.5093000000000014,5.244,5.753399999999999,-0.8999999999999986,5.299999999999997,6.200000000000003,-0.026000000000000023,4.5,4.099999999999994,-0.3000000000000007,1.4000000000000021,-1.0,-4.099999999999994,-9.356000000000002,-4.0,-3.030309999999993,-28.959000000000003,0.30499999999999994,5
2008,119,64,Winthrop,3,13,40,Washington St.,6,4,71,0,7.30673,99.6932,92.3864,7.3,98.1,90.8,0.709,50.0,46.1,20.0,23.4,33.8,71.0,36.3,33.8,15.705,-4.2,1.963,4.133,64.51613,23.9044,116.272,92.3676,22.5,114.2,91.7,0.926,54.4,47.7,17.2,22.2,28.1,69.9,39.8,28.8,31.951,4.9,2.39,24.685,75.0,-16.59767,-16.5788,0.018799999999998818,-15.2,-16.10000000000001,-0.9000000000000057,-0.21700000000000008,-4.399999999999999,-1.6000000000000014,2.8000000000000007,1.1999999999999993,5.699999999999996,1.0999999999999943,-16.246000000000002,-9.100000000000001,-10.483869999999996,-20.552,-0.42700000000000005,9
2008,121,64,George Mason,48,12,50,Notre Dame,30,5,68,0,10.2781,111.486,101.207,10.4,109.2,98.8,0.76,52.8,47.3,18.7,18.3,32.2,72.2,40.3,27.3,13.265,-3.6,1.976,13.842,69.69697,19.1955,116.335,97.1396,20.3,115.6,95.3,0.902,52.8,46.9,18.2,17.6,36.6,69.0,34.8,22.8,28.578,4.4,1.735,80.171,77.41935,-8.917399999999999,-4.8489999999999895,4.067399999999992,-9.9,-6.3999999999999915,3.5,-0.14200000000000002,0.0,0.3999999999999986,0.5,0.6999999999999993,-4.399999999999999,3.200000000000003,-15.312999999999999,-8.0,-7.722380000000001,-66.32900000000001,0.24099999999999988,7
2008,123,64,Arkansas,63,9,86,Indiana,44,8,72,1,14.8678,109.701,94.8336,16.0,108.2,92.2,0.863,51.7,47.4,22.1,21.7,37.6,68.6,37.1,36.5,25.901,0.5,2.232,59.525,66.66667,19.5064,114.362,94.8557,20.5,113.6,93.1,0.908,52.4,46.9,20.2,19.9,36.1,71.1,42.7,30.0,27.986,4.8,1.587,52.71,78.125,-4.6385999999999985,-4.661000000000001,-0.02209999999999468,-4.5,-5.3999999999999915,-0.8999999999999915,-0.04500000000000004,-0.6999999999999957,0.5,1.9000000000000021,1.8000000000000007,1.5,-2.5,-2.085000000000001,-4.3,-11.458330000000004,6.814999999999998,0.6450000000000002,1
2008,125,64,Mount St. Mary's,32,16,74,North Carolina,31,1,113,0,-1.04085,99.0167,100.058,-1.8,97.3,99.1,0.448,50.2,46.4,20.9,22.0,30.0,67.0,38.7,38.6,9.636,-9.5,1.448,7.293,56.25,28.1446,120.686,92.5415,28.4,120.2,91.8,0.957,52.4,48.0,19.0,21.2,42.4,71.3,39.1,25.5,31.561,11.9,1.595,90.906,94.11765,-29.18545,-21.669300000000007,7.516500000000008,-30.2,-22.900000000000006,7.299999999999997,-0.5089999999999999,-2.1999999999999957,-1.6000000000000014,1.8999999999999986,0.8000000000000007,-12.399999999999999,-4.299999999999997,-21.925,-21.4,-37.86765,-83.613,-0.14700000000000002,15
2009,127,2,North Carolina,95,1,89,Michigan St.,101,2,72,1,28.5574,122.645,94.0872,28.7,121.8,93.1,0.957,52.7,47.2,17.1,20.7,40.5,68.1,39.3,25.1,28.827,7.7,2.031,92.496,87.09677,22.7829,112.732,89.9494,22.2,112.0,89.8,0.927,50.1,47.6,21.1,20.8,40.9,73.9,41.8,35.4,32.393,7.4,1.56,86.671,81.25,5.7745,9.912999999999997,4.137799999999999,6.5,9.799999999999997,3.299999999999997,0.029999999999999916,2.6000000000000014,-0.3999999999999986,-4.0,-0.10000000000000142,-0.3999999999999986,-5.800000000000011,-3.565999999999999,0.2999999999999998,5.8467700000000065,5.824999999999989,0.4710000000000001,-1
2009,129,4,North Carolina,95,1,83,Villanova,72,3,69,1,28.5574,122.645,94.0872,28.7,121.8,93.1,0.957,52.7,47.2,17.1,20.7,40.5,68.1,39.3,25.1,28.827,7.7,2.031,92.496,87.09677,21.7081,113.638,91.9303,21.4,112.4,91.0,0.919,51.5,47.4,19.2,22.2,35.6,69.3,42.7,37.9,31.499,6.0,2.046,64.785,78.78788,6.8492999999999995,9.00699999999999,2.156899999999993,7.300000000000001,9.399999999999991,2.0999999999999943,0.03799999999999992,1.2000000000000028,-0.19999999999999574,-2.099999999999998,-1.5,4.899999999999999,-1.2000000000000028,-2.671999999999997,1.7000000000000002,8.308890000000005,27.711,-0.01499999999999968,-2
2009,131,4,Connecticut,116,1,73,Michigan St.,101,2,82,0,28.0401,114.597,86.5571,27.6,114.7,87.1,0.96,51.1,42.5,18.2,17.3,39.9,68.7,45.1,19.3,32.844,8.7,2.167,82.019,87.09677,22.7829,112.732,89.9494,22.2,112.0,89.8,0.927,50.1,47.6,21.1,20.8,40.9,73.9,41.8,35.4,32.393,7.4,1.56,86.671,81.25,5.257199999999997,1.8649999999999949,-3.3922999999999917,5.400000000000002,2.700000000000003,-2.700000000000003,0.03299999999999992,1.0,-5.100000000000001,-2.900000000000002,-3.5,-1.0,-5.200000000000003,0.4510000000000005,1.299999999999999,5.8467700000000065,-4.652000000000001,0.6069999999999998,-1
2009,133,8,Oklahoma,91,2,60,North Carolina,95,1,72,0,23.2882,117.928,94.6403,23.6,117.6,94.0,0.929,55.0,45.8,19.8,18.2,36.6,68.4,46.8,29.9,29.932,7.4,1.751,73.817,84.375,28.5574,122.645,94.0872,28.7,121.8,93.1,0.957,52.7,47.2,17.1,20.7,40.5,68.1,39.3,25.1,28.827,7.7,2.031,92.496,87.09677,-5.269200000000001,-4.716999999999999,0.5531000000000006,-5.099999999999998,-4.200000000000003,0.9000000000000057,-0.027999999999999914,2.299999999999997,-1.4000000000000057,2.6999999999999993,-2.5,-3.8999999999999986,0.30000000000001137,1.1049999999999969,-0.2999999999999998,-2.7217700000000065,-18.679000000000002,-0.28000000000000025,1
2009,135,8,Villanova,72,3,78,Pittsburgh,89,1,76,1,21.7081,113.638,91.9303,21.4,112.4,91.0,0.919,51.5,47.4,19.2,22.2,35.6,69.3,42.7,37.9,31.499,6.0,2.046,64.785,78.78788,29.4777,121.48,92.002,29.4,121.0,91.6,0.961,53.4,47.0,18.0,19.7,43.0,70.6,31.9,30.6,32.564,8.6,1.955,58.631,87.09677,-7.769599999999997,-7.841999999999999,-0.07169999999999277,-8.0,-8.599999999999994,-0.5999999999999943,-0.041999999999999926,-1.8999999999999986,0.3999999999999986,1.1999999999999993,2.5,-7.399999999999999,-1.2999999999999972,-1.0650000000000013,-2.5999999999999996,-8.308890000000005,6.153999999999996,0.09099999999999975,2
2009,137,8,Missouri,98,3,75,Connecticut,116,1,82,0,23.484,114.53,91.046,24.3,114.5,90.2,0.94,52.8,46.2,17.0,26.0,35.0,65.8,36.6,39.3,27.671,6.1,1.814,42.029,82.35294,28.0401,114.597,86.5571,27.6,114.7,87.1,0.96,51.1,42.5,18.2,17.3,39.9,68.7,45.1,19.3,32.844,8.7,2.167,82.019,87.09677,-4.556099999999997,-0.06699999999999307,4.488900000000001,-3.3000000000000007,-0.20000000000000284,3.1000000000000085,-0.020000000000000018,1.6999999999999957,3.700000000000003,-1.1999999999999993,8.7,-4.899999999999999,-2.9000000000000057,-5.173000000000002,-2.5999999999999996,-4.743830000000003,-39.99,-0.35299999999999976,2
2009,139,8,Michigan St.,101,2,64,Louisville,107,1,52,1,22.7829,112.732,89.9494,22.2,112.0,89.8,0.927,50.1,47.6,21.1,20.8,40.9,73.9,41.8,35.4,32.393,7.4,1.56,86.671,81.25,25.3676,109.217,83.849,25.3,109.9,84.6,0.953,51.9,44.0,19.7,23.6,34.7,68.2,32.2,31.4,31.05,8.0,1.718,81.722,84.84848,-2.584699999999998,3.5150000000000006,6.100399999999993,-3.1000000000000014,2.0999999999999943,5.200000000000003,-0.025999999999999912,-1.7999999999999972,3.6000000000000014,1.4000000000000021,-2.8000000000000007,6.199999999999996,5.700000000000003,1.343,-0.5999999999999996,-3.598479999999995,4.949000000000012,-0.15799999999999992,1
2009,141,16,Oklahoma,91,2,84,Syracuse,82,3,71,1,23.2882,117.928,94.6403,23.6,117.6,94.0,0.929,55.0,45.8,19.8,18.2,36.6,68.4,46.8,29.9,29.932,7.4,1.751,73.817,84.375,21.693,116.963,95.2698,22.2,115.7,93.5,0.921,54.4,46.8,20.5,19.4,36.1,64.1,40.2,26.1,35.819,5.9,1.642,72.695,73.52941,1.5951999999999984,0.9650000000000034,-0.6295000000000073,1.4000000000000021,1.8999999999999915,0.5,0.008000000000000007,0.6000000000000014,-1.0,-0.6999999999999993,-1.1999999999999993,0.5,4.300000000000011,-5.887000000000004,1.5,10.845590000000001,1.1219999999999999,0.10899999999999999,-1
2009,143,16,Gonzaga,110,4,77,North Carolina,95,1,98,0,25.9534,116.862,90.9086,25.7,114.6,88.9,0.949,55.1,42.8,16.5,22.1,31.4,69.5,34.6,29.3,24.529,4.4,2.076,79.37,83.33333,28.5574,122.645,94.0872,28.7,121.8,93.1,0.957,52.7,47.2,17.1,20.7,40.5,68.1,39.3,25.1,28.827,7.7,2.031,92.496,87.09677,-2.6040000000000028,-5.783000000000001,-3.1785999999999888,-3.0,-7.200000000000003,-4.199999999999989,-0.008000000000000007,2.3999999999999986,-4.400000000000006,-0.6000000000000014,1.4000000000000021,-9.100000000000001,1.4000000000000057,-4.298000000000002,-3.3,-3.763440000000003,-13.12599999999999,0.04499999999999993,3
2009,145,16,Duke,113,2,54,Villanova,72,3,77,0,25.3284,117.869,92.541,26.2,116.7,90.5,0.949,50.9,47.4,17.7,23.6,37.7,66.8,41.1,30.9,31.839,7.8,1.702,93.797,82.35294,21.7081,113.638,91.9303,21.4,112.4,91.0,0.919,51.5,47.4,19.2,22.2,35.6,69.3,42.7,37.9,31.499,6.0,2.046,64.785,78.78788,3.6202999999999967,4.2309999999999945,0.6106999999999942,4.800000000000001,4.299999999999997,-0.5,0.029999999999999916,-0.6000000000000014,0.0,-1.5,1.4000000000000021,2.1000000000000014,-2.5,0.33999999999999986,1.7999999999999998,3.5650600000000026,29.012,-0.34399999999999986,-1
2009,147,16,Xavier,66,4,55,Pittsburgh,89,1,60,0,19.0951,111.158,92.0625,18.9,109.5,90.6,0.898,52.7,44.1,21.5,18.2,37.2,72.1,46.5,33.4,23.091,2.8,1.591,31.11,78.125,29.4777,121.48,92.002,29.4,121.0,91.6,0.961,53.4,47.0,18.0,19.7,43.0,70.6,31.9,30.6,32.564,8.6,1.955,58.631,87.09677,-10.3826,-10.322000000000003,0.06050000000000466,-10.5,-11.5,-1.0,-0.06299999999999994,-0.6999999999999957,-2.8999999999999986,3.5,-1.5,-5.799999999999997,1.5,-9.472999999999999,-5.8,-8.971770000000006,-27.521,-0.3640000000000001,3
2009,149,16,Memphis,103,2,91,Missouri,98,3,102,0,29.4398,110.759,81.3187,27.6,109.4,81.8,0.966,49.3,40.4,18.2,23.0,38.2,69.7,39.7,34.3,22.225,6.9,1.813,77.707,91.17647,23.484,114.53,91.046,24.3,114.5,90.2,0.94,52.8,46.2,17.0,26.0,35.0,65.8,36.6,39.3,27.671,6.1,1.814,42.029,82.35294,5.9558,-3.771000000000001,-9.7273,3.3000000000000007,-5.099999999999994,-8.400000000000006,0.026000000000000023,-3.5,-5.800000000000004,1.1999999999999993,-3.0,3.200000000000003,3.9000000000000057,-5.445999999999998,0.8000000000000007,8.823529999999991,35.67799999999999,-0.001000000000000112,-1
2009,151,16,Purdue,87,5,60,Connecticut,116,1,72,0,21.9637,110.175,88.2115,21.8,108.9,87.1,0.929,50.7,43.9,17.6,22.8,29.4,68.6,33.4,31.0,29.523,3.9,1.506,71.088,73.52941,28.0401,114.597,86.5571,27.6,114.7,87.1,0.96,51.1,42.5,18.2,17.3,39.9,68.7,45.1,19.3,32.844,8.7,2.167,82.019,87.09677,-6.0764,-4.421999999999997,1.6543999999999954,-5.800000000000001,-5.799999999999997,0.0,-0.030999999999999917,-0.3999999999999986,1.3999999999999986,-0.5999999999999979,5.5,-10.5,-0.10000000000000853,-3.3210000000000015,-4.799999999999999,-13.567360000000008,-10.931000000000012,-0.6609999999999998,4
2009,153,16,Michigan St.,101,2,67,Kansas,108,3,62,1,22.7829,112.732,89.9494,22.2,112.0,89.8,0.927,50.1,47.6,21.1,20.8,40.9,73.9,41.8,35.4,32.393,7.4,1.56,86.671,81.25,23.1309,114.807,91.6765,23.8,114.4,90.6,0.936,53.6,44.6,20.9,19.7,37.0,70.9,40.2,36.6,30.532,5.4,0.883,78.001,78.125,-0.347999999999999,-2.075000000000003,-1.7271000000000072,-1.6000000000000014,-2.4000000000000057,-0.7999999999999972,-0.009000000000000008,-3.5,3.0,0.20000000000000284,1.1000000000000014,3.8999999999999986,3.0,1.8610000000000007,2.0,3.125,8.670000000000002,0.677,-1
2009,155,16,Arizona,127,12,64,Louisville,107,1,103,0,16.0133,117.23,101.217,16.5,116.3,99.8,0.853,53.2,50.8,19.4,18.3,36.1,65.9,37.0,25.5,33.867,0.8,1.402,80.614,59.375,25.3676,109.217,83.849,25.3,109.9,84.6,0.953,51.9,44.0,19.7,23.6,34.7,68.2,32.2,31.4,31.05,8.0,1.718,81.722,84.84848,-9.354299999999999,8.013000000000005,17.367999999999995,-8.8,6.3999999999999915,15.200000000000003,-0.09999999999999998,1.3000000000000043,6.799999999999997,-0.3000000000000007,-5.300000000000001,1.3999999999999986,-2.299999999999997,2.8169999999999966,-7.2,-25.473479999999995,-1.1079999999999899,-0.31600000000000006,11
2009,157,32,Oklahoma,91,2,73,Michigan,102,10,63,1,23.2882,117.928,94.6403,23.6,117.6,94.0,0.929,55.0,45.8,19.8,18.2,36.6,68.4,46.8,29.9,29.932,7.4,1.751,73.817,84.375,14.4984,112.016,97.5173,14.7,110.5,95.8,0.838,50.3,49.3,17.7,21.5,28.4,67.6,28.6,29.5,34.356,0.9,1.268,59.63,59.375,8.7898,5.911999999999992,-2.8770000000000095,8.900000000000002,7.099999999999994,-1.7999999999999972,0.09100000000000008,4.700000000000003,-3.5,2.1000000000000014,-3.3000000000000007,8.200000000000003,0.8000000000000114,-4.424000000000003,6.5,25.0,14.18699999999999,0.4829999999999999,-8
2009,159,32,Syracuse,82,3,78,Arizona St.,126,6,67,1,21.693,116.963,95.2698,22.2,115.7,93.5,0.921,54.4,46.8,20.5,19.4,36.1,64.1,40.2,26.1,35.819,5.9,1.642,72.695,73.52941,23.4381,117.682,94.244,24.3,117.2,92.9,0.935,56.3,46.6,18.7,19.7,29.9,69.7,38.0,30.4,32.67,4.8,1.569,46.257,72.72727,-1.7450999999999972,-0.7190000000000083,1.0258000000000038,-2.1000000000000014,-1.5,0.5999999999999943,-0.014000000000000012,-1.8999999999999986,0.19999999999999574,1.8000000000000007,-0.3000000000000007,6.200000000000003,-5.6000000000000085,3.149000000000001,1.1000000000000005,0.8021399999999943,26.437999999999995,0.07299999999999995,-3
2009,161,32,Gonzaga,110,4,83,Western Kentucky,68,12,81,1,25.9534,116.862,90.9086,25.7,114.6,88.9,0.949,55.1,42.8,16.5,22.1,31.4,69.5,34.6,29.3,24.529,4.4,2.076,79.37,83.33333,7.03093,109.869,102.838,5.9,108.1,102.2,0.656,51.9,49.1,20.2,20.0,37.5,68.6,34.0,32.0,13.931,-2.1,1.82,8.322,74.19355,18.922469999999997,6.992999999999995,-11.929399999999987,19.799999999999997,6.5,-13.299999999999997,0.2929999999999999,3.200000000000003,-6.300000000000004,-3.6999999999999993,2.1000000000000014,-6.100000000000001,0.9000000000000057,10.598,6.5,9.139780000000002,71.048,0.256,-8
2009,163,32,LSU,106,8,70,North Carolina,95,1,84,0,14.7097,110.576,95.8662,15.4,110.6,95.2,0.849,49.6,45.0,17.6,19.2,37.6,69.6,36.1,34.9,21.393,2.4,2.24,44.729,78.78788,28.5574,122.645,94.0872,28.7,121.8,93.1,0.957,52.7,47.2,17.1,20.7,40.5,68.1,39.3,25.1,28.827,7.7,2.031,92.496,87.09677,-13.847700000000001,-12.069000000000003,1.7790000000000106,-13.299999999999999,-11.200000000000003,2.1000000000000085,-0.10799999999999998,-3.1000000000000014,-2.200000000000003,0.5,-1.5,-2.8999999999999986,1.5,-7.434000000000001,-5.300000000000001,-8.308890000000005,-47.766999999999996,0.20900000000000007,7
2009,165,32,Duke,113,2,74,Texas,79,7,69,1,25.3284,117.869,92.541,26.2,116.7,90.5,0.949,50.9,47.4,17.7,23.6,37.7,66.8,41.1,30.9,31.839,7.8,1.702,93.797,82.35294,18.5075,110.7,92.1925,19.0,109.8,90.8,0.899,48.1,45.9,18.4,20.2,39.2,67.1,38.5,36.3,32.491,2.6,1.873,72.157,66.66667,6.820899999999998,7.168999999999997,0.34850000000000136,7.199999999999999,6.900000000000006,-0.29999999999999716,0.04999999999999993,2.799999999999997,1.5,-0.6999999999999993,3.400000000000002,-1.5,-0.29999999999999716,-0.652000000000001,5.199999999999999,15.686270000000007,21.64,-0.17100000000000004,-5
2009,167,32,Villanova,72,3,89,UCLA,77,6,69,1,21.7081,113.638,91.9303,21.4,112.4,91.0,0.919,51.5,47.4,19.2,22.2,35.6,69.3,42.7,37.9,31.499,6.0,2.046,64.785,78.78788,25.1136,119.973,94.8599,26.6,119.9,93.3,0.947,56.0,49.8,18.8,24.3,37.0,69.0,30.3,34.9,29.438,4.5,1.838,79.037,75.75758,-3.4055,-6.334999999999994,-2.9295999999999935,-5.200000000000003,-7.5,-2.299999999999997,-0.027999999999999914,-4.5,-2.3999999999999986,0.3999999999999986,-2.1000000000000014,-1.3999999999999986,0.29999999999999716,2.061,1.5,3.030299999999997,-14.25200000000001,0.20799999999999974,-3
2009,169,32,Xavier,66,4,60,Wisconsin,67,12,49,1,19.0951,111.158,92.0625,18.9,109.5,90.6,0.898,52.7,44.1,21.5,18.2,37.2,72.1,46.5,33.4,23.091,2.8,1.591,31.11,78.125,17.9651,113.854,95.8886,17.9,112.7,94.8,0.88,50.6,49.1,16.9,19.2,32.3,73.9,35.2,33.3,31.289,0.3,1.897,78.997,61.29032,1.129999999999999,-2.695999999999998,-3.8260999999999967,1.0,-3.200000000000003,-4.200000000000003,0.018000000000000016,2.1000000000000014,-5.0,4.600000000000001,-1.0,4.900000000000006,-1.8000000000000114,-8.198,2.5,16.83468,-47.887,-0.30600000000000005,-8
2009,171,32,Oklahoma St.,90,8,76,Pittsburgh,89,1,84,0,17.7655,115.065,97.2997,18.6,114.9,96.3,0.884,53.6,49.9,17.0,20.9,28.4,69.5,40.3,41.3,33.197,2.7,1.766,70.135,66.66667,29.4777,121.48,92.002,29.4,121.0,91.6,0.961,53.4,47.0,18.0,19.7,43.0,70.6,31.9,30.6,32.564,8.6,1.955,58.631,87.09677,-11.7122,-6.415000000000006,5.297700000000006,-10.799999999999997,-6.099999999999994,4.700000000000003,-0.07699999999999996,0.20000000000000284,2.8999999999999986,-1.0,1.1999999999999993,-14.600000000000001,-1.0999999999999943,0.6330000000000027,-5.8999999999999995,-20.43010000000001,11.504000000000005,-0.18900000000000006,7
2009,173,32,Memphis,103,2,89,Maryland,104,10,70,1,29.4398,110.759,81.3187,27.6,109.4,81.8,0.966,49.3,40.4,18.2,23.0,38.2,69.7,39.7,34.3,22.225,6.9,1.813,77.707,91.17647,13.2883,108.705,95.4167,13.3,107.4,94.1,0.821,46.8,47.5,17.9,22.5,35.0,63.1,27.7,29.8,31.613,0.1,1.577,71.963,60.60606,16.151500000000002,2.054000000000002,-14.097999999999999,14.3,2.0,-12.299999999999997,0.14500000000000002,2.5,-7.100000000000001,0.3000000000000007,0.5,3.200000000000003,6.600000000000001,-9.387999999999998,6.800000000000001,30.570409999999995,5.744,0.236,-8
2009,175,32,Missouri,98,3,83,Marquette,105,6,79,1,23.484,114.53,91.046,24.3,114.5,90.2,0.94,52.8,46.2,17.0,26.0,35.0,65.8,36.6,39.3,27.671,6.1,1.814,42.029,82.35294,20.9824,117.058,96.076,21.6,116.4,94.8,0.914,51.7,50.9,16.7,22.1,34.7,69.2,45.0,30.5,29.86,3.4,2.408,52.618,72.72727,2.5016000000000034,-2.528000000000006,-5.029999999999987,2.6999999999999993,-1.9000000000000057,-4.599999999999994,0.025999999999999912,1.0999999999999943,-4.699999999999996,0.3000000000000007,3.8999999999999986,0.29999999999999716,-3.4000000000000057,-2.189,2.6999999999999997,9.62567,-10.588999999999999,-0.5939999999999999,-3
2009,177,32,Washington,70,4,74,Purdue,87,5,76,0,21.9358,112.741,90.8054,21.4,111.5,90.1,0.921,49.1,47.1,20.2,20.2,41.9,69.3,45.2,33.2,31.603,5.0,1.453,81.01,75.0,21.9637,110.175,88.2115,21.8,108.9,87.1,0.929,50.7,43.9,17.6,22.8,29.4,68.6,33.4,31.0,29.523,3.9,1.506,71.088,73.52941,-0.027899999999998926,2.5660000000000025,2.593900000000005,-0.40000000000000213,2.5999999999999943,3.0,-0.008000000000000007,-1.6000000000000014,3.200000000000003,2.599999999999998,-2.6000000000000014,12.5,0.7000000000000028,2.080000000000002,1.1,1.4705900000000014,9.922000000000011,-0.052999999999999936,-1
2009,179,32,Texas A&M,78,9,66,Connecticut,116,1,92,0,14.3716,112.024,97.6525,14.4,110.6,96.2,0.833,50.2,48.5,19.4,18.6,36.6,70.3,47.6,29.5,27.139,1.9,1.701,64.074,70.96774,28.0401,114.597,86.5571,27.6,114.7,87.1,0.96,51.1,42.5,18.2,17.3,39.9,68.7,45.1,19.3,32.844,8.7,2.167,82.019,87.09677,-13.668499999999998,-2.5729999999999933,11.095399999999998,-13.200000000000001,-4.1000000000000085,9.100000000000009,-0.127,-0.8999999999999986,6.0,1.1999999999999993,1.3000000000000007,-3.299999999999997,1.5999999999999943,-5.705000000000002,-6.799999999999999,-16.12903,-17.945000000000007,-0.46599999999999975,8
2009,181,32,Michigan St.,101,2,74,USC,76,10,69,1,22.7829,112.732,89.9494,22.2,112.0,89.8,0.927,50.1,47.6,21.1,20.8,40.9,73.9,41.8,35.4,32.393,7.4,1.56,86.671,81.25,17.6587,109.428,91.7696,17.8,107.9,90.1,0.888,51.0,46.5,21.4,19.7,37.4,69.3,42.2,32.1,35.137,2.5,1.457,70.272,63.63636,5.124200000000002,3.304000000000002,-1.8201999999999998,4.399999999999999,4.099999999999994,-0.29999999999999716,0.039000000000000035,-0.8999999999999986,1.1000000000000014,-0.29999999999999716,1.1000000000000014,3.5,4.6000000000000085,-2.7439999999999998,4.9,17.613639999999997,16.399,0.10299999999999998,-8
2009,183,32,Kansas,108,3,60,Dayton,114,11,43,1,23.1309,114.807,91.6765,23.8,114.4,90.6,0.936,53.6,44.6,20.9,19.7,37.0,70.9,40.2,36.6,30.532,5.4,0.883,78.001,78.125,9.41849,103.115,93.6967,9.6,101.2,91.6,0.759,47.7,45.7,20.8,22.3,38.0,70.3,39.1,36.4,18.192,1.1,1.557,49.618,78.78788,13.71241,11.692000000000007,-2.0202000000000027,14.200000000000001,13.200000000000003,-1.0,0.17700000000000005,5.899999999999999,-1.1000000000000014,0.09999999999999787,-2.6000000000000014,-1.0,0.6000000000000085,12.34,4.300000000000001,-0.6628800000000012,28.383000000000003,-0.6739999999999999,-8
2009,185,32,Cleveland St.,117,13,57,Arizona,127,12,71,0,11.7042,104.438,92.7341,10.5,102.1,91.6,0.777,46.9,45.9,19.3,24.5,33.5,66.1,37.1,37.1,20.688,-1.4,1.997,14.271,68.75,16.0133,117.23,101.217,16.5,116.3,99.8,0.853,53.2,50.8,19.4,18.3,36.1,65.9,37.0,25.5,33.867,0.8,1.402,80.614,59.375,-4.309100000000001,-12.792000000000002,-8.4829,-6.0,-14.200000000000003,-8.200000000000003,-0.07599999999999996,-6.300000000000004,-4.899999999999999,-0.09999999999999787,6.199999999999999,-2.6000000000000014,0.19999999999998863,-13.178999999999998,-2.2,9.375,-66.343,0.5950000000000002,1
2009,187,32,Siena,84,9,72,Louisville,107,1,79,0,11.6737,110.158,98.4844,11.4,108.9,97.5,0.781,51.6,49.1,18.1,23.3,33.9,65.2,36.3,24.1,16.254,0.1,1.782,12.159,78.78788,25.3676,109.217,83.849,25.3,109.9,84.6,0.953,51.9,44.0,19.7,23.6,34.7,68.2,32.2,31.4,31.05,8.0,1.718,81.722,84.84848,-13.6939,0.9410000000000025,14.63539999999999,-13.9,-1.0,12.900000000000006,-0.17199999999999993,-0.29999999999999716,5.100000000000001,-1.5999999999999979,-0.3000000000000007,-0.8000000000000043,-3.0,-14.796,-7.9,-6.060599999999994,-69.56299999999999,0.06400000000000006,8
2009,189,64,Morgan St.,96,15,54,Oklahoma,91,2,82,0,1.41474,99.986,98.5712,0.2,98.2,98.0,0.506,47.0,44.2,19.8,22.8,38.6,67.0,34.0,41.0,12.038,-5.8,1.879,0.2,66.66667,23.2882,117.928,94.6403,23.6,117.6,94.0,0.929,55.0,45.8,19.8,18.2,36.6,68.4,46.8,29.9,29.932,7.4,1.751,73.817,84.375,-21.87346,-17.941999999999993,3.9309000000000083,-23.400000000000002,-19.39999999999999,4.0,-0.42300000000000004,-8.0,-1.5999999999999943,0.0,4.600000000000001,2.0,-1.4000000000000057,-17.894,-13.2,-17.708330000000004,-73.61699999999999,0.1280000000000001,13
2009,191,64,Michigan,102,10,62,Clemson,118,7,59,1,14.4984,112.016,97.5173,14.7,110.5,95.8,0.838,50.3,49.3,17.7,21.5,28.4,67.6,28.6,29.5,34.356,0.9,1.268,59.63,59.375,20.2938,116.758,96.4646,20.9,115.8,94.9,0.908,53.3,48.2,20.3,24.4,39.6,62.6,31.8,32.6,26.706,2.7,1.616,56.969,74.19355,-5.795400000000001,-4.74199999999999,1.0527000000000015,-6.199999999999999,-5.299999999999997,0.8999999999999915,-0.07000000000000006,-3.0,1.0999999999999943,-2.6000000000000014,-2.8999999999999986,-11.200000000000003,4.999999999999993,7.650000000000002,-1.8000000000000003,-14.818550000000002,2.6610000000000014,-0.3480000000000001,3
2009,193,64,Stephen F. Austin,83,14,44,Syracuse,82,3,59,0,6.73718,97.6543,90.9171,5.9,95.8,89.9,0.675,48.4,42.6,18.2,21.6,26.5,72.0,29.8,39.0,11.765,-2.5,2.292,0.216,74.07407,21.693,116.963,95.2698,22.2,115.7,93.5,0.921,54.4,46.8,20.5,19.4,36.1,64.1,40.2,26.1,35.819,5.9,1.642,72.695,73.52941,-14.955820000000001,-19.308699999999988,-4.352699999999999,-16.299999999999997,-19.900000000000006,-3.5999999999999943,-0.246,-6.0,-4.199999999999996,-2.3000000000000007,2.200000000000003,-9.600000000000001,7.900000000000006,-24.054000000000002,-8.4,0.5446600000000075,-72.479,0.6499999999999999,11
2009,195,64,Temple,81,11,57,Arizona St.,126,6,66,0,14.3226,109.311,94.9885,13.5,107.5,94.0,0.824,51.3,46.0,19.3,18.1,32.7,70.2,28.5,29.8,24.383,-0.5,1.977,26.439,66.66667,23.4381,117.682,94.244,24.3,117.2,92.9,0.935,56.3,46.6,18.7,19.7,29.9,69.7,38.0,30.4,32.67,4.8,1.569,46.257,72.72727,-9.115499999999999,-8.370999999999995,0.7445000000000022,-10.8,-9.700000000000003,1.0999999999999943,-0.1110000000000001,-5.0,-0.6000000000000014,0.6000000000000014,-1.5999999999999979,2.8000000000000043,0.5,-8.287000000000003,-5.3,-6.060600000000008,-19.817999999999998,0.40800000000000014,5
2009,197,64,Akron,130,13,64,Gonzaga,110,4,77,0,6.9826,102.057,95.0743,7.1,101.1,94.0,0.698,48.2,45.2,20.9,26.8,34.5,63.7,36.4,45.0,14.565,-5.4,1.461,1.37,64.70588,25.9534,116.862,90.9086,25.7,114.6,88.9,0.949,55.1,42.8,16.5,22.1,31.4,69.5,34.6,29.3,24.529,4.4,2.076,79.37,83.33333,-18.970799999999997,-14.804999999999993,4.165699999999987,-18.6,-13.5,5.099999999999994,-0.251,-6.899999999999999,2.4000000000000057,4.399999999999999,4.699999999999999,3.1000000000000014,-5.799999999999997,-9.964,-9.8,-18.62745000000001,-78.0,-0.615,9
2009,199,64,Western Kentucky,68,12,76,Illinois,109,5,72,1,7.03093,109.869,102.838,5.9,108.1,102.2,0.656,51.9,49.1,20.2,20.0,37.5,68.6,34.0,32.0,13.931,-2.1,1.82,8.322,74.19355,19.0963,106.425,87.3285,19.0,106.3,87.3,0.906,51.0,43.8,19.5,21.7,30.7,67.2,22.9,26.3,30.507,3.8,1.841,52.338,72.72727,-12.06537,3.4440000000000026,15.509499999999989,-13.1,1.7999999999999972,14.900000000000006,-0.25,0.8999999999999986,5.300000000000004,0.6999999999999993,-1.6999999999999993,6.800000000000001,1.3999999999999915,-16.576,-5.9,1.4662799999999976,-44.016000000000005,-0.020999999999999908,7
2009,201,64,Butler,123,9,71,LSU,106,8,75,0,16.1506,109.777,93.6264,15.3,108.6,93.3,0.852,51.7,44.3,20.0,20.8,32.3,70.4,43.3,33.8,18.098,2.4,0.713,30.264,83.33333,14.7097,110.576,95.8662,15.4,110.6,95.2,0.849,49.6,45.0,17.6,19.2,37.6,69.6,36.1,34.9,21.393,2.4,2.24,44.729,78.78788,1.440900000000001,-0.7989999999999924,-2.2398000000000025,-0.09999999999999964,-2.0,-1.9000000000000057,0.0030000000000000027,2.1000000000000014,-0.7000000000000028,2.3999999999999986,1.6000000000000014,-5.300000000000004,0.8000000000000114,-3.2950000000000017,0.0,4.545450000000002,-14.465,-1.5270000000000001,1
2009,203,64,Radford,86,16,58,North Carolina,95,1,101,0,-0.46529,101.326,101.791,-1.6,99.6,101.2,0.454,50.7,46.8,22.6,17.0,35.4,71.4,44.0,30.2,11.592,-6.6,2.195,0.657,62.06897,28.5574,122.645,94.0872,28.7,121.8,93.1,0.957,52.7,47.2,17.1,20.7,40.5,68.1,39.3,25.1,28.827,7.7,2.031,92.496,87.09677,-29.02269,-21.319000000000003,7.703800000000001,-30.3,-22.200000000000003,8.100000000000009,-0.5029999999999999,-2.0,-0.4000000000000057,5.5,-3.6999999999999993,-5.100000000000001,3.3000000000000114,-17.235,-14.3,-25.027800000000006,-91.839,0.1639999999999997,15
2009,205,64,Binghamton,125,15,62,Duke,113,2,86,0,-0.87142,101.747,102.618,-1.1,100.8,101.9,0.469,49.0,46.3,19.5,21.6,31.9,65.1,41.8,41.5,8.089,-4.5,1.92,1.026,73.33333,25.3284,117.869,92.541,26.2,116.7,90.5,0.949,50.9,47.4,17.7,23.6,37.7,66.8,41.1,30.9,31.839,7.8,1.702,93.797,82.35294,-26.19982,-16.122,10.076999999999998,-27.3,-15.900000000000006,11.400000000000006,-0.48,-1.8999999999999986,-1.1000000000000014,1.8000000000000007,-2.0,-5.800000000000004,-1.7000000000000028,-23.75,-12.3,-9.01961,-92.771,0.21799999999999997,13
2009,207,64,Minnesota,100,10,62,Texas,79,7,76,0,15.7592,107.586,91.8263,15.2,106.3,91.1,0.855,49.7,46.7,22.5,23.4,36.3,66.3,34.5,36.2,29.811,1.8,1.224,46.808,67.74194,18.5075,110.7,92.1925,19.0,109.8,90.8,0.899,48.1,45.9,18.4,20.2,39.2,67.1,38.5,36.3,32.491,2.6,1.873,72.157,66.66667,-2.7483000000000004,-3.1140000000000043,-0.3661999999999921,-3.8000000000000007,-3.5,0.29999999999999716,-0.04400000000000004,1.6000000000000014,0.8000000000000043,4.100000000000001,3.1999999999999993,-2.9000000000000057,-0.7999999999999972,-2.6799999999999997,-0.8,1.0752700000000033,-25.348999999999997,-0.649,3
2009,209,64,American,128,14,67,Villanova,72,3,80,0,4.50143,104.705,100.204,3.6,103.0,99.4,0.601,53.7,44.9,21.4,20.7,31.9,70.6,32.8,35.2,11.588,-2.3,2.575,8.688,77.41935,21.7081,113.638,91.9303,21.4,112.4,91.0,0.919,51.5,47.4,19.2,22.2,35.6,69.3,42.7,37.9,31.499,6.0,2.046,64.785,78.78788,-17.206670000000003,-8.933000000000007,8.273699999999991,-17.799999999999997,-9.400000000000006,8.400000000000006,-0.31800000000000006,2.200000000000003,-2.5,2.1999999999999993,-1.5,-3.700000000000003,1.2999999999999972,-19.911,-8.3,-1.368530000000007,-56.096999999999994,0.5290000000000004,11
2009,211,64,VCU,73,11,64,UCLA,77,6,65,0,12.7601,109.286,96.5255,12.6,107.9,95.3,0.807,52.2,45.0,19.0,21.8,32.2,65.8,36.3,37.7,14.657,-2.3,1.319,31.467,72.72727,25.1136,119.973,94.8599,26.6,119.9,93.3,0.947,56.0,49.8,18.8,24.3,37.0,69.0,30.3,34.9,29.438,4.5,1.838,79.037,75.75758,-12.353500000000002,-10.686999999999998,1.6655999999999977,-14.000000000000002,-12.0,2.0,-0.1399999999999999,-3.799999999999997,-4.799999999999997,0.1999999999999993,-2.5,-4.799999999999997,-3.200000000000003,-14.780999999999999,-6.8,-3.03031,-47.57000000000001,-0.5190000000000001,5
2009,213,64,Portland St.,88,13,59,Xavier,66,4,77,0,4.85027,108.934,104.084,4.1,106.9,102.8,0.611,53.4,50.6,19.9,21.7,33.2,67.5,29.7,32.6,13.308,-3.9,2.082,6.778,68.96552,19.0951,111.158,92.0625,18.9,109.5,90.6,0.898,52.7,44.1,21.5,18.2,37.2,72.1,46.5,33.4,23.091,2.8,1.591,31.11,78.125,-14.244829999999999,-2.2240000000000038,12.021500000000003,-14.799999999999999,-2.5999999999999943,12.200000000000003,-0.28700000000000003,0.6999999999999957,6.5,-1.6000000000000014,3.5,-4.0,-4.599999999999994,-9.783000000000001,-6.699999999999999,-9.159480000000002,-24.332,0.4909999999999999,9
2009,215,64,Wisconsin,67,12,61,Florida St.,111,5,59,1,17.9651,113.854,95.8886,17.9,112.7,94.8,0.88,50.6,49.1,16.9,19.2,32.3,73.9,35.2,33.3,31.289,0.3,1.897,78.997,61.29032,15.9569,105.685,89.7283,14.4,104.0,89.6,0.847,49.2,44.5,22.9,22.6,35.0,64.1,39.2,36.1,32.5,5.0,1.372,81.218,73.52941,2.0082000000000004,8.168999999999997,6.160299999999992,3.4999999999999982,8.700000000000003,5.200000000000003,0.03300000000000003,1.3999999999999986,4.600000000000001,-6.0,-3.400000000000002,-2.700000000000003,9.800000000000011,-1.2109999999999985,-4.7,-12.239089999999997,-2.2210000000000036,0.5249999999999999,7
2009,217,64,Tennessee,80,9,75,Oklahoma St.,90,8,77,0,16.5817,114.801,98.2193,17.8,114.1,96.3,0.876,50.9,50.2,18.6,21.1,38.1,69.0,36.7,37.2,31.113,1.2,1.34,51.315,63.63636,17.7655,115.065,97.2997,18.6,114.9,96.3,0.884,53.6,49.9,17.0,20.9,28.4,69.5,40.3,41.3,33.197,2.7,1.766,70.135,66.66667,-1.183799999999998,-0.2639999999999958,0.9196000000000026,-0.8000000000000007,-0.8000000000000114,0.0,-0.008000000000000007,-2.700000000000003,0.30000000000000426,1.6000000000000014,0.20000000000000284,9.700000000000003,-0.5,-2.084000000000003,-1.5000000000000002,-3.030309999999993,-18.820000000000007,-0.42599999999999993,1
2009,219,64,East Tennessee St.,112,16,62,Pittsburgh,89,1,72,0,5.09407,106.255,101.161,4.0,103.9,99.9,0.611,51.3,47.9,19.1,22.7,32.0,68.2,39.8,32.1,8.955,-5.9,1.917,3.021,68.75,29.4777,121.48,92.002,29.4,121.0,91.6,0.961,53.4,47.0,18.0,19.7,43.0,70.6,31.9,30.6,32.564,8.6,1.955,58.631,87.09677,-24.383629999999997,-15.225000000000009,9.159000000000006,-25.4,-17.099999999999994,8.300000000000011,-0.35,-2.1000000000000014,0.8999999999999986,1.1000000000000014,3.0,-11.0,-2.3999999999999915,-23.609,-14.5,-18.346770000000006,-55.61,-0.038000000000000034,15
2009,221,64,Cal St. Northridge,121,15,70,Memphis,103,2,81,0,5.11477,101.374,96.2591,4.7,100.8,96.1,0.634,51.6,48.1,24.4,23.9,36.8,67.9,34.3,42.8,16.261,-6.7,2.441,6.747,55.17241,29.4398,110.759,81.3187,27.6,109.4,81.8,0.966,49.3,40.4,18.2,23.0,38.2,69.7,39.7,34.3,22.225,6.9,1.813,77.707,91.17647,-24.32503,-9.385000000000005,14.940399999999997,-22.900000000000002,-8.600000000000009,14.299999999999997,-0.33199999999999996,2.3000000000000043,7.700000000000003,6.199999999999999,0.8999999999999986,-1.4000000000000057,-1.7999999999999972,-5.964000000000002,-13.600000000000001,-36.004059999999996,-70.96,0.6279999999999999,13
2009,223,64,Maryland,104,10,84,California,120,7,71,1,13.2883,108.705,95.4167,13.3,107.4,94.1,0.821,46.8,47.5,17.9,22.5,35.0,63.1,27.7,29.8,31.613,0.1,1.577,71.963,60.60606,18.2213,116.839,98.6172,18.6,115.7,97.1,0.882,54.1,48.9,17.9,18.6,32.2,69.6,34.3,32.8,32.972,3.2,1.558,60.144,68.75,-4.933,-8.134,-3.200499999999991,-5.300000000000001,-8.299999999999997,-3.0,-0.061000000000000054,-7.300000000000004,-1.3999999999999986,0.0,3.8999999999999986,2.799999999999997,-6.499999999999993,-1.3590000000000018,-3.1,-8.14394,11.818999999999996,0.018999999999999906,3
2009,225,64,Cornell,115,14,59,Missouri,98,3,78,0,5.49712,108.108,102.611,5.5,106.3,100.8,0.648,54.0,46.3,19.7,20.4,32.3,69.6,32.9,34.0,11.397,-4.8,1.919,0.507,67.85714,23.484,114.53,91.046,24.3,114.5,90.2,0.94,52.8,46.2,17.0,26.0,35.0,65.8,36.6,39.3,27.671,6.1,1.814,42.029,82.35294,-17.986880000000003,-6.421999999999997,11.564999999999998,-18.8,-8.200000000000003,10.599999999999994,-0.2919999999999999,1.2000000000000028,0.09999999999999432,2.6999999999999993,-5.600000000000001,-2.700000000000003,3.799999999999997,-16.274,-10.899999999999999,-14.495800000000003,-41.522000000000006,0.10499999999999998,11
2009,227,64,Utah St.,74,11,57,Marquette,105,6,58,0,15.293,117.04,101.747,14.5,115.1,100.6,0.825,55.9,47.5,18.3,17.1,36.4,72.2,38.3,29.9,13.773,2.4,1.472,10.03,87.87879,20.9824,117.058,96.076,21.6,116.4,94.8,0.914,51.7,50.9,16.7,22.1,34.7,69.2,45.0,30.5,29.86,3.4,2.408,52.618,72.72727,-5.689399999999999,-0.018000000000000682,5.6710000000000065,-7.100000000000001,-1.3000000000000114,5.799999999999997,-0.08900000000000008,4.199999999999996,-3.3999999999999986,1.6000000000000014,-5.0,1.6999999999999957,3.0,-16.087,-1.0,15.15151999999999,-42.588,-0.9359999999999999,5
2009,229,64,Mississippi St.,99,13,58,Washington,70,4,71,0,11.8111,107.733,95.9223,12.0,107.2,95.2,0.797,50.3,44.7,19.8,18.9,31.2,64.5,41.3,29.4,22.65,-1.7,1.102,54.918,64.70588,21.9358,112.741,90.8054,21.4,111.5,90.1,0.921,49.1,47.1,20.2,20.2,41.9,69.3,45.2,33.2,31.603,5.0,1.453,81.01,75.0,-10.1247,-5.007999999999996,5.116900000000001,-9.399999999999999,-4.299999999999997,5.1000000000000085,-0.124,1.1999999999999957,-2.3999999999999986,-0.3999999999999986,-1.3000000000000007,-10.7,-4.799999999999997,-8.953000000000003,-6.7,-10.294120000000007,-26.092000000000006,-0.351,9
2009,231,64,Northern Iowa,93,12,56,Purdue,87,5,61,0,9.85203,110.659,100.806,8.8,108.6,99.8,0.726,51.9,48.8,18.4,17.0,28.3,73.4,42.6,31.5,18.798,-1.7,1.448,10.427,68.75,21.9637,110.175,88.2115,21.8,108.9,87.1,0.929,50.7,43.9,17.6,22.8,29.4,68.6,33.4,31.0,29.523,3.9,1.506,71.088,73.52941,-12.11167,0.48400000000000887,12.594499999999996,-13.0,-0.30000000000001137,12.700000000000003,-0.20300000000000007,1.1999999999999957,4.899999999999999,0.7999999999999972,-5.800000000000001,-1.0999999999999979,4.800000000000011,-10.725000000000001,-5.6,-4.779409999999999,-60.660999999999994,-0.05800000000000005,7
2009,233,64,Texas A&M,78,9,79,BYU,122,8,66,1,14.3716,112.024,97.6525,14.4,110.6,96.2,0.833,50.2,48.5,19.4,18.6,36.6,70.3,47.6,29.5,27.139,1.9,1.701,64.074,70.96774,21.6562,114.296,92.6399,21.3,113.8,92.5,0.916,55.1,45.4,16.5,20.1,28.6,74.3,35.4,36.3,22.349,2.3,1.662,31.099,77.41935,-7.2845999999999975,-2.2720000000000056,5.012600000000006,-6.9,-3.200000000000003,3.700000000000003,-0.08300000000000007,-4.899999999999999,3.1000000000000014,2.8999999999999986,-1.5,8.0,-4.0,4.789999999999999,-0.3999999999999999,-6.451609999999988,32.974999999999994,0.039000000000000146,1
2009,235,64,Chattanooga,119,16,47,Connecticut,116,1,103,0,-3.84568,104.271,108.116,-3.5,102.5,106.0,0.405,51.2,52.6,21.4,19.5,33.7,68.5,47.4,30.1,16.373,-9.4,2.468,7.512,50.0,28.0401,114.597,86.5571,27.6,114.7,87.1,0.96,51.1,42.5,18.2,17.3,39.9,68.7,45.1,19.3,32.844,8.7,2.167,82.019,87.09677,-31.88578,-10.325999999999993,21.558899999999994,-31.1,-12.200000000000003,18.900000000000006,-0.5549999999999999,0.10000000000000142,10.100000000000001,3.1999999999999993,2.1999999999999993,-6.199999999999996,-0.20000000000000284,-16.471,-18.1,-37.09677000000001,-74.507,0.30100000000000016,15
2009,237,64,Robert Morris,85,15,62,Michigan St.,101,2,77,0,1.5095,101.428,99.9183,1.7,101.3,99.6,0.549,53.7,48.7,22.8,23.9,32.9,67.9,37.3,39.7,11.063,-5.1,2.229,0.2,70.58824,22.7829,112.732,89.9494,22.2,112.0,89.8,0.927,50.1,47.6,21.1,20.8,40.9,73.9,41.8,35.4,32.393,7.4,1.56,86.671,81.25,-21.273400000000002,-11.304000000000002,9.968900000000005,-20.5,-10.700000000000003,9.799999999999997,-0.378,3.6000000000000014,1.1000000000000014,1.6999999999999993,3.099999999999998,-8.0,-6.0,-21.33,-12.5,-10.661760000000001,-86.471,0.669,13
2009,239,64,USC,76,10,72,Boston College,124,7,55,1,17.6587,109.428,91.7696,17.8,107.9,90.1,0.888,51.0,46.5,21.4,19.7,37.4,69.3,42.2,32.1,35.137,2.5,1.457,70.272,63.63636,12.1159,113.378,101.263,13.0,112.3,99.3,0.805,50.0,47.2,19.6,18.4,40.8,62.9,37.0,34.7,26.908,0.5,1.241,56.026,66.66667,5.5428,-3.950000000000003,-9.493400000000008,4.800000000000001,-4.3999999999999915,-9.200000000000003,0.08299999999999996,1.0,-0.7000000000000028,1.7999999999999972,1.3000000000000007,-3.3999999999999986,6.399999999999999,8.229,2.0,-3.030309999999993,14.246000000000002,0.21599999999999997,3
2009,241,64,North Dakota St.,94,14,74,Kansas,108,3,84,0,12.4256,113.637,101.211,10.6,111.7,101.1,0.759,54.3,49.7,16.9,18.9,32.9,72.4,37.8,29.6,12.589,-0.8,2.33,0.2,80.0,23.1309,114.807,91.6765,23.8,114.4,90.6,0.936,53.6,44.6,20.9,19.7,37.0,70.9,40.2,36.6,30.532,5.4,0.883,78.001,78.125,-10.705300000000001,-1.1700000000000017,9.534499999999994,-13.200000000000001,-2.700000000000003,10.5,-0.17700000000000005,0.6999999999999957,5.100000000000001,-4.0,-0.8000000000000007,-4.100000000000001,1.5,-17.942999999999998,-6.2,1.875,-77.801,1.447,11
2009,243,64,Dayton,114,11,68,West Virginia,69,6,60,1,9.41849,103.115,93.6967,9.6,101.2,91.6,0.759,47.7,45.7,20.8,22.3,38.0,70.3,39.1,36.4,18.192,1.1,1.557,49.618,78.78788,25.031,114.693,89.6619,24.8,113.7,88.9,0.944,48.6,46.4,18.2,23.6,41.0,68.6,35.5,38.3,35.237,3.9,1.269,71.035,67.64706,-15.612509999999999,-11.578000000000003,4.034800000000004,-15.200000000000001,-12.5,2.6999999999999886,-0.18499999999999994,-0.8999999999999986,-0.6999999999999957,2.6000000000000014,-1.3000000000000007,-3.0,1.7000000000000028,-17.045,-2.8,11.140820000000005,-21.416999999999994,0.28800000000000003,5
2009,245,64,Cleveland St.,117,13,84,Wake Forest,71,4,69,1,11.7042,104.438,92.7341,10.5,102.1,91.6,0.777,46.9,45.9,19.3,24.5,33.5,66.1,37.1,37.1,20.688,-1.4,1.997,14.271,68.75,20.299,111.358,91.0587,20.2,110.3,90.1,0.911,52.3,44.9,20.9,21.2,36.2,69.2,43.7,32.7,28.789,5.1,1.3,81.319,80.0,-8.5948,-6.920000000000002,1.6753999999999962,-9.7,-8.200000000000003,1.5,-0.134,-5.399999999999999,1.0,-1.5999999999999979,3.3000000000000007,-2.700000000000003,-3.1000000000000085,-8.101000000000003,-6.5,-11.25,-67.048,0.6970000000000001,9
2009,247,64,Arizona,127,12,84,Utah,75,5,71,1,16.0133,117.23,101.217,16.5,116.3,99.8,0.853,53.2,50.8,19.4,18.3,36.1,65.9,37.0,25.5,33.867,0.8,1.402,80.614,59.375,19.0381,110.948,91.91,17.9,110.0,92.1,0.885,54.9,44.7,20.7,15.8,27.0,74.7,39.9,35.9,25.174,2.7,2.367,29.961,75.0,-3.024799999999999,6.282000000000011,9.307000000000002,-1.3999999999999986,6.299999999999997,7.700000000000003,-0.03200000000000003,-1.6999999999999957,6.099999999999994,-1.3000000000000007,2.5,9.100000000000001,-8.799999999999997,8.692999999999998,-1.9000000000000001,-15.625,50.653000000000006,-0.9650000000000001,7
2009,249,64,Siena,84,9,74,Ohio St.,92,8,72,1,11.6737,110.158,98.4844,11.4,108.9,97.5,0.781,51.6,49.1,18.1,23.3,33.9,65.2,36.3,24.1,16.254,0.1,1.782,12.159,78.78788,16.4647,113.731,97.2667,16.6,111.7,95.1,0.864,55.1,48.1,20.9,21.0,28.4,66.4,38.3,24.0,32.583,3.2,0.969,73.284,68.75,-4.791,-3.5729999999999933,1.2176999999999936,-5.200000000000001,-2.799999999999997,2.4000000000000057,-0.08299999999999996,-3.5,1.0,-2.799999999999997,2.3000000000000007,5.5,-1.2000000000000028,-16.328999999999997,-3.1,10.037880000000001,-61.12500000000001,0.8130000000000001,1
2009,251,64,Morehead St.,97,16,54,Louisville,107,1,74,0,-0.01708,102.308,102.325,-2.3,99.9,102.2,0.435,48.2,48.4,22.0,17.7,39.3,70.3,43.1,40.1,13.25,-9.3,1.595,2.346,53.125,25.3676,109.217,83.849,25.3,109.9,84.6,0.953,51.9,44.0,19.7,23.6,34.7,68.2,32.2,31.4,31.05,8.0,1.718,81.722,84.84848,-25.38468,-6.908999999999992,18.476,-27.6,-10.0,17.60000000000001,-0.518,-3.6999999999999957,4.399999999999999,2.3000000000000007,-5.900000000000002,4.599999999999994,2.0999999999999943,-17.8,-17.3,-31.723479999999995,-79.37599999999999,-0.123,15
2010,253,2,Duke,188,1,61,Butler,193,5,59,1,31.5489,119.296,87.7467,31.1,119.1,88.0,0.97,50.3,43.9,16.4,21.9,40.4,67.5,37.9,34.5,31.735,8.4,2.027,88.055,85.29412,20.0295,110.745,90.7154,18.6,109.2,90.6,0.895,52.0,46.3,19.2,21.1,31.2,72.9,47.7,35.8,20.638,4.5,1.671,31.589,87.5,11.519400000000001,8.551000000000002,-2.9686999999999983,12.5,9.899999999999991,-2.5999999999999943,0.07499999999999996,-1.7000000000000028,-2.3999999999999986,-2.8000000000000007,0.7999999999999972,9.2,-5.400000000000006,11.096999999999998,3.9000000000000004,-2.2058799999999934,56.46600000000001,0.3560000000000001,-4
2010,255,4,Duke,188,1,78,West Virginia,135,2,57,1,31.5489,119.296,87.7467,31.1,119.1,88.0,0.97,50.3,43.9,16.4,21.9,40.4,67.5,37.9,34.5,31.735,8.4,2.027,88.055,85.29412,25.7322,117.329,91.5966,24.3,116.7,92.4,0.936,49.3,47.7,18.1,20.9,42.4,68.8,38.2,40.6,34.312,8.0,1.753,69.372,81.81818,5.816700000000001,1.967000000000013,-3.849899999999991,6.800000000000001,2.3999999999999915,-4.400000000000006,0.03399999999999992,1.0,-3.8000000000000043,-1.7000000000000028,1.0,-2.0,-1.2999999999999972,-2.576999999999998,0.40000000000000036,3.4759400000000085,18.683000000000007,0.27400000000000024,-1
2010,257,4,Butler,193,5,52,Michigan St.,173,5,50,1,20.0295,110.745,90.7154,18.6,109.2,90.6,0.895,52.0,46.3,19.2,21.1,31.2,72.9,47.7,35.8,20.638,4.5,1.671,31.589,87.5,20.2975,112.268,91.9702,19.5,111.6,92.1,0.901,51.5,46.5,21.0,19.4,40.5,71.6,36.2,29.9,28.984,3.5,1.634,87.758,75.0,-0.2680000000000007,-1.5229999999999961,-1.254800000000003,-0.8999999999999986,-2.3999999999999915,-1.5,-0.006000000000000005,0.5,-0.20000000000000284,-1.8000000000000007,1.7000000000000028,-9.3,1.3000000000000114,-8.346,1.0,12.5,-56.169,0.037000000000000144,0
2010,259,8,Baylor,194,3,71,Duke,188,1,78,0,23.4007,118.384,94.9837,22.7,117.9,95.2,0.921,54.6,44.6,20.6,17.8,38.3,67.0,37.3,34.7,33.152,5.6,1.704,62.004,77.41935,31.5489,119.296,87.7467,31.1,119.1,88.0,0.97,50.3,43.9,16.4,21.9,40.4,67.5,37.9,34.5,31.735,8.4,2.027,88.055,85.29412,-8.1482,-0.9120000000000061,7.236999999999995,-8.400000000000002,-1.1999999999999886,7.200000000000003,-0.04899999999999993,4.300000000000004,0.7000000000000028,4.200000000000003,-4.099999999999998,-2.1000000000000014,-0.5,1.4170000000000016,-2.8000000000000007,-7.874770000000012,-26.05100000000001,-0.3230000000000002,2
2010,261,8,West Virginia,135,2,73,Kentucky,178,1,66,1,25.7322,117.329,91.5966,24.3,116.7,92.4,0.936,49.3,47.7,18.1,20.9,42.4,68.8,38.2,40.6,34.312,8.0,1.753,69.372,81.81818,24.9097,114.384,89.4743,24.9,114.0,89.1,0.945,53.0,43.5,20.5,19.9,40.8,68.0,43.5,27.7,24.373,8.6,0.851,90.246,94.11765,0.822499999999998,2.944999999999993,2.1222999999999956,-0.5999999999999979,2.700000000000003,3.3000000000000114,-0.008999999999999897,-3.700000000000003,4.200000000000003,-2.3999999999999986,1.0,1.6000000000000014,0.7999999999999972,9.938999999999997,-0.5999999999999996,-12.29947,-20.873999999999995,0.9019999999999999,1
2010,263,8,Kansas St.,179,2,56,Butler,193,5,63,0,24.9367,115.425,90.4885,25.4,115.5,90.1,0.946,50.6,46.9,20.2,23.6,41.0,66.8,52.1,47.3,35.3,6.8,1.717,43.295,78.125,20.0295,110.745,90.7154,18.6,109.2,90.6,0.895,52.0,46.3,19.2,21.1,31.2,72.9,47.7,35.8,20.638,4.5,1.671,31.589,87.5,4.9072,4.679999999999993,-0.22690000000000055,6.799999999999997,6.299999999999997,-0.5,0.050999999999999934,-1.3999999999999986,0.6000000000000014,1.0,2.5,9.8,-6.1000000000000085,14.661999999999995,2.3,-9.375,11.706000000000003,0.04600000000000004,-3
2010,265,8,Tennessee,147,6,69,Michigan St.,173,5,70,0,17.3928,106.604,89.2115,17.2,106.7,89.5,0.883,50.2,44.9,18.7,23.7,32.5,68.2,36.0,40.9,29.253,3.9,1.941,51.85,75.75758,20.2975,112.268,91.9702,19.5,111.6,92.1,0.901,51.5,46.5,21.0,19.4,40.5,71.6,36.2,29.9,28.984,3.5,1.634,87.758,75.0,-2.9046999999999983,-5.6640000000000015,-2.7587000000000046,-2.3000000000000007,-4.8999999999999915,-2.5999999999999943,-0.018000000000000016,-1.2999999999999972,-1.6000000000000014,-2.3000000000000007,4.300000000000001,-8.0,-3.3999999999999915,0.26899999999999835,0.3999999999999999,0.7575800000000044,-35.907999999999994,0.30700000000000016,1
2010,267,16,Saint Mary's,153,10,49,Baylor,194,3,72,0,19.4058,116.442,97.0364,17.9,115.2,97.3,0.875,55.7,45.8,17.0,16.3,33.9,69.1,32.1,31.4,17.876,1.9,1.478,22.783,83.33333,23.4007,118.384,94.9837,22.7,117.9,95.2,0.921,54.6,44.6,20.6,17.8,38.3,67.0,37.3,34.7,33.152,5.6,1.704,62.004,77.41935,-3.9949000000000012,-1.9420000000000073,2.0527000000000015,-4.800000000000001,-2.700000000000003,2.0999999999999943,-0.04600000000000004,1.1000000000000014,1.1999999999999957,-3.6000000000000014,-1.5,-4.399999999999999,2.0999999999999943,-15.276,-3.6999999999999997,5.913980000000009,-39.221,-0.22599999999999998,7
2010,269,16,Purdue,156,4,57,Duke,188,1,70,0,22.5959,110.762,88.1665,22.5,109.8,87.3,0.933,49.4,45.4,16.3,23.8,30.7,68.6,39.8,37.4,29.198,6.6,1.783,73.138,84.375,31.5489,119.296,87.7467,31.1,119.1,88.0,0.97,50.3,43.9,16.4,21.9,40.4,67.5,37.9,34.5,31.735,8.4,2.027,88.055,85.29412,-8.953,-8.534000000000006,0.41979999999999507,-8.600000000000001,-9.299999999999997,-0.7000000000000028,-0.03699999999999992,-0.8999999999999986,1.5,-0.09999999999999787,1.9000000000000021,-9.7,1.0999999999999943,-2.536999999999999,-1.8000000000000007,-0.9191200000000066,-14.917000000000002,-0.24400000000000022,3
2010,271,16,West Virginia,135,2,69,Washington,136,11,56,1,25.7322,117.329,91.5966,24.3,116.7,92.4,0.936,49.3,47.7,18.1,20.9,42.4,68.8,38.2,40.6,34.312,8.0,1.753,69.372,81.81818,17.9107,111.513,93.6021,18.0,111.3,93.3,0.884,49.4,46.2,17.5,22.0,37.4,68.4,42.0,46.4,24.044,1.2,1.502,80.577,72.72727,7.8215,5.815999999999988,-2.005499999999998,6.300000000000001,5.400000000000006,-0.8999999999999915,0.052000000000000046,-0.10000000000000142,1.5,0.6000000000000014,-1.1000000000000014,5.0,0.3999999999999915,10.267999999999997,6.8,9.090909999999994,-11.204999999999998,0.2509999999999999,-9
2010,273,16,Cornell,189,12,45,Kentucky,178,1,62,0,13.552,115.443,101.891,13.1,114.0,100.9,0.803,56.4,47.6,18.5,20.9,32.0,70.3,28.9,38.9,16.574,1.9,2.416,1.23,86.2069,24.9097,114.384,89.4743,24.9,114.0,89.1,0.945,53.0,43.5,20.5,19.9,40.8,68.0,43.5,27.7,24.373,8.6,0.851,90.246,94.11765,-11.357700000000001,1.0589999999999975,12.416700000000006,-11.799999999999999,0.0,11.800000000000011,-0.1419999999999999,3.3999999999999986,4.100000000000001,-2.0,1.0,-8.799999999999997,2.299999999999997,-7.7989999999999995,-6.699999999999999,-7.910749999999993,-89.01599999999999,1.565,11
2010,275,16,Kansas St.,179,2,101,Xavier,131,6,96,1,24.9367,115.425,90.4885,25.4,115.5,90.1,0.946,50.6,46.9,20.2,23.6,41.0,66.8,52.1,47.3,35.3,6.8,1.717,43.295,78.125,19.8256,114.769,94.9437,19.6,114.3,94.7,0.897,52.5,45.7,18.3,18.2,35.0,70.6,42.4,33.2,27.451,2.8,1.45,54.813,75.0,5.111099999999997,0.6559999999999917,-4.455200000000005,5.799999999999997,1.2000000000000028,-4.6000000000000085,0.04899999999999993,-1.8999999999999986,1.1999999999999957,1.8999999999999986,5.400000000000002,6.0,-3.799999999999997,7.848999999999997,4.0,3.125,-11.518,0.2670000000000001,-4
2010,277,16,Butler,193,5,63,Syracuse,149,1,59,1,20.0295,110.745,90.7154,18.6,109.2,90.6,0.895,52.0,46.3,19.2,21.1,31.2,72.9,47.7,35.8,20.638,4.5,1.671,31.589,87.5,27.5886,118.167,90.5783,26.9,116.7,89.8,0.953,57.3,46.1,21.1,22.7,37.2,65.0,37.4,25.3,28.835,7.5,1.804,56.087,87.5,-7.559100000000001,-7.421999999999997,0.13710000000000377,-8.299999999999997,-7.5,0.7999999999999972,-0.05799999999999994,-5.299999999999997,0.19999999999999574,-1.9000000000000021,-1.5999999999999979,-6.0000000000000036,7.900000000000006,-8.197,-3.0,0.0,-24.498000000000005,-0.133,4
2010,279,16,Ohio St.,160,2,73,Tennessee,147,6,76,0,25.4713,117.429,91.9581,24.7,116.2,91.5,0.94,56.4,47.4,17.3,21.7,29.4,71.5,35.7,26.8,30.606,5.7,1.975,77.427,79.41176,17.3928,106.604,89.2115,17.2,106.7,89.5,0.883,50.2,44.9,18.7,23.7,32.5,68.2,36.0,40.9,29.253,3.9,1.941,51.85,75.75758,8.078499999999998,10.825000000000003,2.746600000000001,7.5,9.5,2.0,0.05699999999999994,6.199999999999996,2.5,-1.3999999999999986,-2.0,-3.1000000000000014,3.299999999999997,1.3530000000000015,1.8000000000000003,3.6541799999999967,25.577000000000005,0.03400000000000003,-4
2010,281,16,Michigan St.,173,5,59,Northern Iowa,164,9,52,1,20.2975,112.268,91.9702,19.5,111.6,92.1,0.901,51.5,46.5,21.0,19.4,40.5,71.6,36.2,29.9,28.984,3.5,1.634,87.758,75.0,18.2648,108.029,89.7638,17.5,107.0,89.5,0.886,49.7,46.2,17.7,20.6,30.7,74.1,36.4,28.5,18.366,3.7,1.964,12.129,87.5,2.0326999999999984,4.239000000000004,2.206400000000002,2.0,4.599999999999994,2.5999999999999943,0.015000000000000013,1.7999999999999972,0.29999999999999716,3.3000000000000007,-1.2000000000000028,9.8,-2.5,10.618000000000002,-0.20000000000000018,-12.5,75.62899999999999,-0.33000000000000007,-4
2010,283,32,Villanova,138,2,68,Saint Mary's,153,10,75,0,22.9755,118.572,95.5965,22.9,118.0,95.1,0.923,53.0,47.2,19.1,20.9,38.0,68.1,44.0,49.0,33.157,5.5,1.602,89.439,77.41935,19.4058,116.442,97.0364,17.9,115.2,97.3,0.875,55.7,45.8,17.0,16.3,33.9,69.1,32.1,31.4,17.876,1.9,1.478,22.783,83.33333,3.569700000000001,2.1300000000000097,-1.4398999999999944,5.0,2.799999999999997,-2.200000000000003,0.04800000000000004,-2.700000000000003,1.4000000000000057,2.1000000000000014,4.599999999999998,4.100000000000001,-1.0,15.280999999999995,3.6,-5.913980000000009,66.65599999999999,0.12400000000000011,-8
2010,285,32,Baylor,194,3,76,Old Dominion,158,11,68,1,23.4007,118.384,94.9837,22.7,117.9,95.2,0.921,54.6,44.6,20.6,17.8,38.3,67.0,37.3,34.7,33.152,5.6,1.704,62.004,77.41935,17.6423,107.842,90.1999,17.1,106.6,89.5,0.882,48.9,45.3,20.2,22.5,42.8,70.4,30.2,30.5,20.316,0.6,1.96,4.171,76.47059,5.758400000000002,10.542000000000002,4.783799999999999,5.599999999999998,11.300000000000011,5.700000000000003,0.039000000000000035,5.700000000000003,-0.6999999999999957,0.40000000000000213,-4.699999999999999,-4.5,-3.4000000000000057,12.836000000000002,5.0,0.9487599999999929,57.833,-0.256,-8
2010,287,32,Purdue,156,4,63,Texas A&M,145,5,61,1,22.5959,110.762,88.1665,22.5,109.8,87.3,0.933,49.4,45.4,16.3,23.8,30.7,68.6,39.8,37.4,29.198,6.6,1.783,73.138,84.375,20.1487,112.093,91.9447,19.4,111.1,91.7,0.901,49.8,46.9,18.4,20.9,33.9,69.5,49.9,37.4,35.891,4.4,1.698,77.137,70.96774,2.4471999999999987,-1.331000000000003,-3.7781999999999982,3.1000000000000014,-1.2999999999999972,-4.400000000000006,0.03200000000000003,-0.3999999999999986,-1.5,-2.099999999999998,2.900000000000002,-3.1999999999999993,-0.9000000000000057,-6.692999999999998,2.1999999999999993,13.407259999999994,-3.9989999999999952,0.08499999999999996,-1
2010,289,32,California,191,8,53,Duke,188,1,68,0,22.2322,119.968,97.7354,22.8,119.5,96.7,0.919,53.4,48.3,17.5,18.9,35.2,69.3,35.2,34.0,28.292,1.7,2.356,54.719,69.69697,31.5489,119.296,87.7467,31.1,119.1,88.0,0.97,50.3,43.9,16.4,21.9,40.4,67.5,37.9,34.5,31.735,8.4,2.027,88.055,85.29412,-9.3167,0.671999999999997,9.988699999999994,-8.3,0.4000000000000057,8.700000000000003,-0.050999999999999934,3.1000000000000014,4.399999999999999,1.1000000000000014,-3.0,-5.199999999999996,1.7999999999999972,-3.442999999999998,-6.7,-15.597150000000013,-33.336000000000006,0.32899999999999974,7
2010,291,32,West Virginia,135,2,68,Missouri,171,10,59,1,25.7322,117.329,91.5966,24.3,116.7,92.4,0.936,49.3,47.7,18.1,20.9,42.4,68.8,38.2,40.6,34.312,8.0,1.753,69.372,81.81818,19.6787,110.105,90.4261,20.3,110.5,90.2,0.912,50.3,45.6,18.1,27.3,34.8,62.1,33.5,38.7,29.614,1.6,1.738,48.074,68.75,6.0535,7.2239999999999895,1.1704999999999899,4.0,6.200000000000003,2.200000000000003,0.02400000000000002,-1.0,2.1000000000000014,0.0,-6.400000000000002,7.600000000000001,6.699999999999996,4.697999999999997,6.4,13.068179999999998,21.298000000000002,0.014999999999999902,-8
2010,293,32,New Mexico,167,3,64,Washington,136,11,82,0,17.3849,114.142,96.7568,17.9,114.4,96.5,0.876,51.0,49.4,16.4,20.3,35.8,73.2,45.6,35.6,21.234,4.9,1.508,49.461,87.87879,17.9107,111.513,93.6021,18.0,111.3,93.3,0.884,49.4,46.2,17.5,22.0,37.4,68.4,42.0,46.4,24.044,1.2,1.502,80.577,72.72727,-0.5258000000000003,2.6289999999999907,3.1547000000000054,-0.10000000000000142,3.1000000000000085,3.200000000000003,-0.008000000000000007,1.6000000000000014,3.1999999999999957,-1.1000000000000014,-1.6999999999999993,-1.6000000000000014,4.799999999999997,-2.8099999999999987,3.7,15.15151999999999,-31.116,0.006000000000000005,-8
2010,295,32,Wisconsin,133,4,69,Cornell,189,12,87,0,25.564,115.399,89.8348,25.8,114.9,89.1,0.949,51.6,46.0,14.7,20.1,30.4,74.2,32.3,36.6,31.074,3.9,1.925,73.327,74.19355,13.552,115.443,101.891,13.1,114.0,100.9,0.803,56.4,47.6,18.5,20.9,32.0,70.3,28.9,38.9,16.574,1.9,2.416,1.23,86.2069,12.012,-0.04399999999999693,-12.056200000000004,12.700000000000001,0.9000000000000057,-11.800000000000011,0.1459999999999999,-4.799999999999997,-1.6000000000000014,-3.8000000000000007,-0.7999999999999972,-1.6000000000000014,3.9000000000000057,14.5,2.0,-12.013350000000003,72.097,-0.4909999999999999,-8
2010,297,32,Wake Forest,137,9,60,Kentucky,178,1,90,0,14.8954,106.69,91.7943,15.1,106.3,91.2,0.853,47.4,43.0,21.1,19.6,38.5,66.1,41.0,38.6,30.998,1.0,1.84,78.599,65.51724,24.9097,114.384,89.4743,24.9,114.0,89.1,0.945,53.0,43.5,20.5,19.9,40.8,68.0,43.5,27.7,24.373,8.6,0.851,90.246,94.11765,-10.0143,-7.694000000000003,2.3200000000000074,-9.799999999999999,-7.700000000000003,2.1000000000000085,-0.09199999999999997,-5.600000000000001,-0.5,0.6000000000000014,-0.29999999999999716,-2.299999999999997,-1.9000000000000057,6.625,-7.6,-28.600409999999997,-11.646999999999991,0.9890000000000001,8
2010,299,32,Kansas St.,179,2,84,BYU,192,7,72,1,24.9367,115.425,90.4885,25.4,115.5,90.1,0.946,50.6,46.9,20.2,23.6,41.0,66.8,52.1,47.3,35.3,6.8,1.717,43.295,78.125,24.4842,117.315,92.8309,23.9,116.4,92.5,0.934,55.1,46.3,15.9,22.0,31.0,73.0,38.2,36.4,21.607,4.0,1.561,27.091,84.84848,0.452499999999997,-1.8900000000000006,-2.342399999999998,1.5,-0.9000000000000057,-2.4000000000000057,0.0119999999999999,-4.5,0.6000000000000014,4.299999999999999,1.6000000000000014,10.0,-6.200000000000003,13.692999999999998,2.8,-6.723479999999995,16.204,0.15600000000000014,-5
2010,301,32,Pittsburgh,157,3,68,Xavier,131,6,71,0,18.7753,111.307,92.5315,17.7,110.0,92.3,0.883,49.6,44.5,19.5,16.9,37.3,68.4,42.6,32.8,29.605,3.6,1.44,68.381,75.0,19.8256,114.769,94.9437,19.6,114.3,94.7,0.897,52.5,45.7,18.3,18.2,35.0,70.6,42.4,33.2,27.451,2.8,1.45,54.813,75.0,-1.0503,-3.4620000000000033,-2.412200000000013,-1.9000000000000021,-4.299999999999997,-2.4000000000000057,-0.014000000000000012,-2.8999999999999986,-1.2000000000000028,1.1999999999999993,-1.3000000000000007,2.299999999999997,-2.1999999999999886,2.154,0.8000000000000003,0.0,13.567999999999998,-0.010000000000000009,-3
2010,303,32,Murray St.,168,13,52,Butler,193,5,54,0,14.5856,108.952,94.3666,11.6,106.2,94.6,0.791,55.5,43.9,21.4,24.4,39.1,66.7,42.9,34.0,9.836,0.0,1.736,12.64,87.5,20.0295,110.745,90.7154,18.6,109.2,90.6,0.895,52.0,46.3,19.2,21.1,31.2,72.9,47.7,35.8,20.638,4.5,1.671,31.589,87.5,-5.443899999999999,-1.7930000000000064,3.651200000000003,-7.000000000000002,-3.0,4.0,-0.10399999999999998,3.5,-2.3999999999999986,2.1999999999999993,3.299999999999997,7.900000000000002,-6.200000000000003,-10.802000000000001,-4.5,0.0,-18.948999999999998,0.06499999999999995,8
2010,305,32,Gonzaga,182,8,65,Syracuse,149,1,87,0,16.7934,112.378,95.585,17.3,111.2,93.9,0.875,54.4,46.4,18.6,18.3,32.4,71.4,49.3,33.9,22.1,2.5,1.25,51.509,80.64516,27.5886,118.167,90.5783,26.9,116.7,89.8,0.953,57.3,46.1,21.1,22.7,37.2,65.0,37.4,25.3,28.835,7.5,1.804,56.087,87.5,-10.795200000000001,-5.7890000000000015,5.006699999999995,-9.599999999999998,-5.5,4.1000000000000085,-0.07799999999999996,-2.8999999999999986,0.29999999999999716,-2.5,-4.399999999999999,-4.800000000000004,6.400000000000006,-6.734999999999999,-5.0,-6.854839999999996,-4.578000000000003,-0.554,7
2010,307,32,Ohio St.,160,2,75,Georgia Tech,183,10,66,1,25.4713,117.429,91.9581,24.7,116.2,91.5,0.94,56.4,47.4,17.3,21.7,29.4,71.5,35.7,26.8,30.606,5.7,1.975,77.427,79.41176,18.0357,108.997,90.9613,18.4,109.0,90.6,0.893,50.6,43.7,23.1,21.3,38.3,65.7,37.4,34.7,33.163,1.3,1.267,83.706,63.63636,7.435600000000001,8.432000000000002,0.9968000000000075,6.300000000000001,7.200000000000003,0.9000000000000057,0.04699999999999993,5.799999999999997,3.6999999999999957,-5.800000000000001,0.3999999999999986,-8.899999999999999,5.799999999999997,-2.556999999999995,4.4,15.775399999999998,-6.278999999999996,0.7080000000000002,-8
2010,309,32,Ohio,161,14,68,Tennessee,147,6,83,0,7.35379,105.808,98.4546,5.5,103.7,98.2,0.652,48.9,46.0,18.1,21.4,31.1,66.1,40.8,36.0,13.908,-7.8,1.364,24.434,58.82353,17.3928,106.604,89.2115,17.2,106.7,89.5,0.883,50.2,44.9,18.7,23.7,32.5,68.2,36.0,40.9,29.253,3.9,1.941,51.85,75.75758,-10.039010000000001,-0.7959999999999923,9.243099999999998,-11.7,-3.0,8.700000000000003,-0.23099999999999998,-1.3000000000000043,1.1000000000000014,-0.5999999999999979,-2.3000000000000007,-1.3999999999999986,-2.1000000000000085,-15.345,-11.7,-16.934050000000006,-27.416,-0.577,8
2010,311,32,Maryland,174,4,83,Michigan St.,173,5,85,0,22.7026,117.599,94.8962,21.5,115.8,94.3,0.914,51.9,44.3,16.7,21.5,35.3,62.9,33.9,29.0,30.926,3.3,2.003,75.457,73.33333,20.2975,112.268,91.9702,19.5,111.6,92.1,0.901,51.5,46.5,21.0,19.4,40.5,71.6,36.2,29.9,28.984,3.5,1.634,87.758,75.0,2.405100000000001,5.331000000000003,2.9259999999999877,2.0,4.200000000000003,2.200000000000003,0.013000000000000012,0.3999999999999986,-2.200000000000003,-4.300000000000001,2.1000000000000014,-5.200000000000003,-8.699999999999996,1.9419999999999966,-0.20000000000000018,-1.6666699999999963,-12.301000000000002,0.3690000000000002,-1
2010,313,32,Northern Iowa,164,9,69,Kansas,180,1,67,1,18.2648,108.029,89.7638,17.5,107.0,89.5,0.886,49.7,46.2,17.7,20.6,30.7,74.1,36.4,28.5,18.366,3.7,1.964,12.129,87.5,32.5121,119.854,87.3419,31.4,120.0,88.6,0.97,55.1,43.0,18.5,20.2,38.2,68.3,42.4,31.2,33.083,11.7,1.425,85.29,94.11765,-14.247299999999996,-11.825000000000003,2.421900000000008,-13.899999999999999,-13.0,0.9000000000000057,-0.08399999999999996,-5.399999999999999,3.200000000000003,-0.8000000000000007,0.40000000000000213,-7.5000000000000036,5.799999999999997,-14.716999999999999,-7.999999999999999,-6.617649999999998,-73.161,0.5389999999999999,8
2010,315,64,Robert Morris,154,15,70,Villanova,138,2,73,0,-1.83054,99.6218,101.452,-2.6,98.9,101.5,0.426,49.0,47.0,21.7,23.2,34.5,67.5,45.9,46.9,10.542,-6.5,1.814,7.912,67.64706,22.9755,118.572,95.5965,22.9,118.0,95.1,0.923,53.0,47.2,19.1,20.9,38.0,68.1,44.0,49.0,33.157,5.5,1.602,89.439,77.41935,-24.80604,-18.95020000000001,5.855499999999992,-25.5,-19.099999999999994,6.400000000000006,-0.49700000000000005,-4.0,-0.20000000000000284,2.599999999999998,2.3000000000000007,-3.5,-0.5999999999999943,-22.614999999999995,-12.0,-9.772289999999998,-81.52699999999999,0.21199999999999997,13
2010,317,64,Saint Mary's,153,10,80,Richmond,155,7,71,1,19.4058,116.442,97.0364,17.9,115.2,97.3,0.875,55.7,45.8,17.0,16.3,33.9,69.1,32.1,31.4,17.876,1.9,1.478,22.783,83.33333,15.2274,108.108,92.8809,14.6,106.5,91.9,0.845,51.0,43.8,16.9,22.8,26.7,64.8,32.6,35.8,24.758,2.6,2.066,22.243,76.47059,4.1784,8.333999999999989,4.1555000000000035,3.299999999999999,8.700000000000003,5.3999999999999915,0.030000000000000027,4.700000000000003,2.0,0.10000000000000142,-6.5,7.199999999999999,4.299999999999997,-6.881999999999998,-0.7000000000000002,6.862740000000002,0.5400000000000027,-0.5879999999999999,3
2010,319,64,Sam Houston St.,152,14,59,Baylor,194,3,68,0,7.06873,110.763,103.694,7.5,110.2,102.7,0.692,54.3,50.3,18.9,21.1,34.4,69.6,39.5,41.7,12.73,-2.5,2.309,2.044,75.0,23.4007,118.384,94.9837,22.7,117.9,95.2,0.921,54.6,44.6,20.6,17.8,38.3,67.0,37.3,34.7,33.152,5.6,1.704,62.004,77.41935,-16.33197,-7.620999999999995,8.710300000000004,-15.2,-7.700000000000003,7.5,-0.2290000000000001,-0.30000000000000426,5.699999999999996,-1.7000000000000028,3.3000000000000007,-3.8999999999999986,2.5999999999999943,-20.422,-8.1,-2.4193499999999943,-59.96,0.6050000000000002,11
2010,321,64,Old Dominion,158,11,51,Notre Dame,163,6,50,1,17.6423,107.842,90.1999,17.1,106.6,89.5,0.882,48.9,45.3,20.2,22.5,42.8,70.4,30.2,30.5,20.316,0.6,1.96,4.171,76.47059,18.3693,119.809,101.439,19.0,119.6,100.6,0.88,54.1,49.4,15.9,16.0,34.5,69.5,39.1,27.9,27.053,0.5,2.332,57.766,67.64706,-0.7270000000000003,-11.966999999999999,-11.239099999999993,-1.8999999999999986,-13.0,-11.099999999999994,0.0020000000000000018,-5.200000000000003,-4.100000000000001,4.299999999999999,6.5,8.299999999999997,0.9000000000000057,-6.737000000000002,0.09999999999999998,8.823530000000005,-53.595,-0.3719999999999999,5
2010,323,64,Siena,150,13,64,Purdue,156,4,72,0,13.9156,109.569,95.6534,12.5,108.2,95.7,0.804,49.8,47.9,17.4,21.7,35.6,70.1,39.2,21.0,16.852,0.9,2.178,13.214,81.81818,22.5959,110.762,88.1665,22.5,109.8,87.3,0.933,49.4,45.4,16.3,23.8,30.7,68.6,39.8,37.4,29.198,6.6,1.783,73.138,84.375,-8.6803,-1.1929999999999978,7.486900000000006,-10.0,-1.5999999999999943,8.400000000000006,-0.129,0.3999999999999986,2.5,1.0999999999999979,-2.1000000000000014,4.900000000000002,1.5,-12.346,-5.699999999999999,-2.556820000000002,-59.92400000000001,0.395,9
2010,325,64,Utah St.,142,12,53,Texas A&M,145,5,69,0,21.2893,116.361,95.0722,20.2,115.2,95.0,0.902,55.5,45.7,16.3,17.6,33.8,73.0,30.4,29.8,15.1,-0.4,1.965,9.11,78.78788,20.1487,112.093,91.9447,19.4,111.1,91.7,0.901,49.8,46.9,18.4,20.9,33.9,69.5,49.9,37.4,35.891,4.4,1.698,77.137,70.96774,1.1405999999999992,4.268000000000001,3.1274999999999977,0.8000000000000007,4.1000000000000085,3.299999999999997,0.0010000000000000009,5.700000000000003,-1.1999999999999957,-2.099999999999998,-3.299999999999997,-0.10000000000000142,3.5,-20.790999999999997,-4.800000000000001,7.820139999999995,-68.027,0.2670000000000001,7
2010,327,64,Louisville,176,9,62,California,191,8,77,0,17.834,115.013,97.1787,17.3,114.5,97.2,0.868,51.5,48.2,19.9,22.3,39.7,62.8,36.4,40.9,30.501,-0.1,1.649,78.786,62.5,22.2322,119.968,97.7354,22.8,119.5,96.7,0.919,53.4,48.3,17.5,18.9,35.2,69.3,35.2,34.0,28.292,1.7,2.356,54.719,69.69697,-4.398199999999999,-4.954999999999998,-0.5566999999999922,-5.5,-5.0,0.5,-0.051000000000000045,-1.8999999999999986,-0.09999999999999432,2.3999999999999986,3.400000000000002,4.5,-6.5,2.2089999999999996,-1.8,-7.196969999999993,24.067,-0.7069999999999999,1
2010,329,64,Arkansas Pine Bluff,195,16,44,Duke,188,1,73,0,-7.91476,91.8221,99.7369,-7.0,91.4,98.4,0.3,45.0,46.0,24.5,20.6,35.8,73.4,48.6,55.3,18.903,-8.0,2.365,0.2,51.6129,31.5489,119.296,87.7467,31.1,119.1,88.0,0.97,50.3,43.9,16.4,21.9,40.4,67.5,37.9,34.5,31.735,8.4,2.027,88.055,85.29412,-39.46366,-27.4739,11.990200000000002,-38.1,-27.69999999999999,10.400000000000006,-0.6699999999999999,-5.299999999999997,2.1000000000000014,8.100000000000001,-1.2999999999999972,-4.600000000000001,5.900000000000006,-12.832,-16.4,-33.68122,-87.855,0.3380000000000001,15
2010,331,64,Morgan St.,169,15,50,West Virginia,135,2,77,0,1.90682,105.657,103.75,0.4,104.1,103.7,0.511,47.9,46.5,19.1,20.3,40.1,65.4,44.2,42.9,11.49,-3.9,1.776,0.2,75.0,25.7322,117.329,91.5966,24.3,116.7,92.4,0.936,49.3,47.7,18.1,20.9,42.4,68.8,38.2,40.6,34.312,8.0,1.753,69.372,81.81818,-23.82538,-11.671999999999997,12.153400000000005,-23.900000000000002,-12.600000000000009,11.299999999999997,-0.42500000000000004,-1.3999999999999986,-1.2000000000000028,1.0,-0.5999999999999979,-2.299999999999997,-3.3999999999999915,-22.821999999999996,-11.9,-6.818179999999998,-69.172,0.02300000000000013,13
2010,333,64,Missouri,171,10,86,Clemson,190,7,78,1,19.6787,110.105,90.4261,20.3,110.5,90.2,0.912,50.3,45.6,18.1,27.3,34.8,62.1,33.5,38.7,29.614,1.6,1.738,48.074,68.75,19.633,109.94,90.3071,20.1,109.5,89.4,0.912,51.0,46.1,21.2,25.0,36.2,66.4,35.3,34.9,30.403,1.5,1.583,61.661,67.74194,0.045700000000000074,0.16500000000000625,0.11899999999999977,0.1999999999999993,1.0,0.7999999999999972,0.0,-0.7000000000000028,-0.5,-3.099999999999998,2.3000000000000007,-1.4000000000000057,-4.300000000000004,-0.7889999999999979,0.10000000000000009,1.0080600000000004,-13.587000000000003,0.15500000000000003,3
2010,335,64,Montana,170,14,57,New Mexico,167,3,62,0,8.50753,106.707,98.1992,4.0,103.8,99.8,0.611,54.5,47.7,19.1,19.8,30.0,70.3,37.3,38.6,11.471,-4.6,2.025,21.883,68.96552,17.3849,114.142,96.7568,17.9,114.4,96.5,0.876,51.0,49.4,16.4,20.3,35.8,73.2,45.6,35.6,21.234,4.9,1.508,49.461,87.87879,-8.877369999999999,-7.435000000000002,1.4424000000000063,-13.899999999999999,-10.600000000000009,3.299999999999997,-0.265,3.5,-1.6999999999999957,2.700000000000003,-0.5,-5.799999999999997,-2.9000000000000057,-9.763000000000002,-9.5,-18.913269999999997,-27.578,0.5169999999999999,11
2010,337,64,Washington,136,11,80,Marquette,175,6,78,1,17.9107,111.513,93.6021,18.0,111.3,93.3,0.884,49.4,46.2,17.5,22.0,37.4,68.4,42.0,46.4,24.044,1.2,1.502,80.577,72.72727,20.4947,114.599,94.1043,19.9,113.9,94.0,0.901,52.5,49.3,15.8,22.1,31.4,66.9,35.1,29.5,31.568,1.8,2.201,17.888,66.66667,-2.584000000000003,-3.0859999999999985,-0.502200000000002,-1.8999999999999986,-2.6000000000000085,-0.7000000000000028,-0.017000000000000015,-3.1000000000000014,-3.0999999999999943,1.6999999999999993,-0.10000000000000142,6.0,1.5,-7.524000000000001,-0.6000000000000001,6.060600000000008,62.68899999999999,-0.6990000000000001,5
2010,339,64,Wofford,132,13,49,Wisconsin,133,4,53,0,9.42513,104.267,94.8414,9.0,103.7,94.7,0.74,49.2,46.8,18.2,21.6,33.5,70.7,44.6,35.8,14.561,-1.9,1.877,9.27,75.75758,25.564,115.399,89.8348,25.8,114.9,89.1,0.949,51.6,46.0,14.7,20.1,30.4,74.2,32.3,36.6,31.074,3.9,1.925,73.327,74.19355,-16.13887,-11.132000000000005,5.006599999999992,-16.8,-11.200000000000003,5.6000000000000085,-0.20899999999999996,-2.3999999999999986,0.7999999999999972,3.5,1.5,3.1000000000000014,-3.5,-16.513,-5.8,1.5640300000000025,-64.057,-0.04800000000000004,9
2010,341,64,Cornell,189,12,78,Temple,148,5,65,1,13.552,115.443,101.891,13.1,114.0,100.9,0.803,56.4,47.6,18.5,20.9,32.0,70.3,28.9,38.9,16.574,1.9,2.416,1.23,86.2069,21.0266,107.306,86.2797,19.5,106.2,86.7,0.912,48.9,42.4,16.8,18.1,32.5,72.4,27.7,26.6,23.817,5.3,1.792,31.121,85.29412,-7.474599999999999,8.137,15.6113,-6.4,7.799999999999997,14.200000000000003,-0.10899999999999999,7.5,5.200000000000003,1.6999999999999993,2.799999999999997,-0.5,-2.1000000000000085,-7.2429999999999986,-3.4,0.9127799999999979,-29.891,0.6239999999999999,7
2010,343,64,Wake Forest,137,9,81,Texas,146,8,80,1,14.8954,106.69,91.7943,15.1,106.3,91.2,0.853,47.4,43.0,21.1,19.6,38.5,66.1,41.0,38.6,30.998,1.0,1.84,78.599,65.51724,20.6323,113.444,92.8117,21.3,113.2,91.9,0.917,51.3,44.8,18.7,20.3,39.6,68.4,40.4,35.3,31.848,3.9,1.575,85.262,72.72727,-5.7369,-6.754000000000005,-1.017399999999995,-6.200000000000001,-6.900000000000006,-0.7000000000000028,-0.06400000000000006,-3.8999999999999986,-1.7999999999999972,2.400000000000002,-0.6999999999999993,-1.1000000000000014,-2.3000000000000114,-0.8499999999999979,-2.9,-7.210030000000003,-6.662999999999997,0.2650000000000001,1
2010,345,64,East Tennessee St.,187,16,71,Kentucky,178,1,100,0,2.40771,100.3,97.8928,1.1,98.1,97.0,0.532,48.0,48.1,21.2,24.2,35.1,66.2,40.0,39.3,13.94,-8.1,1.558,16.46,57.57576,24.9097,114.384,89.4743,24.9,114.0,89.1,0.945,53.0,43.5,20.5,19.9,40.8,68.0,43.5,27.7,24.373,8.6,0.851,90.246,94.11765,-22.50199,-14.084000000000003,8.418499999999995,-23.799999999999997,-15.900000000000006,7.900000000000006,-0.4129999999999999,-5.0,4.600000000000001,0.6999999999999993,4.300000000000001,-5.699999999999996,-1.7999999999999972,-10.433000000000002,-16.7,-36.541889999999995,-73.786,0.7070000000000001,15
2010,347,64,North Texas,165,15,62,Kansas St.,179,2,82,0,-0.35881,102.939,103.298,-1.5,101.6,103.1,0.458,50.9,47.5,21.1,18.3,32.2,70.1,52.8,32.7,10.93,-3.9,1.925,20.119,73.33333,24.9367,115.425,90.4885,25.4,115.5,90.1,0.946,50.6,46.9,20.2,23.6,41.0,66.8,52.1,47.3,35.3,6.8,1.717,43.295,78.125,-25.295509999999997,-12.486000000000004,12.8095,-26.9,-13.900000000000006,13.0,-0.48799999999999993,0.29999999999999716,0.6000000000000014,0.9000000000000021,-5.300000000000001,-8.799999999999997,3.299999999999997,-24.369999999999997,-10.7,-4.791669999999996,-23.176000000000002,0.20799999999999996,13
2010,349,64,Florida,186,10,92,BYU,192,7,99,0,14.9939,112.433,97.4388,15.3,111.7,96.4,0.845,49.4,48.1,18.3,20.6,36.7,67.0,33.8,26.9,29.304,0.0,1.486,89.841,63.63636,24.4842,117.315,92.8309,23.9,116.4,92.5,0.934,55.1,46.3,15.9,22.0,31.0,73.0,38.2,36.4,21.607,4.0,1.561,27.091,84.84848,-9.490300000000001,-4.881999999999991,4.607900000000001,-8.599999999999998,-4.700000000000003,3.9000000000000057,-0.08900000000000008,-5.700000000000003,1.8000000000000043,2.4000000000000004,-1.3999999999999986,5.700000000000003,-6.0,7.696999999999999,-4.0,-21.21211999999999,62.74999999999999,-0.07499999999999996,3
2010,351,64,Oakland,162,14,66,Pittsburgh,157,3,89,0,3.71824,107.635,103.917,3.1,106.0,102.9,0.585,49.4,50.1,19.6,18.3,37.2,68.8,40.6,31.5,18.062,-1.1,1.964,15.114,75.0,18.7753,111.307,92.5315,17.7,110.0,92.3,0.883,49.6,44.5,19.5,16.9,37.3,68.4,42.6,32.8,29.605,3.6,1.44,68.381,75.0,-15.057060000000002,-3.671999999999997,11.385500000000008,-14.6,-4.0,10.600000000000009,-0.29800000000000004,-0.20000000000000284,5.600000000000001,0.10000000000000142,1.4000000000000021,-0.09999999999999432,0.3999999999999915,-11.543,-4.7,0.0,-53.266999999999996,0.524,11
2010,353,64,Minnesota,172,11,54,Xavier,131,6,65,0,18.7481,112.547,93.7989,19.8,112.8,93.0,0.902,53.7,46.7,19.1,21.6,33.4,68.0,34.3,32.9,30.379,-0.3,1.739,60.317,61.76471,19.8256,114.769,94.9437,19.6,114.3,94.7,0.897,52.5,45.7,18.3,18.2,35.0,70.6,42.4,33.2,27.451,2.8,1.45,54.813,75.0,-1.0775000000000006,-2.2220000000000084,-1.1448000000000036,0.1999999999999993,-1.5,-1.7000000000000028,0.0050000000000000044,1.2000000000000028,1.0,0.8000000000000007,3.400000000000002,-1.6000000000000014,-2.5999999999999943,2.928000000000001,-3.0999999999999996,-13.235289999999999,5.503999999999998,0.28900000000000015,5
2010,355,64,Murray St.,168,13,66,Vanderbilt,140,4,65,1,14.5856,108.952,94.3666,11.6,106.2,94.6,0.791,55.5,43.9,21.4,24.4,39.1,66.7,42.9,34.0,9.836,0.0,1.736,12.64,87.5,17.5253,113.609,96.0838,18.1,113.3,95.2,0.881,52.7,47.0,19.4,19.3,32.7,65.0,48.0,34.7,29.018,3.2,1.374,72.84,74.19355,-2.939700000000002,-4.6569999999999965,-1.7171999999999912,-6.500000000000002,-7.099999999999994,-0.6000000000000085,-0.08999999999999997,2.799999999999997,-3.1000000000000014,2.0,5.099999999999998,6.399999999999999,1.7000000000000028,-19.182000000000002,-3.2,13.306449999999998,-60.2,0.3619999999999999,9
2010,357,64,UTEP,141,12,59,Butler,193,5,77,0,17.5793,107.504,89.9248,17.5,107.0,89.5,0.886,53.0,44.2,18.6,22.5,29.2,69.7,40.3,42.9,19.818,2.1,1.843,23.484,81.25,20.0295,110.745,90.7154,18.6,109.2,90.6,0.895,52.0,46.3,19.2,21.1,31.2,72.9,47.7,35.8,20.638,4.5,1.671,31.589,87.5,-2.450199999999999,-3.2409999999999997,-0.7905999999999977,-1.1000000000000014,-2.200000000000003,-1.0999999999999943,-0.009000000000000008,1.0,-2.0999999999999943,-0.5999999999999979,1.3999999999999986,-2.0,-3.200000000000003,-0.8200000000000003,-2.4,-6.25,-8.104999999999997,0.17199999999999993,7
2010,359,64,Florida St.,185,9,60,Gonzaga,182,8,67,0,18.605,104.941,86.3361,17.9,103.8,85.9,0.898,50.9,43.2,24.7,23.7,38.6,67.4,38.8,33.9,31.177,2.8,1.262,83.764,70.96774,16.7934,112.378,95.585,17.3,111.2,93.9,0.875,54.4,46.4,18.6,18.3,32.4,71.4,49.3,33.9,22.1,2.5,1.25,51.509,80.64516,1.811600000000002,-7.436999999999998,-9.248899999999992,0.5999999999999979,-7.400000000000006,-8.0,0.02300000000000002,-3.5,-3.1999999999999957,6.099999999999998,5.399999999999999,6.200000000000003,-4.0,9.076999999999998,0.2999999999999998,-9.677419999999998,32.254999999999995,0.01200000000000001,1
2010,361,64,Vermont,139,16,56,Syracuse,149,1,79,0,3.12414,103.697,100.573,2.0,101.3,99.3,0.557,48.6,44.5,20.7,20.1,36.2,66.7,50.6,35.0,8.712,-5.1,2.038,26.761,73.52941,27.5886,118.167,90.5783,26.9,116.7,89.8,0.953,57.3,46.1,21.1,22.7,37.2,65.0,37.4,25.3,28.835,7.5,1.804,56.087,87.5,-24.46446,-14.469999999999999,9.994699999999995,-24.9,-15.400000000000006,9.5,-0.3959999999999999,-8.699999999999996,-1.6000000000000014,-0.40000000000000213,-2.599999999999998,-1.0,1.7000000000000028,-20.123,-12.6,-13.970590000000001,-29.326000000000004,0.23399999999999976,15
2010,363,64,UC Santa Barbara,144,15,51,Ohio St.,160,2,68,0,2.37748,100.038,97.6604,2.7,99.3,96.6,0.579,51.3,47.9,22.8,22.3,27.5,67.3,46.9,39.5,13.504,-4.1,1.468,8.349,67.85714,25.4713,117.429,91.9581,24.7,116.2,91.5,0.94,56.4,47.4,17.3,21.7,29.4,71.5,35.7,26.8,30.606,5.7,1.975,77.427,79.41176,-23.09382,-17.391000000000005,5.702299999999994,-22.0,-16.900000000000006,5.099999999999994,-0.361,-5.100000000000001,0.5,5.5,0.6000000000000014,-1.8999999999999986,-4.200000000000003,-17.102000000000004,-9.8,-11.55462,-69.078,-0.5070000000000001,13
2010,365,64,Georgia Tech,183,10,64,Oklahoma St.,159,7,59,1,18.0357,108.997,90.9613,18.4,109.0,90.6,0.893,50.6,43.7,23.1,21.3,38.3,65.7,37.4,34.7,33.163,1.3,1.267,83.706,63.63636,16.5333,111.497,94.9637,18.9,112.3,93.4,0.893,52.3,48.2,18.4,19.3,29.5,72.4,36.7,36.7,30.206,1.8,1.456,59.468,68.75,1.502399999999998,-2.5,-4.002400000000009,-0.5,-3.299999999999997,-2.8000000000000114,0.0,-1.6999999999999957,-4.5,4.700000000000003,2.0,8.799999999999997,-6.700000000000003,2.956999999999997,-0.5,-5.113639999999997,24.238,-0.18900000000000006,3
2010,367,64,Ohio,161,14,97,Georgetown,184,3,83,1,7.35379,105.808,98.4546,5.5,103.7,98.2,0.652,48.9,46.0,18.1,21.4,31.1,66.1,40.8,36.0,13.908,-7.8,1.364,24.434,58.82353,24.2828,116.551,92.2687,22.2,115.1,92.9,0.922,55.6,46.7,20.8,19.8,32.8,67.8,37.2,33.0,35.728,4.3,1.295,87.834,69.69697,-16.92901,-10.742999999999995,6.185900000000004,-16.7,-11.399999999999991,5.299999999999997,-0.27,-6.700000000000003,-0.7000000000000028,-2.6999999999999993,1.5999999999999979,-1.6999999999999957,-1.7000000000000028,-21.82,-12.1,-10.873439999999995,-63.400000000000006,0.06900000000000017,11
2010,369,64,San Diego St.,151,11,59,Tennessee,147,6,62,0,17.3175,111.49,94.1721,15.3,109.9,94.6,0.849,52.0,46.9,21.0,20.7,40.2,68.2,41.0,31.5,24.05,1.3,1.438,48.75,74.19355,17.3928,106.604,89.2115,17.2,106.7,89.5,0.883,50.2,44.9,18.7,23.7,32.5,68.2,36.0,40.9,29.253,3.9,1.941,51.85,75.75758,-0.07530000000000214,4.885999999999996,4.9605999999999995,-1.8999999999999986,3.200000000000003,5.099999999999994,-0.03400000000000003,1.7999999999999972,2.0,2.3000000000000007,-3.0,7.700000000000003,0.0,-5.202999999999999,-2.5999999999999996,-1.5640300000000025,-3.1000000000000014,-0.5030000000000001,5
2010,371,64,Houston,181,13,77,Maryland,174,4,89,0,9.30246,111.84,102.537,9.5,111.2,101.7,0.736,48.1,51.3,12.5,23.4,30.8,61.7,33.3,39.7,20.266,-6.4,1.998,23.414,54.54545,22.7026,117.599,94.8962,21.5,115.8,94.3,0.914,51.9,44.3,16.7,21.5,35.3,62.9,33.9,29.0,30.926,3.3,2.003,75.457,73.33333,-13.40014,-5.759,7.640800000000013,-12.0,-4.599999999999994,7.400000000000006,-0.17800000000000005,-3.799999999999997,7.0,-4.199999999999999,1.8999999999999986,-4.4999999999999964,-1.1999999999999957,-10.66,-9.7,-18.78788,-52.04299999999999,-0.0050000000000001155,9
2010,373,64,New Mexico St.,166,12,67,Michigan St.,173,5,70,0,6.12172,111.342,105.22,3.7,109.0,105.3,0.598,53.4,51.3,17.9,18.6,29.7,65.9,38.0,31.2,21.528,-2.3,1.708,19.361,65.625,20.2975,112.268,91.9702,19.5,111.6,92.1,0.901,51.5,46.5,21.0,19.4,40.5,71.6,36.2,29.9,28.984,3.5,1.634,87.758,75.0,-14.17578,-0.9260000000000019,13.249799999999993,-15.8,-2.5999999999999943,13.200000000000003,-0.30300000000000005,1.8999999999999986,4.799999999999997,-3.1000000000000014,-0.7999999999999972,-10.8,-5.699999999999989,-7.456000000000003,-5.8,-9.375,-68.39699999999999,0.07400000000000007,7
2010,375,64,Northern Iowa,164,9,69,UNLV,143,8,66,1,18.2648,108.029,89.7638,17.5,107.0,89.5,0.886,49.7,46.2,17.7,20.6,30.7,74.1,36.4,28.5,18.366,3.7,1.964,12.129,87.5,17.2431,109.859,92.6156,17.3,109.2,91.9,0.879,52.2,45.5,17.3,22.6,28.6,69.6,31.2,47.1,22.024,1.0,1.461,51.719,75.0,1.0217000000000027,-1.8299999999999983,-2.8517999999999972,0.1999999999999993,-2.200000000000003,-2.4000000000000057,0.007000000000000006,-2.5,0.7000000000000028,0.3999999999999986,-2.0,2.099999999999998,4.5,-3.6580000000000013,2.7,12.5,-39.59,0.5029999999999999,1
2010,377,64,Lehigh,177,16,74,Kansas,180,1,90,0,-1.45422,104.907,106.362,-2.2,103.1,105.3,0.44,51.6,48.2,18.5,19.4,29.7,70.9,43.4,31.5,7.914,-6.8,1.651,10.619,68.75,32.5121,119.854,87.3419,31.4,120.0,88.6,0.97,55.1,43.0,18.5,20.2,38.2,68.3,42.4,31.2,33.083,11.7,1.425,85.29,94.11765,-33.966319999999996,-14.947000000000003,19.0201,-33.6,-16.900000000000006,16.700000000000003,-0.53,-3.5,5.200000000000003,0.0,-0.8000000000000007,-8.500000000000004,2.6000000000000085,-25.168999999999997,-18.5,-25.367649999999998,-74.671,0.22599999999999998,15
2011,379,2,Butler,257,8,41,Connecticut,253,3,53,0,14.9935,112.272,97.278,15.1,111.6,96.5,0.842,51.0,48.8,17.1,19.1,32.4,72.6,38.4,39.5,20.08,-0.4,1.978,45.189,70.96774,21.703,114.804,93.1006,19.9,113.8,93.9,0.901,48.1,45.3,17.5,18.1,39.5,65.3,34.3,27.4,35.894,7.0,0.943,62.489,74.28571,-6.7095,-2.5319999999999965,4.177400000000006,-4.799999999999999,-2.200000000000003,2.5999999999999943,-0.05900000000000005,2.8999999999999986,3.5,-0.3999999999999986,1.0,-7.100000000000001,7.299999999999997,-15.814,-7.4,-3.3179699999999883,-17.299999999999997,1.0350000000000001,5
2011,381,4,Butler,257,8,70,VCU,202,11,62,1,14.9935,112.272,97.278,15.1,111.6,96.5,0.842,51.0,48.8,17.1,19.1,32.4,72.6,38.4,39.5,20.08,-0.4,1.978,45.189,70.96774,8.74997,109.563,100.813,8.2,108.8,100.6,0.711,50.9,50.4,17.5,22.5,31.6,63.6,37.0,34.0,18.893,-2.0,2.142,50.027,67.64706,6.24353,2.709000000000003,-3.5349999999999966,6.9,2.799999999999997,-4.099999999999994,0.131,0.10000000000000142,-1.6000000000000014,-0.3999999999999986,-3.3999999999999986,0.7999999999999972,8.999999999999993,1.1869999999999976,1.6,3.32068000000001,-4.838000000000001,-0.16399999999999992,-3
2011,383,4,Connecticut,253,3,56,Kentucky,240,4,55,1,21.703,114.804,93.1006,19.9,113.8,93.9,0.901,48.1,45.3,17.5,18.1,39.5,65.3,34.3,27.4,35.894,7.0,0.943,62.489,74.28571,25.2715,117.76,92.4889,26.2,118.4,92.2,0.947,52.4,44.0,15.9,18.3,35.2,69.2,37.1,30.7,30.75,5.2,1.147,86.899,75.75758,-3.5685000000000002,-2.956000000000003,0.611699999999999,-6.300000000000001,-4.6000000000000085,1.7000000000000028,-0.04599999999999993,-4.299999999999997,1.2999999999999972,1.5999999999999996,-0.1999999999999993,4.299999999999997,-3.9000000000000057,5.143999999999998,1.7999999999999998,-1.4718700000000098,-24.410000000000004,-0.20400000000000007,-1
2011,385,8,Florida,251,2,71,Butler,257,8,74,0,19.5245,114.555,95.0304,19.2,113.3,94.1,0.894,51.7,47.6,19.1,19.3,38.4,70.1,35.9,26.6,28.23,5.3,1.736,83.511,78.78788,14.9935,112.272,97.278,15.1,111.6,96.5,0.842,51.0,48.8,17.1,19.1,32.4,72.6,38.4,39.5,20.08,-0.4,1.978,45.189,70.96774,4.531000000000001,2.2830000000000013,-2.2476000000000056,4.1,1.7000000000000028,-2.4000000000000057,0.052000000000000046,0.7000000000000028,-1.1999999999999957,2.0,0.1999999999999993,6.0,-2.5,8.150000000000002,5.7,7.820139999999995,38.321999999999996,-0.242,-6
2011,387,8,VCU,202,11,71,Kansas,242,1,61,1,8.74997,109.563,100.813,8.2,108.8,100.6,0.711,50.9,50.4,17.5,22.5,31.6,63.6,37.0,34.0,18.893,-2.0,2.142,50.027,67.64706,28.7018,119.505,90.8029,30.6,120.0,89.4,0.967,57.7,44.7,19.1,20.3,36.5,72.0,40.6,32.8,26.504,10.2,1.993,76.479,94.11765,-19.95183,-9.941999999999993,10.010100000000008,-22.400000000000002,-11.200000000000003,11.199999999999989,-0.256,-6.800000000000004,5.699999999999996,-1.6000000000000014,2.1999999999999993,-4.899999999999999,-8.399999999999999,-7.611000000000001,-12.2,-26.47059,-26.451999999999998,0.1489999999999998,10
2011,389,8,Connecticut,253,3,65,Arizona,261,5,63,1,21.703,114.804,93.1006,19.9,113.8,93.9,0.901,48.1,45.3,17.5,18.1,39.5,65.3,34.3,27.4,35.894,7.0,0.943,62.489,74.28571,18.8834,115.936,97.0522,20.0,115.7,95.7,0.899,54.4,48.4,18.9,18.7,33.3,71.0,44.1,36.3,25.335,4.7,1.39,73.308,79.41176,2.8195999999999977,-1.132000000000005,-3.951599999999999,-0.10000000000000142,-1.9000000000000057,-1.7999999999999972,0.0020000000000000018,-6.299999999999997,-3.1000000000000014,-1.3999999999999986,-0.5999999999999979,6.200000000000003,-5.700000000000003,10.558999999999997,2.3,-5.126050000000006,-10.81900000000001,-0.44699999999999995,-2
2011,391,8,North Carolina,230,2,69,Kentucky,240,4,76,0,21.5431,110.652,89.1087,21.1,110.2,89.1,0.92,49.2,46.1,18.7,19.6,37.2,70.2,37.9,24.8,33.486,7.4,1.088,91.173,78.78788,25.2715,117.76,92.4889,26.2,118.4,92.2,0.947,52.4,44.0,15.9,18.3,35.2,69.2,37.1,30.7,30.75,5.2,1.147,86.899,75.75758,-3.7284000000000006,-7.108000000000004,-3.380200000000002,-5.099999999999998,-8.200000000000003,-3.1000000000000085,-0.026999999999999913,-3.1999999999999957,2.1000000000000014,2.799999999999999,1.3000000000000007,2.0,1.0,2.735999999999997,2.2,3.030299999999997,4.274000000000001,-0.05899999999999994,-2
2011,393,16,Florida,251,2,83,BYU,256,3,74,1,19.5245,114.555,95.0304,19.2,113.3,94.1,0.894,51.7,47.6,19.1,19.3,38.4,70.1,35.9,26.6,28.23,5.3,1.736,83.511,78.78788,23.4657,117.73,94.2638,22.5,116.7,94.2,0.922,51.8,46.5,15.3,20.3,31.5,71.3,39.0,33.2,24.953,7.2,1.951,23.025,87.87879,-3.9411999999999985,-3.174999999999997,0.7665999999999968,-3.3000000000000007,-3.4000000000000057,-0.10000000000000853,-0.028000000000000025,-0.09999999999999432,1.1000000000000014,3.8000000000000007,-1.0,6.899999999999999,-1.2000000000000028,3.277000000000001,-1.9000000000000004,-9.090909999999994,60.486,-0.21500000000000008,-1
2011,395,16,Wisconsin,198,4,54,Butler,257,8,61,0,25.5977,121.946,96.348,26.1,121.6,95.5,0.942,52.0,48.3,12.8,16.8,34.2,73.0,28.0,31.4,34.801,5.9,1.978,66.994,74.19355,14.9935,112.272,97.278,15.1,111.6,96.5,0.842,51.0,48.8,17.1,19.1,32.4,72.6,38.4,39.5,20.08,-0.4,1.978,45.189,70.96774,10.6042,9.673999999999992,-0.9300000000000068,11.000000000000002,10.0,-1.0,0.09999999999999998,1.0,-0.5,-4.300000000000001,-2.3000000000000007,1.8000000000000043,0.4000000000000057,14.721000000000004,6.300000000000001,3.2258099999999956,21.805,0.0,-4
2011,397,16,Florida St.,250,10,71,VCU,202,11,72,0,14.9701,103.157,88.1874,14.1,101.2,87.1,0.849,49.1,42.2,23.1,22.2,35.7,69.1,38.0,36.4,27.172,1.2,1.687,76.219,67.74194,8.74997,109.563,100.813,8.2,108.8,100.6,0.711,50.9,50.4,17.5,22.5,31.6,63.6,37.0,34.0,18.893,-2.0,2.142,50.027,67.64706,6.220130000000001,-6.406000000000006,-12.625600000000006,5.9,-7.599999999999994,-13.5,0.138,-1.7999999999999972,-8.199999999999996,5.600000000000001,-0.3000000000000007,4.100000000000001,5.499999999999993,8.279,3.2,0.0948800000000034,26.191999999999993,-0.45499999999999985,-1
2011,399,16,Richmond,220,12,57,Kansas,242,1,77,0,15.5729,111.003,95.4298,14.5,110.2,95.7,0.835,53.6,44.6,16.6,19.8,28.2,67.1,33.4,29.2,18.354,1.8,2.275,19.193,79.41176,28.7018,119.505,90.8029,30.6,120.0,89.4,0.967,57.7,44.7,19.1,20.3,36.5,72.0,40.6,32.8,26.504,10.2,1.993,76.479,94.11765,-13.128899999999998,-8.501999999999995,4.626900000000006,-16.1,-9.799999999999997,6.299999999999997,-0.132,-4.100000000000001,-0.10000000000000142,-2.5,-0.5,-8.3,-4.900000000000006,-8.150000000000002,-8.399999999999999,-14.705889999999997,-57.286,0.2819999999999998,11
2011,401,16,San Diego St.,218,2,67,Connecticut,253,3,74,0,25.6096,113.834,88.2242,22.4,112.3,89.9,0.928,50.8,43.9,17.2,19.9,37.6,70.0,32.7,28.9,24.555,8.7,2.076,41.701,93.75,21.703,114.804,93.1006,19.9,113.8,93.9,0.901,48.1,45.3,17.5,18.1,39.5,65.3,34.3,27.4,35.894,7.0,0.943,62.489,74.28571,3.906600000000001,-0.9699999999999989,-4.876400000000004,2.5,-1.5,-4.0,0.027000000000000024,2.6999999999999957,-1.3999999999999986,-0.3000000000000007,1.7999999999999972,-1.8999999999999986,4.700000000000003,-11.338999999999999,1.6999999999999993,19.464290000000005,-20.787999999999997,1.133,-1
2011,403,16,Arizona,261,5,93,Duke,252,1,77,1,18.8834,115.936,97.0522,20.0,115.7,95.7,0.899,54.4,48.4,18.9,18.7,33.3,71.0,44.1,36.3,25.335,4.7,1.39,73.308,79.41176,29.5475,118.637,89.0891,29.4,118.3,88.9,0.964,53.6,43.8,17.3,21.3,35.4,66.5,37.4,30.2,29.3,9.5,1.669,77.815,88.23529,-10.664099999999998,-2.7009999999999934,7.963099999999997,-9.399999999999999,-2.5999999999999943,6.799999999999997,-0.06499999999999995,0.7999999999999972,4.600000000000001,1.5999999999999979,-2.6000000000000014,-2.1000000000000014,4.5,-3.965,-4.8,-8.823530000000005,-4.506999999999991,-0.27900000000000014,4
2011,405,16,North Carolina,230,2,81,Marquette,236,11,63,1,21.5431,110.652,89.1087,21.1,110.2,89.1,0.92,49.2,46.1,18.7,19.6,37.2,70.2,37.9,24.8,33.486,7.4,1.088,91.173,78.78788,18.1301,115.623,97.4927,18.1,115.3,97.2,0.877,51.4,50.0,17.5,20.5,36.2,67.1,44.7,29.2,33.868,0.8,1.908,24.152,58.82353,3.4130000000000003,-4.971000000000004,-8.384,3.0,-5.099999999999994,-8.100000000000009,0.04300000000000004,-2.1999999999999957,-3.8999999999999986,1.1999999999999993,-0.8999999999999986,1.0,3.1000000000000085,-0.382000000000005,6.6000000000000005,19.964350000000003,67.021,-0.8199999999999998,-9
2011,407,16,Kentucky,240,4,62,Ohio St.,226,1,60,1,25.2715,117.76,92.4889,26.2,118.4,92.2,0.947,52.4,44.0,15.9,18.3,35.2,69.2,37.1,30.7,30.75,5.2,1.147,86.899,75.75758,32.232,123.643,91.4115,33.2,123.2,90.0,0.974,56.0,48.4,15.8,23.3,35.3,71.9,37.8,20.9,31.137,12.0,1.575,91.348,94.11765,-6.9605,-5.882999999999996,1.0773999999999972,-7.0000000000000036,-4.799999999999997,2.200000000000003,-0.027000000000000024,-3.6000000000000014,-4.399999999999999,0.09999999999999964,-5.0,-0.09999999999999432,-2.700000000000003,-0.38700000000000045,-6.8,-18.360069999999993,-4.448999999999998,-0.42799999999999994,3
2011,409,32,Florida,251,2,73,UCLA,209,7,65,1,19.5245,114.555,95.0304,19.2,113.3,94.1,0.894,51.7,47.6,19.1,19.3,38.4,70.1,35.9,26.6,28.23,5.3,1.736,83.511,78.78788,13.7419,107.561,93.8189,13.6,106.9,93.3,0.827,50.4,45.9,22.1,17.9,36.0,68.6,42.8,33.0,26.572,1.4,1.198,77.947,68.75,5.7826,6.994,1.211500000000001,5.6,6.3999999999999915,0.7999999999999972,0.06700000000000006,1.3000000000000043,1.7000000000000028,-3.0,1.4000000000000021,2.3999999999999986,1.5,1.6580000000000013,3.9,10.037880000000001,5.563999999999993,0.538,-5
2011,411,32,BYU,256,3,89,Gonzaga,246,11,67,1,23.4657,117.73,94.2638,22.5,116.7,94.2,0.922,51.8,46.5,15.3,20.3,31.5,71.3,39.0,33.2,24.953,7.2,1.951,23.025,87.87879,16.5087,110.61,94.1013,16.3,109.2,92.9,0.865,52.5,46.5,19.7,21.3,35.5,71.1,41.6,35.7,21.413,0.3,1.484,36.501,71.875,6.956999999999997,7.1200000000000045,0.16250000000000853,6.199999999999999,7.5,1.2999999999999972,0.05700000000000005,-0.7000000000000028,0.0,-4.399999999999999,-1.0,-4.0,0.20000000000000284,3.539999999999999,6.9,16.003789999999995,-13.475999999999999,0.4670000000000001,-8
2011,413,32,Wisconsin,198,4,70,Kansas St.,241,5,65,1,25.5977,121.946,96.348,26.1,121.6,95.5,0.942,52.0,48.3,12.8,16.8,34.2,73.0,28.0,31.4,34.801,5.9,1.978,66.994,74.19355,17.4393,109.524,92.0845,18.0,108.9,90.9,0.889,49.7,47.0,21.7,22.7,41.2,69.0,42.7,45.4,29.925,2.0,1.511,43.162,67.74194,8.1584,12.421999999999997,4.263499999999993,8.100000000000001,12.699999999999989,4.599999999999994,0.052999999999999936,2.299999999999997,1.2999999999999972,-8.899999999999999,-5.899999999999999,-7.0,4.0,4.876000000000001,3.9000000000000004,6.451610000000002,23.832,0.4670000000000001,-1
2011,415,32,Butler,257,8,71,Pittsburgh,223,1,70,1,14.9935,112.272,97.278,15.1,111.6,96.5,0.842,51.0,48.8,17.1,19.1,32.4,72.6,38.4,39.5,20.08,-0.4,1.978,45.189,70.96774,27.4261,119.627,92.2012,26.5,119.0,92.5,0.948,52.8,45.1,18.3,17.8,42.8,70.9,43.3,32.4,29.684,7.6,2.0,80.027,84.375,-12.432600000000003,-7.35499999999999,5.076800000000006,-11.4,-7.400000000000006,4.0,-0.10599999999999998,-1.7999999999999972,3.6999999999999957,-1.1999999999999993,1.3000000000000007,-10.399999999999999,1.6999999999999886,-9.604000000000003,-8.0,-13.407259999999994,-34.838,-0.02200000000000002,7
2011,417,32,Notre Dame,228,2,57,Florida St.,250,10,71,0,24.6542,121.279,96.6246,25.6,121.8,96.2,0.938,54.1,46.7,16.4,15.9,33.8,70.1,45.4,25.5,33.256,7.8,2.26,57.624,81.25,14.9701,103.157,88.1874,14.1,101.2,87.1,0.849,49.1,42.2,23.1,22.2,35.7,69.1,38.0,36.4,27.172,1.2,1.687,76.219,67.74194,9.684099999999999,18.122,8.437200000000004,11.500000000000002,20.599999999999994,9.100000000000009,0.08899999999999997,5.0,4.5,-6.700000000000003,-6.299999999999999,-1.9000000000000057,1.0,6.084,6.6,13.50806,-18.59499999999999,0.5729999999999997,-8
2011,419,32,Purdue,221,3,76,VCU,202,11,94,0,25.6115,115.013,89.4016,23.9,113.7,89.8,0.938,50.8,45.8,15.6,21.7,32.0,70.0,35.1,31.4,34.119,7.2,1.788,77.588,78.125,8.74997,109.563,100.813,8.2,108.8,100.6,0.711,50.9,50.4,17.5,22.5,31.6,63.6,37.0,34.0,18.893,-2.0,2.142,50.027,67.64706,16.861530000000002,5.450000000000003,-11.4114,15.7,4.900000000000006,-10.799999999999997,0.22699999999999998,-0.10000000000000142,-4.600000000000001,-1.9000000000000004,-0.8000000000000007,0.3999999999999986,6.399999999999999,15.225999999999999,9.2,10.477940000000004,27.560999999999993,-0.35399999999999987,-8
2011,421,32,Morehead St.,231,13,48,Richmond,220,12,65,0,6.79253,105.208,98.4152,4.9,103.7,98.8,0.636,51.1,49.3,23.4,22.9,41.3,72.1,41.3,38.5,13.533,-3.6,2.319,6.997,70.0,15.5729,111.003,95.4298,14.5,110.2,95.7,0.835,53.6,44.6,16.6,19.8,28.2,67.1,33.4,29.2,18.354,1.8,2.275,19.193,79.41176,-8.780370000000001,-5.795000000000002,2.9853999999999985,-9.6,-6.5,3.0999999999999943,-0.19899999999999995,-2.5,4.699999999999996,6.799999999999997,3.099999999999998,13.099999999999998,5.0,-4.821,-5.4,-9.411760000000001,-12.196000000000002,0.04400000000000004,1
2011,423,32,Illinois,244,9,59,Kansas,242,1,73,0,19.5782,112.305,92.727,21.9,113.4,91.5,0.922,52.8,45.4,19.1,18.4,32.1,68.1,28.6,32.5,35.021,1.6,1.966,69.318,59.375,28.7018,119.505,90.8029,30.6,120.0,89.4,0.967,57.7,44.7,19.1,20.3,36.5,72.0,40.6,32.8,26.504,10.2,1.993,76.479,94.11765,-9.1236,-7.199999999999989,1.92410000000001,-8.700000000000003,-6.599999999999994,2.0999999999999943,-0.04499999999999993,-4.900000000000006,0.6999999999999957,0.0,-1.9000000000000021,-4.399999999999999,-3.9000000000000057,8.517,-8.6,-34.74265,-7.161000000000001,-0.027000000000000135,8
2011,425,32,San Diego St.,218,2,71,Temple,215,7,64,1,25.6096,113.834,88.2242,22.4,112.3,89.9,0.928,50.8,43.9,17.2,19.9,37.6,70.0,32.7,28.9,24.555,8.7,2.076,41.701,93.75,16.988,109.724,92.7362,15.7,107.9,92.2,0.859,50.1,46.0,16.3,20.0,32.1,71.5,34.5,27.3,20.89,2.1,1.787,27.287,78.125,8.6216,4.109999999999999,-4.5120000000000005,6.699999999999999,4.3999999999999915,-2.299999999999997,0.06900000000000006,0.6999999999999957,-2.1000000000000014,0.8999999999999986,-0.10000000000000142,5.5,-1.5,3.664999999999999,6.6,15.625,14.414000000000001,0.28900000000000015,-5
2011,427,32,Connecticut,253,3,69,Cincinnati,255,6,58,1,21.703,114.804,93.1006,19.9,113.8,93.9,0.901,48.1,45.3,17.5,18.1,39.5,65.3,34.3,27.4,35.894,7.0,0.943,62.489,74.28571,19.6039,109.822,90.218,18.4,108.8,90.4,0.894,49.3,45.8,18.1,22.4,38.4,69.4,38.6,35.1,26.215,3.4,2.019,64.106,75.75758,2.0991,4.981999999999999,2.8825999999999965,1.5,5.0,3.5,0.007000000000000006,-1.1999999999999957,-0.5,-0.6000000000000014,-4.299999999999997,1.1000000000000014,-4.1000000000000085,9.678999999999998,3.6,-1.4718700000000098,-1.6169999999999973,-1.076,-3
2011,429,32,Texas,213,4,69,Arizona,261,5,70,0,26.7252,114.882,88.1564,26.0,113.7,87.7,0.952,50.3,42.0,17.3,19.0,38.2,69.7,43.2,31.1,27.862,5.4,1.47,87.745,79.41176,18.8834,115.936,97.0522,20.0,115.7,95.7,0.899,54.4,48.4,18.9,18.7,33.3,71.0,44.1,36.3,25.335,4.7,1.39,73.308,79.41176,7.841799999999999,-1.054000000000002,-8.895799999999994,6.0,-2.0,-8.0,0.052999999999999936,-4.100000000000001,-6.399999999999999,-1.5999999999999979,0.3000000000000007,4.900000000000006,-1.2999999999999972,2.5269999999999975,0.7000000000000002,0.0,14.436999999999998,0.08000000000000007,-1
2011,431,32,Michigan,234,8,71,Duke,252,1,73,0,15.4164,110.77,95.3533,15.7,109.9,94.2,0.855,51.9,48.9,16.3,18.6,25.0,70.6,27.9,29.7,36.499,1.9,0.899,58.01,59.375,29.5475,118.637,89.0891,29.4,118.3,88.9,0.964,53.6,43.8,17.3,21.3,35.4,66.5,37.4,30.2,29.3,9.5,1.669,77.815,88.23529,-14.1311,-7.867000000000004,6.264200000000002,-13.7,-8.399999999999991,5.299999999999997,-0.10899999999999999,-1.7000000000000028,5.100000000000001,-1.0,-2.6999999999999993,-10.399999999999999,4.099999999999994,7.199000000000002,-7.6,-28.860290000000006,-19.805,-0.77,7
2011,433,32,North Carolina,230,2,86,Washington,200,7,83,1,21.5431,110.652,89.1087,21.1,110.2,89.1,0.92,49.2,46.1,18.7,19.6,37.2,70.2,37.9,24.8,33.486,7.4,1.088,91.173,78.78788,22.2141,116.488,94.2736,22.2,116.9,94.7,0.919,53.9,46.1,17.0,20.5,38.0,68.2,32.5,44.5,26.105,1.9,1.918,72.558,69.69697,-0.6709999999999994,-5.8359999999999985,-5.164900000000003,-1.0999999999999979,-6.700000000000003,-5.6000000000000085,0.0010000000000000009,-4.699999999999996,0.0,1.6999999999999993,-0.8999999999999986,-0.7999999999999972,2.0,7.380999999999997,5.5,9.090910000000008,18.614999999999995,-0.8299999999999998,-5
2011,435,32,Syracuse,216,3,62,Marquette,236,11,66,0,22.6298,114.248,91.6187,21.6,113.5,91.9,0.919,52.8,45.2,18.3,20.7,37.0,66.5,35.6,29.4,31.253,6.2,1.394,80.006,78.125,18.1301,115.623,97.4927,18.1,115.3,97.2,0.877,51.4,50.0,17.5,20.5,36.2,67.1,44.7,29.2,33.868,0.8,1.908,24.152,58.82353,4.499700000000001,-1.375,-5.873999999999995,3.5,-1.7999999999999972,-5.299999999999997,0.04200000000000004,1.3999999999999986,-4.799999999999997,0.8000000000000007,0.1999999999999993,0.7999999999999972,-0.5999999999999943,-2.615000000000002,5.4,19.301470000000002,55.854,-0.514,-8
2011,437,32,Kentucky,240,4,71,West Virginia,199,5,63,1,25.2715,117.76,92.4889,26.2,118.4,92.2,0.947,52.4,44.0,15.9,18.3,35.2,69.2,37.1,30.7,30.75,5.2,1.147,86.899,75.75758,20.1684,113.313,93.145,20.0,113.3,93.3,0.903,48.4,45.6,18.9,18.9,40.5,64.4,40.7,35.4,34.766,3.1,2.351,51.905,64.51613,5.103100000000001,4.447000000000003,-0.656099999999995,6.199999999999999,5.1000000000000085,-1.0999999999999943,0.04399999999999993,4.0,-1.6000000000000014,-2.9999999999999982,-0.5999999999999979,-5.299999999999997,4.799999999999997,-4.015999999999998,2.1,11.24145,34.994,-1.204,-1
2011,439,32,George Mason,249,8,66,Ohio St.,226,1,98,0,18.3096,113.269,94.9599,16.4,111.3,94.9,0.862,53.6,45.8,16.8,20.9,32.8,68.8,39.3,32.0,15.383,1.1,1.801,36.183,81.25,32.232,123.643,91.4115,33.2,123.2,90.0,0.974,56.0,48.4,15.8,23.3,35.3,71.9,37.8,20.9,31.137,12.0,1.575,91.348,94.11765,-13.9224,-10.373999999999995,3.548400000000001,-16.800000000000004,-11.900000000000006,4.900000000000006,-0.11199999999999999,-2.3999999999999986,-2.6000000000000014,1.0,-2.400000000000002,-2.5,-3.1000000000000085,-15.754000000000001,-10.9,-12.867649999999998,-55.165,0.22599999999999998,7
2011,441,64,UC Santa Barbara,210,15,51,Florida,251,2,79,0,4.10161,103.503,99.4018,2.9,102.2,99.3,0.582,51.9,46.8,21.7,20.1,28.4,68.1,37.2,42.6,15.425,-6.8,2.161,12.559,55.17241,19.5245,114.555,95.0304,19.2,113.3,94.1,0.894,51.7,47.6,19.1,19.3,38.4,70.1,35.9,26.6,28.23,5.3,1.736,83.511,78.78788,-15.422889999999999,-11.052000000000007,4.371399999999994,-16.3,-11.099999999999994,5.200000000000003,-0.31200000000000006,0.19999999999999574,-0.8000000000000043,2.599999999999998,0.8000000000000007,-10.0,-2.0,-12.805,-12.1,-23.615470000000002,-70.952,0.42500000000000004,13
2011,443,64,Michigan St.,233,10,76,UCLA,209,7,78,0,14.7956,108.503,93.7079,14.6,108.0,93.4,0.842,48.6,47.8,20.0,17.8,34.6,71.5,36.7,37.3,40.022,2.3,1.94,83.395,56.25,13.7419,107.561,93.8189,13.6,106.9,93.3,0.827,50.4,45.9,22.1,17.9,36.0,68.6,42.8,33.0,26.572,1.4,1.198,77.947,68.75,1.053700000000001,0.9419999999999931,-0.1110000000000042,1.0,1.0999999999999943,0.10000000000000853,0.015000000000000013,-1.7999999999999972,1.8999999999999986,-2.1000000000000014,-0.09999999999999787,-1.3999999999999986,2.9000000000000057,13.45,0.8999999999999999,-12.5,5.447999999999993,0.742,3
2011,445,64,Wofford,197,14,66,BYU,256,3,74,0,7.57016,111.911,104.341,7.8,110.7,102.9,0.699,53.3,50.0,18.0,20.4,34.6,67.3,42.0,41.6,16.242,-4.6,2.647,8.499,63.63636,23.4657,117.73,94.2638,22.5,116.7,94.2,0.922,51.8,46.5,15.3,20.3,31.5,71.3,39.0,33.2,24.953,7.2,1.951,23.025,87.87879,-15.895539999999999,-5.819000000000003,10.07719999999999,-14.7,-6.0,8.700000000000003,-0.2230000000000001,1.5,3.5,2.6999999999999993,0.09999999999999787,3.1000000000000014,-4.0,-8.710999999999999,-11.8,-24.24242999999999,-14.525999999999998,0.6959999999999997,11
2011,447,64,Gonzaga,246,11,86,St. John's,217,6,71,1,16.5087,110.61,94.1013,16.3,109.2,92.9,0.865,52.5,46.5,19.7,21.3,35.5,71.1,41.6,35.7,21.413,0.3,1.484,36.501,71.875,16.8263,110.496,93.6698,17.1,110.1,93.0,0.875,49.4,50.5,18.7,24.1,33.1,67.1,44.8,39.9,34.3,3.2,2.668,38.382,65.625,-0.31759999999999877,0.11400000000000432,0.4314999999999998,-0.8000000000000007,-0.8999999999999915,-0.09999999999999432,-0.010000000000000009,3.1000000000000014,-4.0,1.0,-2.8000000000000007,2.3999999999999986,4.0,-12.886999999999997,-2.9000000000000004,6.25,-1.8810000000000002,-1.1840000000000002,5
2011,449,64,Belmont,260,13,58,Wisconsin,198,4,72,0,18.9677,112.236,93.268,17.6,110.8,93.2,0.88,54.4,45.6,19.9,27.4,37.9,67.8,38.0,45.8,10.427,1.0,1.584,12.798,88.23529,25.5977,121.946,96.348,26.1,121.6,95.5,0.942,52.0,48.3,12.8,16.8,34.2,73.0,28.0,31.4,34.801,5.9,1.978,66.994,74.19355,-6.629999999999999,-9.709999999999994,-3.0799999999999983,-8.5,-10.799999999999997,-2.299999999999997,-0.061999999999999944,2.3999999999999986,-2.6999999999999957,7.099999999999998,10.599999999999998,3.6999999999999957,-5.200000000000003,-24.374000000000002,-4.9,14.041740000000004,-54.196,-0.3939999999999999,9
2011,451,64,Utah St.,205,12,68,Kansas St.,241,5,73,0,20.1997,110.413,90.2135,18.6,109.3,90.7,0.895,52.2,43.3,18.4,18.9,34.2,74.3,43.4,34.0,14.937,3.7,2.597,21.428,90.625,17.4393,109.524,92.0845,18.0,108.9,90.9,0.889,49.7,47.0,21.7,22.7,41.2,69.0,42.7,45.4,29.925,2.0,1.511,43.162,67.74194,2.7604000000000006,0.8889999999999958,-1.8710000000000093,0.6000000000000014,0.3999999999999915,-0.20000000000000284,0.006000000000000005,2.5,-3.700000000000003,-3.3000000000000007,-3.8000000000000007,-7.0,5.299999999999997,-14.988000000000001,1.7000000000000002,22.88306,-21.733999999999998,1.086,7
2011,453,64,Old Dominion,225,9,58,Butler,257,8,60,0,14.251,109.126,94.8747,12.7,107.7,95.0,0.809,48.7,47.3,20.4,18.8,45.3,72.6,37.0,27.7,17.783,2.3,2.539,6.944,81.81818,14.9935,112.272,97.278,15.1,111.6,96.5,0.842,51.0,48.8,17.1,19.1,32.4,72.6,38.4,39.5,20.08,-0.4,1.978,45.189,70.96774,-0.7424999999999997,-3.146000000000001,-2.4033000000000015,-2.4000000000000004,-3.8999999999999915,-1.5,-0.03299999999999992,-2.299999999999997,-1.5,3.299999999999997,-0.3000000000000007,12.899999999999999,0.0,-2.296999999999997,2.6999999999999997,10.850439999999992,-38.245,0.5610000000000002,1
2011,455,64,UNC Asheville,208,16,51,Pittsburgh,223,1,74,0,2.393,101.432,99.0391,-0.6,98.4,99.0,0.483,49.2,47.7,21.4,24.3,32.1,64.2,41.8,39.6,12.978,-8.1,1.789,3.853,55.17241,27.4261,119.627,92.2012,26.5,119.0,92.5,0.948,52.8,45.1,18.3,17.8,42.8,70.9,43.3,32.4,29.684,7.6,2.0,80.027,84.375,-25.0331,-18.194999999999993,6.837900000000005,-27.1,-20.599999999999994,6.5,-0.46499999999999997,-3.5999999999999943,2.6000000000000014,3.099999999999998,6.5,-10.699999999999996,-6.700000000000003,-16.706000000000003,-15.7,-29.20259,-76.174,-0.21100000000000008,15
2011,457,64,Akron,263,15,56,Notre Dame,228,2,69,0,3.75741,103.29,99.533,2.8,101.4,98.6,0.58,49.9,46.5,17.7,20.5,28.5,67.0,31.9,38.2,13.032,-5.6,1.985,11.594,64.70588,24.6542,121.279,96.6246,25.6,121.8,96.2,0.938,54.1,46.7,16.4,15.9,33.8,70.1,45.4,25.5,33.256,7.8,2.26,57.624,81.25,-20.89679,-17.98899999999999,2.9084000000000003,-22.8,-20.39999999999999,2.3999999999999915,-0.358,-4.200000000000003,-0.20000000000000284,1.3000000000000007,4.6,-5.299999999999997,-3.0999999999999943,-20.224,-13.399999999999999,-16.544120000000007,-46.03,-0.2749999999999997,13
2011,459,64,Florida St.,250,10,57,Texas A&M,212,7,50,1,14.9701,103.157,88.1874,14.1,101.2,87.1,0.849,49.1,42.2,23.1,22.2,35.7,69.1,38.0,36.4,27.172,1.2,1.687,76.219,67.74194,15.3838,109.943,94.5593,13.2,107.9,94.7,0.818,49.6,46.5,20.3,20.7,37.9,70.3,47.6,36.7,25.412,2.4,1.859,69.642,74.19355,-0.4137000000000004,-6.786000000000001,-6.371899999999997,0.9000000000000004,-6.700000000000003,-7.6000000000000085,0.031000000000000028,-0.5,-4.299999999999997,2.8000000000000007,1.5,-2.1999999999999957,-1.2000000000000028,1.7600000000000016,-1.2,-6.451610000000002,6.576999999999998,-0.17199999999999993,3
2011,461,64,Saint Peter's,219,14,43,Purdue,221,3,65,0,3.24183,95.0018,91.7599,2.1,93.6,91.5,0.565,45.9,42.2,22.9,21.6,32.5,65.9,39.8,42.4,15.033,-5.9,2.141,2.161,60.60606,25.6115,115.013,89.4016,23.9,113.7,89.8,0.938,50.8,45.8,15.6,21.7,32.0,70.0,35.1,31.4,34.119,7.2,1.788,77.588,78.125,-22.36967,-20.011200000000002,2.3583,-21.799999999999997,-20.10000000000001,1.7000000000000028,-0.373,-4.899999999999999,-3.5999999999999943,7.299999999999999,-0.09999999999999787,0.5,-4.099999999999994,-19.086,-13.100000000000001,-17.51894,-75.42699999999999,0.353,11
2011,463,64,VCU,202,11,74,Georgetown,248,6,56,1,8.74997,109.563,100.813,8.2,108.8,100.6,0.711,50.9,50.4,17.5,22.5,31.6,63.6,37.0,34.0,18.893,-2.0,2.142,50.027,67.64706,18.9952,114.287,95.2916,18.4,113.7,95.3,0.884,54.4,46.6,20.6,17.7,33.6,67.5,33.6,36.6,35.555,4.4,1.933,86.327,67.74194,-10.245230000000001,-4.724000000000004,5.5214,-10.2,-4.900000000000006,5.299999999999997,-0.17300000000000004,-3.5,3.799999999999997,-3.1000000000000014,4.800000000000001,-2.0,-3.8999999999999986,-16.662,-6.4,-0.0948800000000034,-36.3,0.20899999999999985,5
2011,465,64,Morehead St.,231,13,62,Louisville,237,4,61,1,6.79253,105.208,98.4152,4.9,103.7,98.8,0.636,51.1,49.3,23.4,22.9,41.3,72.1,41.3,38.5,13.533,-3.6,2.319,6.997,70.0,22.87,111.247,88.3769,21.7,111.4,89.7,0.924,52.5,44.5,18.9,23.2,35.2,65.0,29.8,40.0,30.743,4.7,1.591,60.093,73.52941,-16.07747,-6.0390000000000015,10.038299999999992,-16.799999999999997,-7.700000000000003,9.099999999999994,-0.28800000000000003,-1.3999999999999986,4.799999999999997,4.5,-0.3000000000000007,6.099999999999994,7.099999999999994,-17.21,-8.3,-3.5294099999999986,-53.096000000000004,0.728,9
2011,467,64,Richmond,220,12,69,Vanderbilt,203,5,66,1,15.5729,111.003,95.4298,14.5,110.2,95.7,0.835,53.6,44.6,16.6,19.8,28.2,67.1,33.4,29.2,18.354,1.8,2.275,19.193,79.41176,17.437,115.206,97.7687,18.1,114.4,96.3,0.879,52.8,45.7,19.1,17.8,32.8,67.8,45.0,28.2,26.811,1.8,1.54,81.31,69.69697,-1.8641000000000005,-4.203000000000003,-2.3388999999999953,-3.6000000000000014,-4.200000000000003,-0.5999999999999943,-0.04400000000000004,0.8000000000000043,-1.1000000000000014,-2.5,2.0,-4.599999999999998,-0.7000000000000028,-8.457,0.0,9.714790000000008,-62.117000000000004,0.7349999999999999,7
2011,469,64,Illinois,244,9,73,UNLV,207,8,62,1,19.5782,112.305,92.727,21.9,113.4,91.5,0.922,52.8,45.4,19.1,18.4,32.1,68.1,28.6,32.5,35.021,1.6,1.966,69.318,59.375,18.7696,110.321,91.5518,18.9,109.6,90.7,0.898,51.0,45.4,18.7,24.0,33.5,68.1,39.2,39.9,25.625,2.8,1.792,60.906,75.0,0.8085999999999984,1.9840000000000089,1.1752000000000038,3.0,3.8000000000000114,0.7999999999999972,0.02400000000000002,1.7999999999999972,0.0,0.40000000000000213,-5.600000000000001,-1.3999999999999986,0.0,9.396,-1.1999999999999997,-15.625,8.411999999999999,0.17399999999999993,1
2011,471,64,Boston University,259,16,53,Kansas,242,1,72,0,-0.38517,102.907,103.292,-1.7,101.7,103.4,0.453,47.4,45.6,19.0,17.9,34.6,65.8,37.7,30.6,11.596,-7.6,1.669,5.779,61.76471,28.7018,119.505,90.8029,30.6,120.0,89.4,0.967,57.7,44.7,19.1,20.3,36.5,72.0,40.6,32.8,26.504,10.2,1.993,76.479,94.11765,-29.086969999999997,-16.598,12.489100000000008,-32.300000000000004,-18.299999999999997,14.0,-0.514,-10.300000000000004,0.8999999999999986,-0.10000000000000142,-2.400000000000002,-1.8999999999999986,-6.200000000000003,-14.908000000000001,-17.799999999999997,-32.35294,-70.7,-0.32400000000000007,15
2011,473,64,Northern Colorado,229,15,50,San Diego St.,218,2,68,0,4.58447,106.011,101.426,3.7,104.8,101.1,0.602,50.2,48.8,21.8,20.5,35.8,71.4,44.4,44.6,13.609,-4.6,2.08,7.93,65.51724,25.6096,113.834,88.2242,22.4,112.3,89.9,0.928,50.8,43.9,17.2,19.9,37.6,70.0,32.7,28.9,24.555,8.7,2.076,41.701,93.75,-21.02513,-7.8230000000000075,13.201800000000006,-18.7,-7.5,11.199999999999989,-0.32600000000000007,-0.5999999999999943,4.899999999999999,4.600000000000001,0.6000000000000014,-1.8000000000000043,1.4000000000000057,-10.946,-13.299999999999999,-28.23276,-33.771,0.0040000000000000036,13
2011,475,64,Penn St.,224,10,64,Temple,215,7,66,0,14.4209,111.847,97.4264,14.5,111.2,96.7,0.833,49.9,50.6,17.7,18.1,32.3,69.8,31.8,29.1,37.339,1.7,2.234,45.528,57.57576,16.988,109.724,92.7362,15.7,107.9,92.2,0.859,50.1,46.0,16.3,20.0,32.1,71.5,34.5,27.3,20.89,2.1,1.787,27.287,78.125,-2.5671,2.1229999999999905,4.690200000000004,-1.1999999999999993,3.299999999999997,4.5,-0.026000000000000023,-0.20000000000000284,4.600000000000001,1.3999999999999986,-1.8999999999999986,0.19999999999999574,-1.7000000000000028,16.448999999999998,-0.40000000000000013,-20.549239999999998,18.241,0.44700000000000006,3
2011,477,64,Bucknell,258,14,52,Connecticut,253,3,81,0,7.57974,105.356,97.7759,7.2,103.9,96.7,0.696,51.2,45.0,17.1,18.0,26.0,71.2,34.3,35.8,12.621,-2.2,1.537,8.013,75.75758,21.703,114.804,93.1006,19.9,113.8,93.9,0.901,48.1,45.3,17.5,18.1,39.5,65.3,34.3,27.4,35.894,7.0,0.943,62.489,74.28571,-14.123259999999998,-9.448000000000008,4.675299999999993,-12.7,-9.899999999999991,2.799999999999997,-0.20500000000000007,3.1000000000000014,-0.29999999999999716,-0.3999999999999986,-0.10000000000000142,-13.5,5.900000000000006,-23.272999999999996,-9.2,1.4718700000000098,-54.476,0.594,11
2011,479,64,Missouri,232,11,63,Cincinnati,255,6,78,0,16.559,112.932,96.3729,16.7,112.5,95.8,0.864,51.7,49.1,17.1,24.8,33.2,63.3,34.7,40.7,27.072,1.4,1.692,54.624,68.75,19.6039,109.822,90.218,18.4,108.8,90.4,0.894,49.3,45.8,18.1,22.4,38.4,69.4,38.6,35.1,26.215,3.4,2.019,64.106,75.75758,-3.0448999999999984,3.1099999999999994,6.154899999999998,-1.6999999999999993,3.700000000000003,5.3999999999999915,-0.030000000000000027,2.4000000000000057,3.3000000000000043,-1.0,2.400000000000002,-5.199999999999996,-6.1000000000000085,0.8569999999999993,-2.0,-7.007580000000004,-9.481999999999992,-0.3270000000000002,5
2011,481,64,Oakland,227,13,81,Texas,213,4,85,0,12.9371,117.282,104.345,12.5,115.6,103.1,0.789,56.1,49.4,18.8,16.6,36.3,68.3,40.0,30.8,21.674,0.3,2.039,12.834,72.72727,26.7252,114.882,88.1564,26.0,113.7,87.7,0.952,50.3,42.0,17.3,19.0,38.2,69.7,43.2,31.1,27.862,5.4,1.47,87.745,79.41176,-13.788100000000002,2.3999999999999915,16.188599999999994,-13.5,1.8999999999999915,15.399999999999991,-0.16299999999999992,5.800000000000004,7.399999999999999,1.5,-2.3999999999999986,-1.9000000000000057,-1.4000000000000057,-6.187999999999999,-5.1000000000000005,-6.684489999999997,-74.911,0.5690000000000002,9
2011,483,64,Memphis,235,12,75,Arizona,261,5,77,0,6.96184,103.673,96.7112,7.3,103.6,96.3,0.699,50.3,46.7,21.9,21.3,35.4,64.7,39.5,38.5,19.129,0.0,0.765,62.75,73.52941,18.8834,115.936,97.0522,20.0,115.7,95.7,0.899,54.4,48.4,18.9,18.7,33.3,71.0,44.1,36.3,25.335,4.7,1.39,73.308,79.41176,-11.921560000000003,-12.263000000000005,-0.340999999999994,-12.7,-12.100000000000009,0.5999999999999943,-0.20000000000000007,-4.100000000000001,-1.6999999999999957,3.0,2.6000000000000014,2.1000000000000014,-6.299999999999997,-6.2059999999999995,-4.7,-5.882350000000002,-10.558000000000007,-0.6249999999999999,7
2011,485,64,Tennessee,214,9,45,Michigan,234,8,75,0,13.3636,107.96,94.5968,15.3,109.1,93.8,0.85,47.8,47.5,19.5,20.8,38.2,67.9,39.7,38.8,29.673,-1.1,1.883,44.927,57.57576,15.4164,110.77,95.3533,15.7,109.9,94.2,0.855,51.9,48.9,16.3,18.6,25.0,70.6,27.9,29.7,36.499,1.9,0.899,58.01,59.375,-2.0527999999999995,-2.8100000000000023,-0.7565000000000026,-0.3999999999999986,-0.8000000000000114,-0.4000000000000057,-0.0050000000000000044,-4.100000000000001,-1.3999999999999986,3.1999999999999993,2.1999999999999993,13.200000000000003,-2.6999999999999886,-6.826000000000004,-3.0,-1.7992399999999975,-13.082999999999998,0.984,1
2011,487,64,Hampton,245,16,45,Duke,252,1,87,0,-3.79341,93.9345,97.7279,-4.2,93.0,97.2,0.376,46.2,42.5,17.8,23.1,29.5,64.0,42.2,36.7,5.179,-5.6,2.193,10.853,74.19355,29.5475,118.637,89.0891,29.4,118.3,88.9,0.964,53.6,43.8,17.3,21.3,35.4,66.5,37.4,30.2,29.3,9.5,1.669,77.815,88.23529,-33.34091,-24.7025,8.638800000000003,-33.6,-25.299999999999997,8.299999999999997,-0.588,-7.399999999999999,-1.2999999999999972,0.5,1.8000000000000007,-5.899999999999999,-2.5,-24.121000000000002,-15.1,-14.041740000000004,-66.962,0.524,15
2011,489,64,LIU Brooklyn,238,15,87,North Carolina,230,2,102,0,5.37973,108.912,103.533,3.6,106.3,102.7,0.598,52.4,48.2,20.4,19.9,37.9,67.8,50.6,25.0,7.968,-1.2,1.544,4.03,84.375,21.5431,110.652,89.1087,21.1,110.2,89.1,0.92,49.2,46.1,18.7,19.6,37.2,70.2,37.9,24.8,33.486,7.4,1.088,91.173,78.78788,-16.16337,-1.7399999999999949,14.424300000000002,-17.5,-3.9000000000000057,13.600000000000009,-0.32200000000000006,3.1999999999999957,2.1000000000000014,1.6999999999999993,0.29999999999999716,0.6999999999999957,-2.4000000000000057,-25.517999999999997,-8.6,5.587119999999999,-87.143,0.45599999999999996,13
2011,491,64,Georgia,247,10,65,Washington,200,7,68,0,11.9637,107.153,95.1889,14.3,108.3,94.0,0.836,49.4,44.7,20.3,18.5,36.8,68.3,36.6,35.1,26.274,0.2,1.98,52.729,65.625,22.2141,116.488,94.2736,22.2,116.9,94.7,0.919,53.9,46.1,17.0,20.5,38.0,68.2,32.5,44.5,26.105,1.9,1.918,72.558,69.69697,-10.250399999999999,-9.334999999999994,0.915300000000002,-7.899999999999999,-8.600000000000009,-0.7000000000000028,-0.08300000000000007,-4.5,-1.3999999999999986,3.3000000000000007,-2.0,-1.2000000000000028,0.09999999999999432,0.16900000000000048,-1.7,-4.071969999999993,-19.829000000000008,0.062000000000000055,3
2011,493,64,Indiana St.,243,14,60,Syracuse,216,3,77,0,4.62225,101.49,96.8677,6.5,102.1,95.6,0.681,48.8,45.9,21.4,19.3,31.3,70.0,38.4,45.1,19.995,-4.2,1.62,6.725,59.375,22.6298,114.248,91.6187,21.6,113.5,91.9,0.919,52.8,45.2,18.3,20.7,37.0,66.5,35.6,29.4,31.253,6.2,1.394,80.006,78.125,-18.00755,-12.75800000000001,5.248999999999995,-15.100000000000001,-11.400000000000006,3.6999999999999886,-0.238,-4.0,0.6999999999999957,3.099999999999998,-1.3999999999999986,-5.699999999999999,3.5,-11.258,-10.4,-18.75,-73.281,0.2260000000000002,11
2011,495,64,Marquette,236,11,66,Xavier,196,6,55,1,18.1301,115.623,97.4927,18.1,115.3,97.2,0.877,51.4,50.0,17.5,20.5,36.2,67.1,44.7,29.2,33.868,0.8,1.908,24.152,58.82353,16.5395,112.808,96.2683,14.9,111.2,96.3,0.84,51.5,46.2,18.0,18.8,32.4,72.1,44.9,34.8,21.915,2.4,2.048,69.842,77.41935,1.5905999999999985,2.8149999999999977,1.2244000000000028,3.200000000000001,4.099999999999994,0.9000000000000057,0.03700000000000003,-0.10000000000000142,3.799999999999997,-0.5,1.6999999999999993,3.8000000000000043,-5.0,11.953000000000003,-1.5999999999999999,-18.595819999999996,-45.69,-0.14000000000000012,5
2011,497,64,Princeton,222,13,57,Kentucky,240,4,59,0,8.81724,106.219,97.4016,8.1,105.6,97.5,0.715,52.1,46.8,18.9,18.4,31.2,73.0,37.4,35.7,13.655,-0.3,1.836,12.151,80.0,25.2715,117.76,92.4889,26.2,118.4,92.2,0.947,52.4,44.0,15.9,18.3,35.2,69.2,37.1,30.7,30.75,5.2,1.147,86.899,75.75758,-16.454259999999998,-11.541000000000011,4.912700000000001,-18.1,-12.800000000000011,5.299999999999997,-0.23199999999999998,-0.29999999999999716,2.799999999999997,2.9999999999999982,0.09999999999999787,-4.0000000000000036,3.799999999999997,-17.095,-5.5,4.242419999999996,-74.748,0.6890000000000001,9
2011,499,64,Clemson,254,12,76,West Virginia,199,5,84,0,17.4409,107.856,90.4152,17.3,108.2,90.9,0.881,50.2,45.2,20.4,23.2,34.6,67.5,38.5,34.7,27.126,0.7,2.003,53.197,65.625,20.1684,113.313,93.145,20.0,113.3,93.3,0.903,48.4,45.6,18.9,18.9,40.5,64.4,40.7,35.4,34.766,3.1,2.351,51.905,64.51613,-2.727499999999999,-5.457000000000008,-2.7297999999999973,-2.6999999999999993,-5.099999999999994,-2.3999999999999915,-0.02200000000000002,1.8000000000000043,-0.3999999999999986,1.5,4.300000000000001,-5.899999999999999,3.0999999999999943,-7.639999999999997,-2.4000000000000004,1.108869999999996,1.2920000000000016,-0.34799999999999986,7
2011,501,64,Villanova,201,9,57,George Mason,249,8,61,0,18.299,114.746,96.4465,18.6,114.2,95.6,0.885,49.7,46.4,18.1,18.3,36.0,69.8,42.6,36.2,29.148,1.5,1.918,91.766,65.625,18.3096,113.269,94.9599,16.4,111.3,94.9,0.862,53.6,45.8,16.8,20.9,32.8,68.8,39.3,32.0,15.383,1.1,1.801,36.183,81.25,-0.010600000000000165,1.4769999999999897,1.4865999999999957,2.200000000000003,2.9000000000000057,0.6999999999999886,0.02300000000000002,-3.8999999999999986,0.6000000000000014,1.3000000000000007,-2.599999999999998,3.200000000000003,1.0,13.765,0.3999999999999999,-15.625,55.583000000000006,0.11699999999999999,1
2011,503,64,UTSA,204,16,46,Ohio St.,226,1,75,0,-5.19344,101.474,106.668,-3.7,101.1,104.8,0.398,49.4,48.8,19.6,19.9,29.9,66.6,41.6,37.8,8.721,-9.2,1.46,11.623,55.17241,32.232,123.643,91.4115,33.2,123.2,90.0,0.974,56.0,48.4,15.8,23.3,35.3,71.9,37.8,20.9,31.137,12.0,1.575,91.348,94.11765,-37.42544,-22.168999999999997,15.256500000000003,-36.900000000000006,-22.10000000000001,14.799999999999997,-0.576,-6.600000000000001,0.3999999999999986,3.8000000000000007,-3.400000000000002,-5.399999999999999,-5.300000000000011,-22.416,-21.2,-38.94524,-79.725,-0.11499999999999999,15
2012,505,2,Kansas,310,2,59,Kentucky,308,1,67,0,26.918,116.066,89.1479,26.6,114.7,88.1,0.954,54.0,43.9,19.6,20.7,34.9,71.4,41.1,34.3,30.956,8.3,2.178,72.255,81.81818,31.7277,120.566,88.8382,31.2,119.7,88.5,0.97,53.4,41.6,17.2,18.1,38.4,69.0,40.0,25.6,27.605,11.3,0.776,95.267,94.11765,-4.809699999999999,-4.5,0.3097000000000065,-4.599999999999998,-5.0,-0.4000000000000057,-0.016000000000000014,0.6000000000000014,2.299999999999997,2.400000000000002,2.599999999999998,-3.5,2.4000000000000057,3.350999999999999,-3.0,-12.29947,-23.012,1.402,1
2012,507,4,Kansas,310,2,64,Ohio St.,286,2,62,1,26.918,116.066,89.1479,26.6,114.7,88.1,0.954,54.0,43.9,19.6,20.7,34.9,71.4,41.1,34.3,30.956,8.3,2.178,72.255,81.81818,29.9016,117.705,87.8032,30.0,115.5,85.5,0.97,52.5,46.3,17.4,22.5,35.7,75.1,37.0,28.6,31.751,7.9,1.254,87.821,79.41176,-2.983599999999999,-1.6389999999999958,1.3447000000000031,-3.3999999999999986,-0.7999999999999972,2.5999999999999943,-0.016000000000000014,1.5,-2.3999999999999986,2.200000000000003,-1.8000000000000007,-0.8000000000000043,-3.6999999999999886,-0.7950000000000017,0.40000000000000036,2.406419999999997,-15.566000000000003,0.9239999999999999,0
2012,509,4,Louisville,303,4,61,Kentucky,308,1,69,0,18.8157,105.207,86.3916,17.8,103.7,85.9,0.897,47.6,42.9,21.4,23.2,36.2,65.7,37.0,34.8,29.249,5.6,1.735,73.332,74.28571,31.7277,120.566,88.8382,31.2,119.7,88.5,0.97,53.4,41.6,17.2,18.1,38.4,69.0,40.0,25.6,27.605,11.3,0.776,95.267,94.11765,-12.911999999999999,-15.359000000000009,-2.4466000000000037,-13.399999999999999,-16.0,-2.5999999999999943,-0.07299999999999995,-5.799999999999997,1.2999999999999972,4.199999999999999,5.099999999999998,-2.1999999999999957,-3.299999999999997,1.6439999999999984,-5.700000000000001,-19.831940000000003,-21.935000000000002,0.9590000000000001,3
2012,511,8,Kansas,310,2,80,North Carolina,290,1,67,1,26.918,116.066,89.1479,26.6,114.7,88.1,0.954,54.0,43.9,19.6,20.7,34.9,71.4,41.1,34.3,30.956,8.3,2.178,72.255,81.81818,26.2727,117.11,90.8369,26.2,115.8,89.6,0.95,50.0,45.1,16.2,18.5,40.5,72.3,38.1,22.0,27.923,8.4,1.384,91.131,85.29412,0.6452999999999989,-1.043999999999997,-1.688999999999993,0.40000000000000213,-1.0999999999999943,-1.5,0.0040000000000000036,4.0,-1.2000000000000028,3.400000000000002,2.1999999999999993,-5.600000000000001,-0.8999999999999915,3.0330000000000013,-0.09999999999999964,-3.4759400000000085,-18.876000000000005,0.794,1
2012,513,8,Ohio St.,286,2,77,Syracuse,277,1,70,1,29.9016,117.705,87.8032,30.0,115.5,85.5,0.97,52.5,46.3,17.4,22.5,35.7,75.1,37.0,28.6,31.751,7.9,1.254,87.821,79.41176,25.5085,116.026,90.5173,25.3,115.4,90.1,0.945,51.9,44.0,16.0,25.2,36.6,60.7,31.8,29.8,26.368,10.9,1.699,80.128,93.93939,4.393099999999997,1.679000000000002,-2.714100000000002,4.699999999999999,0.09999999999999432,-4.599999999999994,0.025000000000000022,0.6000000000000014,2.299999999999997,1.3999999999999986,-2.6999999999999993,-0.8999999999999986,14.399999999999991,5.383000000000003,-3.0,-14.527630000000002,7.692999999999998,-0.44500000000000006,1
2012,515,8,Florida,318,7,68,Louisville,303,4,72,0,20.2909,120.271,99.98,22.4,120.5,98.1,0.914,54.7,49.0,16.6,19.7,33.8,69.0,33.0,30.7,29.274,3.1,1.452,83.164,69.69697,18.8157,105.207,86.3916,17.8,103.7,85.9,0.897,47.6,42.9,21.4,23.2,36.2,65.7,37.0,34.8,29.249,5.6,1.735,73.332,74.28571,1.475200000000001,15.064000000000007,13.588400000000007,4.599999999999998,16.799999999999997,12.199999999999989,0.017000000000000015,7.100000000000001,6.100000000000001,-4.799999999999997,-3.5,-2.4000000000000057,3.299999999999997,0.02500000000000213,-2.4999999999999996,-4.588740000000001,9.832000000000008,-0.28300000000000014,3
2012,517,8,Baylor,330,3,70,Kentucky,308,1,82,0,21.4193,115.656,94.2364,20.8,114.4,93.6,0.91,52.6,47.2,20.6,21.3,37.6,67.1,36.5,31.7,30.445,7.0,1.568,60.038,78.78788,31.7277,120.566,88.8382,31.2,119.7,88.5,0.97,53.4,41.6,17.2,18.1,38.4,69.0,40.0,25.6,27.605,11.3,0.776,95.267,94.11765,-10.308399999999999,-4.909999999999997,5.398200000000003,-10.399999999999999,-5.299999999999997,5.099999999999994,-0.05999999999999994,-0.7999999999999972,5.600000000000001,3.400000000000002,3.1999999999999993,-0.7999999999999972,-1.9000000000000057,2.84,-4.300000000000001,-15.329769999999996,-35.229,0.792,2
2012,519,16,Kansas,310,2,60,North Carolina St.,289,11,57,1,26.918,116.066,89.1479,26.6,114.7,88.1,0.954,54.0,43.9,19.6,20.7,34.9,71.4,41.1,34.3,30.956,8.3,2.178,72.255,81.81818,13.1406,111.847,98.7065,14.5,111.4,96.9,0.833,50.9,47.4,18.8,18.4,35.8,69.2,36.0,32.4,25.85,0.5,1.875,66.243,64.70588,13.7774,4.219000000000008,-9.558599999999998,12.100000000000001,3.299999999999997,-8.800000000000011,0.121,3.1000000000000014,-3.5,0.8000000000000007,2.3000000000000007,-0.8999999999999986,2.200000000000003,5.105999999999998,7.800000000000001,17.112300000000005,6.0120000000000005,0.30299999999999994,-9
2012,521,16,Ohio,287,13,65,North Carolina,290,1,73,0,10.7829,105.736,94.9527,10.8,104.2,93.4,0.779,49.0,47.2,19.6,26.5,35.1,66.4,36.6,43.5,13.978,0.3,1.474,37.553,78.78788,26.2727,117.11,90.8369,26.2,115.8,89.6,0.95,50.0,45.1,16.2,18.5,40.5,72.3,38.1,22.0,27.923,8.4,1.384,91.131,85.29412,-15.4898,-11.373999999999995,4.115799999999993,-15.399999999999999,-11.599999999999994,3.8000000000000114,-0.17099999999999993,-1.0,2.1000000000000014,3.400000000000002,8.0,-5.399999999999999,-5.8999999999999915,-13.944999999999999,-8.1,-6.506240000000005,-53.578,0.09000000000000008,12
2012,523,16,Ohio St.,286,2,81,Cincinnati,326,6,66,1,29.9016,117.705,87.8032,30.0,115.5,85.5,0.97,52.5,46.3,17.4,22.5,35.7,75.1,37.0,28.6,31.751,7.9,1.254,87.821,79.41176,15.1423,109.258,94.1152,16.5,108.7,92.2,0.869,48.0,46.1,16.4,21.7,36.1,65.3,29.4,25.6,26.957,3.1,1.775,59.329,70.58824,14.759299999999998,8.447000000000003,-6.311999999999998,13.5,6.799999999999997,-6.700000000000003,0.10099999999999998,4.5,0.19999999999999574,1.0,0.8000000000000007,-0.3999999999999986,9.799999999999997,4.7940000000000005,4.800000000000001,8.823520000000002,28.491999999999997,-0.5209999999999999,-4
2012,525,16,Wisconsin,265,4,63,Syracuse,277,1,64,0,23.2991,111.961,88.662,23.2,110.6,87.4,0.938,49.7,41.8,15.1,18.5,30.4,71.9,31.1,29.9,30.936,5.0,1.85,58.91,72.72727,25.5085,116.026,90.5173,25.3,115.4,90.1,0.945,51.9,44.0,16.0,25.2,36.6,60.7,31.8,29.8,26.368,10.9,1.699,80.128,93.93939,-2.2094000000000023,-4.064999999999998,-1.8552999999999997,-2.1000000000000014,-4.800000000000011,-2.6999999999999886,-0.007000000000000006,-2.1999999999999957,-2.200000000000003,-0.9000000000000004,-6.699999999999999,-6.200000000000003,11.200000000000003,4.568000000000001,-5.9,-21.21212,-21.218000000000004,0.15100000000000002,3
2012,527,16,Florida,318,7,68,Marquette,301,3,58,1,20.2909,120.271,99.98,22.4,120.5,98.1,0.914,54.7,49.0,16.6,19.7,33.8,69.0,33.0,30.7,29.274,3.1,1.452,83.164,69.69697,19.3365,112.422,93.0852,19.0,110.9,91.9,0.897,50.8,45.8,18.8,23.6,34.4,63.8,41.5,31.1,28.97,6.2,1.646,52.745,78.125,0.9543999999999997,7.849000000000004,6.894800000000004,3.3999999999999986,9.599999999999994,6.199999999999989,0.017000000000000015,3.9000000000000057,3.200000000000003,-2.1999999999999993,-3.900000000000002,-0.6000000000000014,5.200000000000003,0.30400000000000205,-3.1,-8.428030000000007,30.419000000000004,-0.19399999999999995,4
2012,529,16,Louisville,303,4,57,Michigan St.,298,1,44,1,18.8157,105.207,86.3916,17.8,103.7,85.9,0.897,47.6,42.9,21.4,23.2,36.2,65.7,37.0,34.8,29.249,5.6,1.735,73.332,74.28571,28.8179,115.088,86.2697,26.0,112.7,86.7,0.953,52.7,43.0,19.8,19.7,37.2,72.5,39.0,34.2,34.349,8.7,1.672,67.935,79.41176,-10.002200000000002,-9.881,0.12189999999999657,-8.2,-9.0,-0.7999999999999972,-0.05599999999999994,-5.100000000000001,-0.10000000000000142,1.5999999999999979,3.5,-1.0,-6.799999999999997,-5.099999999999998,-3.0999999999999996,-5.126050000000006,5.396999999999991,0.06300000000000017,3
2012,531,16,Xavier,264,10,70,Baylor,330,3,75,0,11.6059,107.588,95.9824,11.6,106.3,94.7,0.791,49.6,45.3,18.6,18.6,31.6,69.9,40.8,36.4,26.514,0.7,1.985,65.926,63.63636,21.4193,115.656,94.2364,20.8,114.4,93.6,0.91,52.6,47.2,20.6,21.3,37.6,67.1,36.5,31.7,30.445,7.0,1.568,60.038,78.78788,-9.8134,-8.068000000000012,1.7459999999999951,-9.200000000000001,-8.100000000000009,1.1000000000000085,-0.119,-3.0,-1.9000000000000057,-2.0,-2.6999999999999993,-6.0,2.8000000000000114,-3.931000000000001,-6.3,-15.151519999999998,5.888000000000005,0.41700000000000004,7
2012,533,16,Indiana,313,4,90,Kentucky,308,1,102,0,22.5388,119.547,97.0081,22.6,119.1,96.5,0.918,54.7,47.7,19.1,20.3,35.5,68.8,46.6,34.2,30.826,5.9,1.608,76.334,75.75758,31.7277,120.566,88.8382,31.2,119.7,88.5,0.97,53.4,41.6,17.2,18.1,38.4,69.0,40.0,25.6,27.605,11.3,0.776,95.267,94.11765,-9.1889,-1.0190000000000055,8.169899999999998,-8.599999999999998,-0.6000000000000085,8.0,-0.051999999999999935,1.3000000000000043,6.100000000000001,1.9000000000000021,2.1999999999999993,-2.8999999999999986,-0.20000000000000284,3.221,-5.4,-18.360069999999993,-18.932999999999993,0.8320000000000001,3
2012,535,32,Kansas,310,2,63,Purdue,285,10,60,1,26.918,116.066,89.1479,26.6,114.7,88.1,0.954,54.0,43.9,19.6,20.7,34.9,71.4,41.1,34.3,30.956,8.3,2.178,72.255,81.81818,15.9933,116.142,100.148,17.0,115.0,98.0,0.863,51.2,50.5,13.4,19.8,32.0,69.2,34.1,34.2,30.358,1.9,1.954,75.327,63.63636,10.9247,-0.0759999999999934,-11.000099999999989,9.600000000000001,-0.29999999999999716,-9.900000000000006,0.09099999999999997,2.799999999999997,-6.600000000000001,6.200000000000001,0.8999999999999986,2.8999999999999986,2.200000000000003,0.597999999999999,6.4,18.181819999999995,-3.0720000000000027,0.22399999999999998,-8
2012,537,32,Georgetown,316,3,63,North Carolina St.,289,11,66,0,20.3352,109.993,89.6577,20.8,110.3,89.5,0.917,51.0,42.9,19.6,20.1,35.9,69.7,39.4,36.1,30.075,4.7,1.411,86.738,73.33333,13.1406,111.847,98.7065,14.5,111.4,96.9,0.833,50.9,47.4,18.8,18.4,35.8,69.2,36.0,32.4,25.85,0.5,1.875,66.243,64.70588,7.194600000000001,-1.8539999999999992,-9.0488,6.300000000000001,-1.1000000000000085,-7.400000000000006,0.08400000000000007,0.10000000000000142,-4.5,0.8000000000000007,1.7000000000000028,0.10000000000000142,0.5,4.224999999999998,4.2,8.62745000000001,20.495000000000005,-0.46399999999999997,-8
2012,539,32,Ohio,287,13,62,South Florida,280,12,56,1,10.7829,105.736,94.9527,10.8,104.2,93.4,0.779,49.0,47.2,19.6,26.5,35.1,66.4,36.6,43.5,13.978,0.3,1.474,37.553,78.78788,11.4773,102.792,91.3144,10.5,101.4,90.9,0.779,48.2,44.3,22.8,18.7,34.2,69.0,34.2,31.8,28.86,0.1,1.906,31.296,59.375,-0.6943999999999999,2.9440000000000026,3.6382999999999868,0.3000000000000007,2.799999999999997,2.5,0.0,0.7999999999999972,2.9000000000000057,-3.1999999999999993,7.800000000000001,0.8999999999999986,-2.5999999999999943,-14.882,0.19999999999999998,19.41288,6.256999999999998,-0.43199999999999994,1
2012,541,32,Creighton,322,8,73,North Carolina,290,1,87,0,17.0818,119.641,102.559,16.6,118.4,101.8,0.85,58.3,49.3,18.1,15.3,31.6,73.9,39.2,29.4,19.015,4.7,1.548,35.4,84.84848,26.2727,117.11,90.8369,26.2,115.8,89.6,0.95,50.0,45.1,16.2,18.5,40.5,72.3,38.1,22.0,27.923,8.4,1.384,91.131,85.29412,-9.1909,2.531000000000006,11.722099999999998,-9.599999999999998,2.6000000000000085,12.200000000000003,-0.09999999999999998,8.299999999999997,4.199999999999996,1.9000000000000021,-3.1999999999999993,-8.899999999999999,1.6000000000000085,-8.907999999999998,-3.7,-0.4456400000000116,-55.731,0.16400000000000015,7
2012,543,32,Ohio St.,286,2,73,Gonzaga,315,7,66,1,29.9016,117.705,87.8032,30.0,115.5,85.5,0.97,52.5,46.3,17.4,22.5,35.7,75.1,37.0,28.6,31.751,7.9,1.254,87.821,79.41176,17.0149,111.604,94.5893,16.3,110.6,94.3,0.862,53.4,46.6,19.9,19.6,34.8,72.2,47.0,26.5,16.61,2.1,1.347,40.784,80.64516,12.886699999999998,6.100999999999999,-6.7860999999999905,13.7,4.900000000000006,-8.799999999999997,0.10799999999999998,-0.8999999999999986,-0.30000000000000426,-2.5,2.8999999999999986,0.9000000000000057,2.8999999999999915,15.141000000000002,5.800000000000001,-1.2334000000000032,47.037,-0.09299999999999997,-5
2012,545,32,Florida St.,317,3,56,Cincinnati,326,6,62,0,17.9858,107.767,89.7815,18.4,106.5,88.1,0.899,51.4,43.7,23.7,22.2,35.7,67.0,35.2,34.3,28.697,4.3,2.356,71.293,72.72727,15.1423,109.258,94.1152,16.5,108.7,92.2,0.869,48.0,46.1,16.4,21.7,36.1,65.3,29.4,25.6,26.957,3.1,1.775,59.329,70.58824,2.8435000000000006,-1.4909999999999997,-4.333700000000007,1.8999999999999986,-2.200000000000003,-4.1000000000000085,0.030000000000000027,3.3999999999999986,-2.3999999999999986,7.300000000000001,0.5,-0.3999999999999986,1.7000000000000028,1.7399999999999984,1.1999999999999997,2.1390300000000053,11.964000000000006,0.581,-3
2012,547,32,Wisconsin,265,4,60,Vanderbilt,272,5,57,1,23.2991,111.961,88.662,23.2,110.6,87.4,0.938,49.7,41.8,15.1,18.5,30.4,71.9,31.1,29.9,30.936,5.0,1.85,58.91,72.72727,20.3275,114.775,94.4476,21.2,113.9,92.7,0.914,54.0,46.6,19.8,19.2,32.1,68.0,39.6,29.1,29.822,4.0,2.215,85.14,70.58824,2.9715999999999987,-2.814000000000007,-5.785599999999988,2.0,-3.3000000000000114,-5.299999999999997,0.02399999999999991,-4.299999999999997,-4.800000000000004,-4.700000000000001,-0.6999999999999993,-1.7000000000000028,3.9000000000000057,1.1140000000000008,1.0,2.1390300000000053,-26.230000000000004,-0.36499999999999977,-1
2012,549,32,Kansas St.,309,8,59,Syracuse,277,1,75,0,18.2953,109.953,91.6575,16.4,107.9,91.5,0.869,49.3,45.8,21.3,23.8,40.8,66.3,42.9,41.6,27.769,2.2,1.432,47.44,67.74194,25.5085,116.026,90.5173,25.3,115.4,90.1,0.945,51.9,44.0,16.0,25.2,36.6,60.7,31.8,29.8,26.368,10.9,1.699,80.128,93.93939,-7.2132000000000005,-6.072999999999993,1.140199999999993,-8.900000000000002,-7.5,1.4000000000000057,-0.07599999999999996,-2.6000000000000014,1.7999999999999972,5.300000000000001,-1.3999999999999986,4.199999999999996,5.599999999999994,1.4009999999999998,-8.7,-26.197450000000003,-32.688,-0.2670000000000001,7
2012,551,32,Norfolk St.,291,15,50,Florida,318,7,84,0,-2.44646,99.5279,101.974,-2.1,97.8,99.9,0.439,49.7,45.4,21.4,19.7,33.6,67.0,43.7,37.2,10.649,-2.8,2.318,2.297,75.0,20.2909,120.271,99.98,22.4,120.5,98.1,0.914,54.7,49.0,16.6,19.7,33.8,69.0,33.0,30.7,29.274,3.1,1.452,83.164,69.69697,-22.737360000000002,-20.7431,1.9939999999999998,-24.5,-22.700000000000003,1.8000000000000114,-0.47500000000000003,-5.0,-3.6000000000000014,4.799999999999997,0.0,-0.19999999999999574,-2.0,-18.625,-5.9,5.303030000000007,-80.867,0.8660000000000001,8
2012,553,32,Marquette,301,3,62,Murray St.,294,6,53,1,19.3365,112.422,93.0852,19.0,110.9,91.9,0.897,50.8,45.8,18.8,23.6,34.4,63.8,41.5,31.1,28.97,6.2,1.646,52.745,78.125,15.069,110.21,95.1414,13.3,108.1,94.8,0.819,54.7,46.1,20.9,24.0,34.7,65.2,46.4,35.1,10.654,3.8,2.203,4.462,96.42857,4.2675,2.2120000000000033,-2.056200000000004,5.699999999999999,2.8000000000000114,-2.8999999999999915,0.07800000000000007,-3.9000000000000057,-0.30000000000000426,-2.099999999999998,-0.3999999999999986,-0.30000000000000426,-1.4000000000000057,18.316,2.4000000000000004,-18.303569999999993,48.283,-0.5569999999999999,-3
2012,555,32,Louisville,303,4,59,New Mexico,293,5,56,1,18.8157,105.207,86.3916,17.8,103.7,85.9,0.897,47.6,42.9,21.4,23.2,36.2,65.7,37.0,34.8,29.249,5.6,1.735,73.332,74.28571,19.9522,110.405,90.4523,19.2,109.1,89.9,0.903,52.9,44.1,20.0,21.4,34.0,72.7,39.3,32.0,17.632,2.9,1.64,42.692,81.25,-1.1365000000000016,-5.1980000000000075,-4.060699999999997,-1.3999999999999986,-5.3999999999999915,-4.0,-0.006000000000000005,-5.299999999999997,-1.2000000000000028,1.3999999999999986,1.8000000000000007,2.200000000000003,-7.0,11.616999999999997,2.6999999999999997,-6.964290000000005,30.639999999999993,0.0950000000000002,-1
2012,557,32,Saint Louis,284,9,61,Michigan St.,298,1,65,0,20.5785,111.629,91.0501,21.4,111.0,89.6,0.922,52.1,44.9,17.8,23.4,31.9,70.6,35.1,37.4,20.497,2.8,1.765,30.227,77.41935,28.8179,115.088,86.2697,26.0,112.7,86.7,0.953,52.7,43.0,19.8,19.7,37.2,72.5,39.0,34.2,34.349,8.7,1.672,67.935,79.41176,-8.239400000000003,-3.458999999999989,4.7804,-4.600000000000001,-1.7000000000000028,2.8999999999999915,-0.030999999999999917,-0.6000000000000014,1.8999999999999986,-2.0,3.6999999999999993,-5.300000000000004,-1.9000000000000057,-13.851999999999997,-5.8999999999999995,-1.9924100000000067,-37.708,0.09299999999999997,8
2012,559,32,Lehigh,306,15,58,Xavier,264,10,70,0,8.90823,108.606,99.6982,7.9,106.7,98.8,0.708,50.9,47.1,16.8,21.4,31.4,70.8,37.4,33.3,12.009,-1.3,1.814,4.923,78.125,11.6059,107.588,95.9824,11.6,106.3,94.7,0.791,49.6,45.3,18.6,18.6,31.6,69.9,40.8,36.4,26.514,0.7,1.985,65.926,63.63636,-2.6976700000000005,1.0180000000000007,3.7158000000000015,-3.6999999999999993,0.4000000000000057,4.099999999999994,-0.08300000000000007,1.2999999999999972,1.8000000000000043,-1.8000000000000007,2.799999999999997,-0.20000000000000284,0.8999999999999915,-14.504999999999999,-2.0,14.488639999999997,-61.003,-0.17100000000000004,5
2012,561,32,Baylor,330,3,80,Colorado,325,11,63,1,21.4193,115.656,94.2364,20.8,114.4,93.6,0.91,52.6,47.2,20.6,21.3,37.6,67.1,36.5,31.7,30.445,7.0,1.568,60.038,78.78788,8.34556,104.614,96.2689,10.0,104.2,94.2,0.761,49.3,47.0,19.2,18.7,29.3,71.5,43.0,32.5,22.136,-0.3,1.659,46.976,65.625,13.073739999999999,11.042000000000002,-2.032499999999999,10.8,10.200000000000003,-0.6000000000000085,0.14900000000000002,3.3000000000000043,0.20000000000000284,1.4000000000000021,2.6000000000000014,8.3,-4.400000000000006,8.309000000000001,7.3,13.162880000000001,13.061999999999998,-0.09099999999999997,-8
2012,563,32,Indiana,313,4,63,VCU,271,12,61,1,22.5388,119.547,97.0081,22.6,119.1,96.5,0.918,54.7,47.7,19.1,20.3,35.5,68.8,46.6,34.2,30.826,5.9,1.608,76.334,75.75758,12.6331,107.166,94.5327,13.1,106.1,93.0,0.82,47.6,47.1,17.4,27.3,33.8,66.0,37.3,37.9,15.249,2.2,1.398,36.77,82.35294,9.905699999999998,12.381,2.4753999999999934,9.500000000000002,13.0,3.5,0.09800000000000009,7.100000000000001,0.6000000000000014,1.7000000000000028,-7.0,1.7000000000000028,2.799999999999997,15.577,3.7,-6.5953599999999994,39.564,0.2100000000000002,-8
2012,565,32,Iowa St.,311,8,71,Kentucky,308,1,87,0,16.4561,112.844,96.3879,15.9,111.2,95.3,0.855,52.9,48.3,18.5,17.6,32.2,73.7,38.7,25.7,26.236,2.0,1.884,63.108,68.75,31.7277,120.566,88.8382,31.2,119.7,88.5,0.97,53.4,41.6,17.2,18.1,38.4,69.0,40.0,25.6,27.605,11.3,0.776,95.267,94.11765,-15.2716,-7.722000000000008,7.549700000000001,-15.299999999999999,-8.5,6.799999999999997,-0.11499999999999999,-0.5,6.699999999999996,1.3000000000000007,-0.5,-6.199999999999996,4.700000000000003,-1.3689999999999998,-9.3,-25.367649999999998,-32.159,1.1079999999999999,7
2012,567,64,Detroit,320,15,50,Kansas,310,2,65,0,5.50243,108.41,102.907,3.8,106.4,102.6,0.603,48.5,50.9,19.1,22.4,35.3,67.0,44.0,38.7,14.806,-5.2,2.171,43.165,60.60606,26.918,116.066,89.1479,26.6,114.7,88.1,0.954,54.0,43.9,19.6,20.7,34.9,71.4,41.1,34.3,30.956,8.3,2.178,72.255,81.81818,-21.41557,-7.656000000000006,13.75909999999999,-22.8,-8.299999999999997,14.5,-0.351,-5.5,7.0,-0.5,1.6999999999999993,0.3999999999999986,-4.400000000000006,-16.15,-13.5,-21.21212,-29.089999999999996,-0.007000000000000117,13
2012,569,64,Purdue,285,10,72,Saint Mary's,283,7,69,1,15.9933,116.142,100.148,17.0,115.0,98.0,0.863,51.2,50.5,13.4,19.8,32.0,69.2,34.1,34.2,30.358,1.9,1.954,75.327,63.63636,15.5262,114.424,98.8981,14.3,112.0,97.7,0.828,53.6,48.4,18.1,18.5,36.0,73.7,39.6,29.0,17.195,2.8,1.808,20.933,83.33333,0.4671000000000003,1.7179999999999893,1.2498999999999967,2.6999999999999993,3.0,0.29999999999999716,0.03500000000000003,-2.3999999999999986,2.1000000000000014,-4.700000000000001,1.3000000000000007,-4.0,-4.5,13.163,-0.8999999999999999,-19.69697,54.394,0.1459999999999999,3
2012,571,64,Belmont,329,14,59,Georgetown,316,3,74,0,17.6692,117.088,99.4192,16.6,115.2,98.6,0.857,55.7,47.8,17.6,20.7,34.6,68.1,39.2,35.8,15.656,0.8,2.077,14.906,78.78788,20.3352,109.993,89.6577,20.8,110.3,89.5,0.917,51.0,42.9,19.6,20.1,35.9,69.7,39.4,36.1,30.075,4.7,1.411,86.738,73.33333,-2.6660000000000004,7.094999999999999,9.761499999999998,-4.199999999999999,4.900000000000006,9.099999999999994,-0.06000000000000005,4.700000000000003,4.899999999999999,-2.0,0.5999999999999979,-1.2999999999999972,-1.6000000000000085,-14.418999999999999,-3.9000000000000004,5.454549999999998,-71.832,0.6659999999999999,11
2012,573,64,North Carolina St.,289,11,79,San Diego St.,282,6,65,1,13.1406,111.847,98.7065,14.5,111.4,96.9,0.833,50.9,47.4,18.8,18.4,35.8,69.2,36.0,32.4,25.85,0.5,1.875,66.243,64.70588,12.4935,107.254,94.7608,10.7,104.9,94.2,0.775,50.3,46.6,18.9,18.7,31.3,72.8,36.2,28.5,21.466,2.9,1.85,30.659,77.41935,0.6471,4.592999999999989,3.945700000000002,3.8000000000000007,6.5,2.700000000000003,0.05799999999999994,0.6000000000000014,0.7999999999999972,-0.09999999999999787,-0.3000000000000007,4.4999999999999964,-3.5999999999999943,4.384,-2.4,-12.713470000000001,35.583999999999996,0.02499999999999991,5
2012,575,64,Ohio,287,13,65,Michigan,299,4,60,1,10.7829,105.736,94.9527,10.8,104.2,93.4,0.779,49.0,47.2,19.6,26.5,35.1,66.4,36.6,43.5,13.978,0.3,1.474,37.553,78.78788,18.1066,113.975,95.8679,18.4,113.4,95.0,0.885,53.6,48.8,17.6,20.1,28.1,69.1,28.9,30.0,35.211,6.4,1.652,59.445,71.875,-7.3237000000000005,-8.23899999999999,-0.9152000000000129,-7.599999999999998,-9.200000000000003,-1.5999999999999943,-0.10599999999999998,-4.600000000000001,-1.5999999999999943,2.0,6.399999999999999,7.0,-2.6999999999999886,-21.232999999999997,-6.1000000000000005,6.912880000000001,-21.892000000000003,-0.17799999999999994,9
2012,577,64,South Florida,280,12,58,Temple,276,5,44,1,11.4773,102.792,91.3144,10.5,101.4,90.9,0.779,48.2,44.3,22.8,18.7,34.2,69.0,34.2,31.8,28.86,0.1,1.906,31.296,59.375,15.5352,114.086,98.5508,16.8,113.0,96.2,0.864,53.2,48.6,17.9,19.4,31.3,68.6,34.3,33.4,24.848,4.2,2.119,25.26,76.66667,-4.0579,-11.293999999999997,-7.236399999999989,-6.300000000000001,-11.599999999999994,-5.299999999999997,-0.08499999999999996,-5.0,-4.300000000000004,4.900000000000002,-0.6999999999999993,2.900000000000002,0.4000000000000057,4.0120000000000005,-4.1000000000000005,-17.291669999999996,6.035999999999998,-0.2130000000000003,7
2012,579,64,Alabama,331,9,57,Creighton,322,8,58,0,16.6596,106.031,89.3714,16.9,105.0,88.1,0.883,49.0,43.4,20.4,21.4,33.9,68.1,36.5,38.6,26.959,1.5,1.01,84.233,65.625,17.0818,119.641,102.559,16.6,118.4,101.8,0.85,58.3,49.3,18.1,15.3,31.6,73.9,39.2,29.4,19.015,4.7,1.548,35.4,84.84848,-0.42220000000000013,-13.61,-13.187600000000003,0.29999999999999716,-13.400000000000006,-13.700000000000003,0.03300000000000003,-9.299999999999997,-5.899999999999999,2.299999999999997,6.099999999999998,2.299999999999997,-5.800000000000011,7.943999999999999,-3.2,-19.223479999999995,48.833000000000006,-0.538,1
2012,581,64,Vermont,270,16,58,North Carolina,290,1,77,0,4.2234,104.447,100.224,2.5,102.5,100.0,0.571,49.4,45.8,19.4,20.0,34.2,70.1,37.9,33.1,10.413,-5.5,1.394,8.069,67.64706,26.2727,117.11,90.8369,26.2,115.8,89.6,0.95,50.0,45.1,16.2,18.5,40.5,72.3,38.1,22.0,27.923,8.4,1.384,91.131,85.29412,-22.049300000000002,-12.662999999999997,9.387100000000004,-23.7,-13.299999999999997,10.400000000000006,-0.379,-0.6000000000000014,0.6999999999999957,3.1999999999999993,1.5,-6.299999999999997,-2.200000000000003,-17.509999999999998,-13.9,-17.64706000000001,-83.062,0.010000000000000009,15
2012,583,64,Loyola MD,302,15,59,Ohio St.,286,2,78,0,3.6774,103.745,100.068,3.3,102.3,99.0,0.593,47.4,47.7,20.7,21.8,39.0,67.0,43.0,39.8,13.469,-1.5,1.681,20.388,75.0,29.9016,117.705,87.8032,30.0,115.5,85.5,0.97,52.5,46.3,17.4,22.5,35.7,75.1,37.0,28.6,31.751,7.9,1.254,87.821,79.41176,-26.2242,-13.959999999999994,12.264799999999994,-26.7,-13.200000000000003,13.5,-0.377,-5.100000000000001,1.4000000000000057,3.3000000000000007,-0.6999999999999993,3.299999999999997,-8.099999999999994,-18.282000000000004,-9.4,-4.411760000000001,-67.43299999999999,0.42700000000000005,13
2012,585,64,West Virginia,268,10,54,Gonzaga,315,7,77,0,14.5249,111.599,97.0738,15.4,110.9,95.5,0.848,48.7,49.4,19.3,20.3,41.2,69.7,38.1,31.2,27.223,-0.1,1.421,65.605,59.375,17.0149,111.604,94.5893,16.3,110.6,94.3,0.862,53.4,46.6,19.9,19.6,34.8,72.2,47.0,26.5,16.61,2.1,1.347,40.784,80.64516,-2.49,-0.0049999999999954525,2.4845000000000113,-0.9000000000000004,0.30000000000001137,1.2000000000000028,-0.014000000000000012,-4.699999999999996,2.799999999999997,-0.5999999999999979,0.6999999999999993,6.400000000000006,-2.5,10.613,-2.2,-21.270160000000004,24.821000000000005,0.07400000000000007,3
2012,587,64,St. Bonaventure,278,14,63,Florida St.,317,3,66,0,11.5887,110.138,98.5497,12.7,108.8,96.1,0.807,51.0,46.9,21.5,19.0,36.3,70.4,42.8,37.6,21.028,-1.1,1.832,4.592,64.51613,17.9858,107.767,89.7815,18.4,106.5,88.1,0.899,51.4,43.7,23.7,22.2,35.7,67.0,35.2,34.3,28.697,4.3,2.356,71.293,72.72727,-6.397100000000002,2.3710000000000093,8.768200000000007,-5.699999999999999,2.299999999999997,8.0,-0.09199999999999997,-0.3999999999999986,3.1999999999999957,-2.1999999999999993,-3.1999999999999993,0.5999999999999943,3.4000000000000057,-7.6690000000000005,-5.4,-8.21114,-66.70100000000001,-0.5239999999999998,11
2012,589,64,Texas,275,11,59,Cincinnati,326,6,65,0,16.5122,113.26,96.748,14.7,110.9,96.2,0.837,48.7,46.9,18.7,20.3,38.9,65.4,43.1,41.9,30.593,0.9,0.977,83.811,60.60606,15.1423,109.258,94.1152,16.5,108.7,92.2,0.869,48.0,46.1,16.4,21.7,36.1,65.3,29.4,25.6,26.957,3.1,1.775,59.329,70.58824,1.3698999999999995,4.0020000000000095,2.632800000000003,-1.8000000000000007,2.200000000000003,4.0,-0.03200000000000003,0.7000000000000028,0.7999999999999972,2.3000000000000007,-1.3999999999999986,2.799999999999997,0.10000000000000853,3.6359999999999992,-2.2,-9.98218,24.482000000000006,-0.7979999999999999,5
2012,591,64,Montana,295,13,49,Wisconsin,265,4,73,0,7.87347,103.543,95.6693,6.2,100.8,94.6,0.675,52.9,44.9,18.6,22.2,27.8,68.6,39.8,39.0,8.906,-1.7,1.995,24.191,79.31034,23.2991,111.961,88.662,23.2,110.6,87.4,0.938,49.7,41.8,15.1,18.5,30.4,71.9,31.1,29.9,30.936,5.0,1.85,58.91,72.72727,-15.425629999999998,-8.417999999999992,7.007300000000001,-17.0,-9.799999999999997,7.199999999999989,-0.2629999999999999,3.1999999999999957,3.1000000000000014,3.5000000000000018,3.6999999999999993,-2.599999999999998,-3.3000000000000114,-22.03,-6.7,6.583069999999992,-34.718999999999994,0.14500000000000002,9
2012,593,64,Harvard,314,12,70,Vanderbilt,272,5,79,0,14.756,108.398,93.6424,14.3,106.9,92.6,0.839,52.5,44.9,20.5,19.8,30.9,73.3,42.7,29.1,13.314,2.2,1.721,22.898,86.2069,20.3275,114.775,94.4476,21.2,113.9,92.7,0.914,54.0,46.6,19.8,19.2,32.1,68.0,39.6,29.1,29.822,4.0,2.215,85.14,70.58824,-5.5715,-6.3770000000000095,-0.8051999999999992,-6.899999999999999,-7.0,-0.10000000000000853,-0.07500000000000007,-1.5,-1.7000000000000028,0.6999999999999993,0.6000000000000014,-1.2000000000000028,5.299999999999997,-16.508,-1.7999999999999998,15.618660000000006,-62.242000000000004,-0.4939999999999998,7
2012,595,64,Southern Miss,279,9,64,Kansas St.,309,8,70,0,11.2651,111.225,99.9599,11.5,110.2,98.7,0.78,46.3,50.4,16.4,21.3,36.6,71.5,40.2,39.6,18.877,1.2,2.148,18.502,74.19355,18.2953,109.953,91.6575,16.4,107.9,91.5,0.869,49.3,45.8,21.3,23.8,40.8,66.3,42.9,41.6,27.769,2.2,1.432,47.44,67.74194,-7.030200000000001,1.2719999999999914,8.302400000000006,-4.899999999999999,2.299999999999997,7.200000000000003,-0.08899999999999997,-3.0,4.600000000000001,-4.900000000000002,-2.5,-4.199999999999996,5.200000000000003,-8.892,-1.0000000000000002,6.451610000000002,-28.938,0.7160000000000002,1
2012,597,64,UNC Asheville,274,16,65,Syracuse,277,1,72,0,4.96548,109.605,104.64,2.8,107.2,104.4,0.576,52.7,51.4,19.1,22.4,32.9,65.0,48.5,36.1,12.309,-3.3,2.42,4.116,70.0,25.5085,116.026,90.5173,25.3,115.4,90.1,0.945,51.9,44.0,16.0,25.2,36.6,60.7,31.8,29.8,26.368,10.9,1.699,80.128,93.93939,-20.543020000000002,-6.420999999999992,14.122699999999995,-22.5,-8.200000000000003,14.300000000000011,-0.369,0.8000000000000043,7.399999999999999,3.1000000000000014,-2.8000000000000007,-3.700000000000003,4.299999999999997,-14.059,-14.2,-23.939390000000003,-76.012,0.7209999999999999,15
2012,599,64,Norfolk St.,291,15,86,Missouri,296,2,84,1,-2.44646,99.5279,101.974,-2.1,97.8,99.9,0.439,49.7,45.4,21.4,19.7,33.6,67.0,43.7,37.2,10.649,-2.8,2.318,2.297,75.0,26.6802,124.486,97.8055,27.4,124.0,96.6,0.946,57.8,49.7,15.4,21.6,30.6,68.1,37.7,27.2,26.073,8.8,2.486,56.368,88.23529,-29.12666,-24.9581,4.168500000000009,-29.5,-26.200000000000003,3.3000000000000114,-0.5069999999999999,-8.099999999999994,-4.300000000000004,5.999999999999998,-1.9000000000000021,3.0,-1.0999999999999943,-15.424000000000001,-11.600000000000001,-13.235290000000006,-54.071000000000005,-0.16800000000000015,13
2012,601,64,Virginia,269,10,45,Florida,318,7,71,0,17.3633,106.186,88.8224,16.7,104.3,87.6,0.882,50.9,44.3,18.6,21.1,27.9,74.6,35.8,31.1,24.63,2.0,1.701,59.204,70.96774,20.2909,120.271,99.98,22.4,120.5,98.1,0.914,54.7,49.0,16.6,19.7,33.8,69.0,33.0,30.7,29.274,3.1,1.452,83.164,69.69697,-2.9276000000000018,-14.084999999999994,-11.157600000000002,-5.699999999999999,-16.200000000000003,-10.5,-0.03200000000000003,-3.8000000000000043,-4.700000000000003,2.0,1.4000000000000021,-5.899999999999999,5.599999999999994,-4.644000000000002,-1.1,1.270770000000013,-23.96,0.2490000000000001,3
2012,603,64,BYU,328,14,68,Marquette,301,3,88,0,12.9336,106.894,93.9601,12.9,105.4,92.5,0.818,52.3,47.5,17.8,21.5,30.4,73.4,36.7,35.0,17.804,0.3,1.668,12.537,74.19355,19.3365,112.422,93.0852,19.0,110.9,91.9,0.897,50.8,45.8,18.8,23.6,34.4,63.8,41.5,31.1,28.97,6.2,1.646,52.745,78.125,-6.402900000000001,-5.527999999999992,0.8748999999999967,-6.1,-5.5,0.5999999999999943,-0.07900000000000007,1.5,1.7000000000000028,-1.0,-2.1000000000000014,-4.0,9.600000000000009,-11.166,-5.9,-3.931449999999998,-40.208,0.02200000000000002,11
2012,605,64,Colorado St.,324,11,41,Murray St.,294,6,58,0,9.50647,113.273,103.767,9.0,111.8,102.8,0.724,53.5,50.5,19.1,18.5,28.4,70.5,43.0,39.2,21.586,-1.0,2.092,17.155,64.51613,15.069,110.21,95.1414,13.3,108.1,94.8,0.819,54.7,46.1,20.9,24.0,34.7,65.2,46.4,35.1,10.654,3.8,2.203,4.462,96.42857,-5.562530000000001,3.0630000000000024,8.625599999999991,-4.300000000000001,3.700000000000003,8.0,-0.09499999999999997,-1.2000000000000028,4.399999999999999,-1.7999999999999972,-5.5,-6.300000000000004,5.299999999999997,10.931999999999999,-4.8,-31.91243999999999,12.693000000000001,-0.11099999999999977,5
2012,607,64,Davidson,321,13,62,Louisville,303,4,69,0,10.6934,111.768,101.075,11.9,110.9,99.0,0.787,51.3,47.4,17.2,17.6,35.1,73.3,36.7,40.8,14.315,-0.4,1.524,26.31,77.41935,18.8157,105.207,86.3916,17.8,103.7,85.9,0.897,47.6,42.9,21.4,23.2,36.2,65.7,37.0,34.8,29.249,5.6,1.735,73.332,74.28571,-8.1223,6.561000000000007,14.683400000000006,-5.9,7.200000000000003,13.099999999999994,-0.10999999999999999,3.6999999999999957,4.5,-4.199999999999999,-5.599999999999998,-1.1000000000000014,7.599999999999994,-14.934,-6.0,3.1336399999999998,-47.02199999999999,-0.21100000000000008,9
2012,609,64,Long Beach St.,304,12,68,New Mexico,293,5,75,0,15.6363,111.581,95.9447,12.5,108.2,95.7,0.804,52.6,47.4,19.0,21.7,34.2,68.4,43.4,27.3,20.418,0.9,2.443,9.819,74.19355,19.9522,110.405,90.4523,19.2,109.1,89.9,0.903,52.9,44.1,20.0,21.4,34.0,72.7,39.3,32.0,17.632,2.9,1.64,42.692,81.25,-4.315900000000001,1.176000000000002,5.4924000000000035,-6.699999999999999,-0.8999999999999915,5.799999999999997,-0.09899999999999998,-0.29999999999999716,3.299999999999997,-1.0,0.3000000000000007,0.20000000000000284,-4.299999999999997,2.785999999999998,-2.0,-7.056449999999998,-32.873,0.8030000000000002,7
2012,611,64,Saint Louis,284,9,61,Memphis,300,8,54,1,20.5785,111.629,91.0501,21.4,111.0,89.6,0.922,52.1,44.9,17.8,23.4,31.9,70.6,35.1,37.4,20.497,2.8,1.765,30.227,77.41935,22.5554,114.7,92.1444,20.5,112.6,92.1,0.91,54.4,43.3,18.7,20.5,31.4,67.1,41.6,38.3,21.423,3.0,1.304,80.817,76.47059,-1.9769000000000005,-3.070999999999998,-1.094300000000004,0.8999999999999986,-1.5999999999999943,-2.5,0.01200000000000001,-2.299999999999997,1.6000000000000014,-0.8999999999999986,2.8999999999999986,0.5,3.5,-0.9259999999999984,-0.20000000000000018,0.9487599999999929,-50.58999999999999,0.46099999999999985,1
2012,613,64,LIU Brooklyn,305,16,67,Michigan St.,298,1,89,0,0.542871,108.1,107.557,1.2,107.0,105.8,0.532,53.3,49.1,21.5,18.4,34.8,66.0,49.8,22.3,9.99,-2.6,1.971,11.914,75.75758,28.8179,115.088,86.2697,26.0,112.7,86.7,0.953,52.7,43.0,19.8,19.7,37.2,72.5,39.0,34.2,34.349,8.7,1.672,67.935,79.41176,-28.275029,-6.9879999999999995,21.287300000000002,-24.8,-5.700000000000003,19.099999999999994,-0.42099999999999993,0.5999999999999943,6.100000000000001,1.6999999999999993,-1.3000000000000007,-2.4000000000000057,-6.5,-24.358999999999995,-11.299999999999999,-3.6541799999999967,-56.021,0.29900000000000015,15
2012,615,64,Lehigh,306,15,75,Duke,319,2,70,1,8.90823,108.606,99.6982,7.9,106.7,98.8,0.708,50.9,47.1,16.8,21.4,31.4,70.8,37.4,33.3,12.009,-1.3,1.814,4.923,78.125,20.8659,117.909,97.043,21.8,117.1,95.3,0.914,53.0,47.1,17.7,18.8,34.7,67.8,45.3,31.9,30.241,8.0,1.486,74.552,81.81818,-11.95767,-9.303000000000011,2.6551999999999936,-13.9,-10.399999999999991,3.5,-0.20600000000000007,-2.1000000000000014,0.0,-0.8999999999999986,2.599999999999998,-3.3000000000000043,3.0,-18.232,-9.3,-3.693179999999998,-69.629,0.32800000000000007,13
2012,617,64,Xavier,264,10,67,Notre Dame,288,7,63,1,11.6059,107.588,95.9824,11.6,106.3,94.7,0.791,49.6,45.3,18.6,18.6,31.6,69.9,40.8,36.4,26.514,0.7,1.985,65.926,63.63636,14.2112,110.251,96.0393,11.7,108.0,96.3,0.789,49.2,45.5,16.0,17.3,30.7,67.9,37.9,24.7,28.605,2.3,1.48,73.672,66.66667,-2.6052999999999997,-2.663000000000011,-0.05689999999999884,-0.09999999999999964,-1.7000000000000028,-1.5999999999999943,0.0020000000000000018,0.3999999999999986,-0.20000000000000284,2.6000000000000014,1.3000000000000007,0.9000000000000021,2.0,-2.091000000000001,-1.5999999999999999,-3.030309999999993,-7.745999999999995,0.5050000000000001,3
2012,619,64,South Dakota St.,281,14,60,Baylor,330,3,68,0,11.7129,113.756,102.043,11.0,111.7,100.7,0.767,53.8,49.9,15.6,19.2,30.5,71.8,39.9,29.5,12.437,-0.6,1.476,5.666,78.125,21.4193,115.656,94.2364,20.8,114.4,93.6,0.91,52.6,47.2,20.6,21.3,37.6,67.1,36.5,31.7,30.445,7.0,1.568,60.038,78.78788,-9.7064,-1.9000000000000057,7.806600000000003,-9.8,-2.700000000000003,7.1000000000000085,-0.14300000000000002,1.1999999999999957,2.6999999999999957,-5.000000000000002,-2.1000000000000014,-7.100000000000001,4.700000000000003,-18.008000000000003,-7.6,-0.6628800000000012,-54.372,-0.09200000000000008,11
2012,621,64,Colorado,325,11,68,UNLV,273,6,64,1,8.34556,104.614,96.2689,10.0,104.2,94.2,0.761,49.3,47.0,19.2,18.7,29.3,71.5,43.0,32.5,22.136,-0.3,1.659,46.976,65.625,16.0655,109.975,93.9097,17.0,109.3,92.3,0.875,53.2,46.1,19.5,21.0,32.6,69.8,35.8,33.4,23.486,2.8,2.209,64.975,75.0,-7.719939999999999,-5.36099999999999,2.3592000000000013,-7.0,-5.099999999999994,1.9000000000000057,-0.11399999999999999,-3.9000000000000057,0.8999999999999986,-0.3000000000000007,-2.3000000000000007,-3.3000000000000007,1.7000000000000028,-1.3500000000000014,-3.0999999999999996,-9.375,-17.998999999999995,-0.55,5
2012,623,64,New Mexico St.,292,13,66,Indiana,313,4,79,0,11.6518,109.141,97.4887,8.7,106.1,97.4,0.728,50.7,47.8,20.7,20.4,40.7,70.3,52.8,33.2,13.259,-2.0,1.98,16.361,72.72727,22.5388,119.547,97.0081,22.6,119.1,96.5,0.918,54.7,47.7,19.1,20.3,35.5,68.8,46.6,34.2,30.826,5.9,1.608,76.334,75.75758,-10.886999999999999,-10.405999999999992,0.4805999999999955,-13.900000000000002,-13.0,0.9000000000000057,-0.19000000000000006,-4.0,0.09999999999999432,1.5999999999999979,0.09999999999999787,5.200000000000003,1.5,-17.567,-7.9,-3.03031,-59.973,0.3719999999999999,9
2012,625,64,VCU,271,12,62,Wichita St.,266,5,59,1,12.6331,107.166,94.5327,13.1,106.1,93.0,0.82,47.6,47.1,17.4,27.3,33.8,66.0,37.3,37.9,15.249,2.2,1.398,36.77,82.35294,23.2362,116.963,93.7271,23.3,115.9,92.6,0.93,54.2,44.7,17.9,18.7,33.5,73.7,35.2,33.4,19.263,4.4,2.468,13.827,83.87097,-10.6031,-9.796999999999997,0.8056000000000125,-10.200000000000001,-9.800000000000011,0.4000000000000057,-0.1100000000000001,-6.600000000000001,2.3999999999999986,-0.5,8.600000000000001,0.29999999999999716,-7.700000000000003,-4.014000000000001,-2.2,-1.518029999999996,22.943000000000005,-1.07,7
2012,627,64,Connecticut,323,9,64,Iowa St.,311,8,77,0,15.0185,111.126,96.1075,16.0,110.3,94.3,0.858,50.2,44.4,19.3,16.9,36.8,65.4,34.4,24.9,28.532,0.5,0.802,66.842,60.60606,16.4561,112.844,96.3879,15.9,111.2,95.3,0.855,52.9,48.3,18.5,17.6,32.2,73.7,38.7,25.7,26.236,2.0,1.884,63.108,68.75,-1.4375999999999998,-1.7179999999999893,-0.2804000000000002,0.09999999999999964,-0.9000000000000057,-1.0,0.0030000000000000027,-2.6999999999999957,-3.8999999999999986,0.8000000000000007,-0.7000000000000028,4.599999999999994,-8.299999999999997,2.2959999999999994,-1.5,-8.14394,3.7340000000000018,-1.0819999999999999,1
2012,629,64,Western Kentucky,267,16,66,Kentucky,308,1,81,0,-2.83435,98.1875,101.022,-3.1,96.5,99.6,0.41,44.8,47.4,21.9,21.3,33.6,67.2,40.3,38.8,14.83,-10.3,0.852,33.406,45.45455,31.7277,120.566,88.8382,31.2,119.7,88.5,0.97,53.4,41.6,17.2,18.1,38.4,69.0,40.0,25.6,27.605,11.3,0.776,95.267,94.11765,-34.56205,-22.378500000000003,12.183800000000005,-34.3,-23.200000000000003,11.099999999999994,-0.56,-8.600000000000001,5.799999999999997,4.699999999999999,3.1999999999999993,-4.799999999999997,-1.7999999999999972,-12.775,-21.6,-48.6631,-61.861,0.07599999999999996,15
2013,631,2,Michigan,366,4,76,Louisville,370,1,82,0,24.9907,120.868,95.8775,25.4,120.4,95.0,0.939,54.4,47.9,14.3,18.9,32.5,70.4,28.7,22.9,32.68,6.2,0.784,74.354,78.125,31.1411,114.313,83.1717,29.1,112.6,83.5,0.969,49.5,44.0,18.7,27.6,38.4,66.3,38.8,33.7,31.558,9.0,1.726,70.481,85.29412,-6.150400000000001,6.554999999999993,12.705799999999996,-3.700000000000003,7.800000000000011,11.5,-0.030000000000000027,4.899999999999999,3.8999999999999986,-4.399999999999999,-8.700000000000003,-5.899999999999999,4.1000000000000085,1.1219999999999999,-2.8,-7.169120000000007,3.8730000000000047,-0.942,3
2013,633,4,Syracuse,341,4,56,Michigan,366,4,61,0,22.5652,114.546,91.9806,23.5,113.4,89.9,0.935,49.2,43.6,19.1,23.4,39.8,65.6,35.3,35.5,31.803,5.1,1.746,74.073,74.28571,24.9907,120.868,95.8775,25.4,120.4,95.0,0.939,54.4,47.9,14.3,18.9,32.5,70.4,28.7,22.9,32.68,6.2,0.784,74.354,78.125,-2.4254999999999995,-6.3219999999999885,-3.8969000000000023,-1.8999999999999986,-7.0,-5.099999999999994,-0.0039999999999998925,-5.199999999999996,-4.299999999999997,4.800000000000001,4.5,7.299999999999997,-4.800000000000011,-0.8769999999999989,-1.1000000000000005,-3.8392900000000054,-0.2810000000000059,0.962,0
2013,635,4,Wichita St.,333,9,68,Louisville,370,1,72,0,17.3895,109.966,92.5764,16.2,107.8,91.6,0.867,50.2,46.0,19.8,20.4,38.0,74.7,35.8,37.4,22.177,2.2,1.983,6.608,76.47059,31.1411,114.313,83.1717,29.1,112.6,83.5,0.969,49.5,44.0,18.7,27.6,38.4,66.3,38.8,33.7,31.558,9.0,1.726,70.481,85.29412,-13.7516,-4.347000000000008,9.404700000000005,-12.900000000000002,-4.799999999999997,8.099999999999994,-0.10199999999999998,0.7000000000000028,2.0,1.1000000000000014,-7.200000000000003,-0.3999999999999986,8.400000000000006,-9.381,-6.8,-8.823530000000005,-63.873,0.2570000000000001,8
2013,637,8,Marquette,369,3,39,Syracuse,341,4,55,0,18.6549,113.994,95.3386,19.2,113.3,94.1,0.894,50.7,46.2,21.0,19.9,37.8,66.8,41.4,31.5,31.449,4.5,1.991,71.951,74.19355,22.5652,114.546,91.9806,23.5,113.4,89.9,0.935,49.2,43.6,19.1,23.4,39.8,65.6,35.3,35.5,31.803,5.1,1.746,74.073,74.28571,-3.9102999999999994,-0.5520000000000067,3.358000000000004,-4.300000000000001,-0.10000000000000853,4.199999999999989,-0.041000000000000036,1.5,2.6000000000000014,1.8999999999999986,-3.5,-2.0,1.2000000000000028,-0.3539999999999992,-0.5999999999999996,-0.09215999999999269,-2.122,0.2450000000000001,-1
2013,639,8,Florida,385,3,59,Michigan,366,4,79,0,31.9831,118.162,86.1792,32.0,117.6,85.6,0.975,55.8,42.7,17.7,22.4,34.0,71.4,29.1,30.2,24.664,4.1,2.172,74.049,78.78788,24.9907,120.868,95.8775,25.4,120.4,95.0,0.939,54.4,47.9,14.3,18.9,32.5,70.4,28.7,22.9,32.68,6.2,0.784,74.354,78.125,6.9924,-2.705999999999989,-9.698300000000003,6.600000000000001,-2.8000000000000114,-9.400000000000006,0.03600000000000003,1.3999999999999986,-5.199999999999996,3.3999999999999986,3.5,1.5,1.0,-8.015999999999998,-2.1000000000000005,0.6628800000000012,-0.3049999999999926,1.3880000000000001,-1
2013,641,8,Ohio St.,352,2,66,Wichita St.,333,9,70,0,25.1682,114.487,89.3191,24.1,113.4,89.3,0.94,50.8,45.2,16.6,20.7,32.2,72.4,34.2,28.4,34.432,7.2,1.639,82.682,78.78788,17.3895,109.966,92.5764,16.2,107.8,91.6,0.867,50.2,46.0,19.8,20.4,38.0,74.7,35.8,37.4,22.177,2.2,1.983,6.608,76.47059,7.778699999999997,4.521000000000001,-3.2573000000000008,7.900000000000002,5.6000000000000085,-2.299999999999997,0.07299999999999995,0.5999999999999943,-0.7999999999999972,-3.1999999999999993,0.3000000000000007,-5.799999999999997,-2.299999999999997,12.255000000000003,5.0,2.31729,76.074,-0.3440000000000001,-7
2013,643,8,Duke,386,2,63,Louisville,370,1,85,0,26.724,119.646,92.9223,26.7,118.0,91.3,0.95,54.4,45.7,15.6,20.9,29.4,67.1,37.7,31.4,29.848,7.5,1.785,84.2,84.375,31.1411,114.313,83.1717,29.1,112.6,83.5,0.969,49.5,44.0,18.7,27.6,38.4,66.3,38.8,33.7,31.558,9.0,1.726,70.481,85.29412,-4.417100000000001,5.332999999999998,9.750600000000006,-2.400000000000002,5.400000000000006,7.799999999999997,-0.019000000000000017,4.899999999999999,1.7000000000000028,-3.0999999999999996,-6.700000000000003,-9.0,0.7999999999999972,-1.7100000000000009,-1.5,-0.9191200000000066,13.719000000000008,0.05899999999999994,1
2013,645,16,Miami FL,367,2,61,Marquette,369,3,71,0,22.2852,113.044,90.7587,20.9,110.9,90.0,0.917,52.3,45.6,16.9,18.4,30.8,72.1,35.2,28.8,27.681,6.3,2.369,61.939,81.81818,18.6549,113.994,95.3386,19.2,113.3,94.1,0.894,50.7,46.2,21.0,19.9,37.8,66.8,41.4,31.5,31.449,4.5,1.991,71.951,74.19355,3.6302999999999983,-0.9500000000000028,-4.579899999999995,1.6999999999999993,-2.3999999999999915,-4.099999999999994,0.02300000000000002,1.5999999999999943,-0.6000000000000014,-4.100000000000001,-1.5,-6.9999999999999964,5.299999999999997,-3.7680000000000007,1.7999999999999998,7.624629999999996,-10.011999999999993,0.3780000000000001,-1
2013,647,16,Syracuse,341,4,61,Indiana,379,1,50,1,22.5652,114.546,91.9806,23.5,113.4,89.9,0.935,49.2,43.6,19.1,23.4,39.8,65.6,35.3,35.5,31.803,5.1,1.746,74.073,74.28571,29.9242,122.482,92.5582,32.6,122.5,89.9,0.972,55.2,44.0,19.1,21.2,39.7,68.5,46.0,27.7,32.801,7.8,1.679,80.895,81.81818,-7.358999999999998,-7.935999999999993,-0.5776000000000039,-9.100000000000001,-9.099999999999994,0.0,-0.03699999999999992,-6.0,-0.3999999999999986,0.0,2.1999999999999993,0.09999999999999432,-2.9000000000000057,-0.9980000000000011,-2.7,-7.5324700000000036,-6.822000000000003,0.06699999999999995,3
2013,649,16,Florida Gulf Coast,384,15,50,Florida,385,3,62,0,3.35293,103.304,99.9512,4.5,101.9,97.4,0.627,51.4,47.1,20.9,22.4,33.2,67.3,34.5,32.9,14.203,-4.0,1.657,10.319,68.75,31.9831,118.162,86.1792,32.0,117.6,85.6,0.975,55.8,42.7,17.7,22.4,34.0,71.4,29.1,30.2,24.664,4.1,2.172,74.049,78.78788,-28.63017,-14.858000000000004,13.772000000000006,-27.5,-15.699999999999989,11.800000000000011,-0.348,-4.399999999999999,4.399999999999999,3.1999999999999993,0.0,-0.7999999999999972,-4.1000000000000085,-10.461000000000002,-8.1,-10.037880000000001,-63.730000000000004,-0.5150000000000001,12
2013,651,16,Michigan,366,4,87,Kansas,375,1,85,1,24.9907,120.868,95.8775,25.4,120.4,95.0,0.939,54.4,47.9,14.3,18.9,32.5,70.4,28.7,22.9,32.68,6.2,0.784,74.354,78.125,25.4211,113.253,87.8314,26.3,112.3,86.0,0.956,53.4,41.5,19.9,18.7,34.3,71.2,39.7,33.1,27.947,7.5,1.865,78.41,85.29412,-0.4303999999999988,7.614999999999995,8.046099999999996,-0.9000000000000021,8.100000000000009,9.0,-0.017000000000000015,1.0,6.399999999999999,-5.599999999999998,0.1999999999999993,-1.7999999999999972,-0.7999999999999972,4.7330000000000005,-1.2999999999999998,-7.169120000000007,-4.055999999999997,-1.081,3
2013,653,16,Ohio St.,352,2,73,Arizona,397,6,70,1,25.1682,114.487,89.3191,24.1,113.4,89.3,0.94,50.8,45.2,16.6,20.7,32.2,72.4,34.2,28.4,34.432,7.2,1.639,82.682,78.78788,20.5305,114.263,93.7326,20.6,113.0,92.4,0.91,51.9,47.0,19.5,20.5,35.4,72.8,37.4,32.1,26.545,4.6,1.621,89.719,78.125,4.637699999999999,0.22399999999998954,-4.413499999999999,3.5,0.4000000000000057,-3.1000000000000085,0.029999999999999916,-1.1000000000000014,-1.7999999999999972,-2.8999999999999986,0.1999999999999993,-3.1999999999999957,-0.3999999999999915,7.8870000000000005,2.6000000000000005,0.6628800000000012,-7.036999999999992,0.018000000000000016,-4
2013,655,16,La Salle,373,13,58,Wichita St.,333,9,72,0,13.3018,110.546,97.2446,14.3,109.8,95.5,0.833,51.5,49.2,17.3,22.0,29.6,67.1,31.5,28.6,23.333,0.3,1.728,25.678,70.0,17.3895,109.966,92.5764,16.2,107.8,91.6,0.867,50.2,46.0,19.8,20.4,38.0,74.7,35.8,37.4,22.177,2.2,1.983,6.608,76.47059,-4.087700000000002,0.5800000000000125,4.668199999999999,-1.8999999999999986,2.0,3.9000000000000057,-0.03400000000000003,1.2999999999999972,3.200000000000003,-2.5,1.6000000000000014,-8.399999999999999,-7.6000000000000085,1.1559999999999988,-1.9000000000000001,-6.470590000000001,19.07,-0.2550000000000001,4
2013,657,16,Duke,386,2,71,Michigan St.,365,3,61,1,26.724,119.646,92.9223,26.7,118.0,91.3,0.95,54.4,45.7,15.6,20.9,29.4,67.1,37.7,31.4,29.848,7.5,1.785,84.2,84.375,23.2393,112.662,89.423,21.3,110.4,89.1,0.922,50.7,45.0,20.5,19.7,35.5,71.7,36.7,32.6,37.025,6.7,1.306,87.215,75.0,3.4847,6.983999999999995,3.499300000000005,5.399999999999999,7.599999999999994,2.200000000000003,0.027999999999999914,3.6999999999999957,0.7000000000000028,-4.9,1.1999999999999993,-6.100000000000001,-4.6000000000000085,-7.177,0.7999999999999998,9.375,-3.0150000000000006,0.47899999999999987,-1
2013,659,16,Oregon,349,12,69,Louisville,370,1,77,0,14.8613,105.529,90.6673,14.6,103.8,89.2,0.851,49.1,46.3,21.3,22.3,36.1,72.2,39.0,32.7,23.326,2.9,1.899,45.898,76.47059,31.1411,114.313,83.1717,29.1,112.6,83.5,0.969,49.5,44.0,18.7,27.6,38.4,66.3,38.8,33.7,31.558,9.0,1.726,70.481,85.29412,-16.2798,-8.784000000000006,7.495599999999996,-14.500000000000002,-8.799999999999997,5.700000000000003,-0.118,-0.3999999999999986,2.299999999999997,2.6000000000000014,-5.300000000000001,-2.299999999999997,5.900000000000006,-8.232,-6.1,-8.823530000000005,-24.58299999999999,0.17300000000000004,11
2013,661,32,Miami FL,367,2,63,Illinois,380,7,59,1,22.2852,113.044,90.7587,20.9,110.9,90.0,0.917,52.3,45.6,16.9,18.4,30.8,72.1,35.2,28.8,27.681,6.3,2.369,61.939,81.81818,15.1395,110.496,95.3564,16.1,110.1,94.0,0.86,47.9,49.0,17.6,21.9,33.4,66.8,31.2,36.6,36.349,2.4,2.178,73.254,62.5,7.1457,2.548000000000002,-4.597699999999989,4.799999999999997,0.8000000000000114,-4.0,0.05700000000000005,4.399999999999999,-3.3999999999999986,-0.7000000000000028,-3.5,-2.599999999999998,5.299999999999997,-8.667999999999996,3.9,19.318179999999998,-11.315000000000005,0.19100000000000028,-5
2013,663,32,Marquette,369,3,74,Butler,393,6,72,1,18.6549,113.994,95.3386,19.2,113.3,94.1,0.894,50.7,46.2,21.0,19.9,37.8,66.8,41.4,31.5,31.449,4.5,1.991,71.951,74.19355,14.8086,110.071,95.2626,15.7,109.4,93.7,0.856,51.0,46.9,20.5,17.3,36.2,74.0,38.1,36.5,29.694,4.7,1.706,60.376,75.75758,3.846300000000001,3.923000000000002,0.0759999999999934,3.5,3.8999999999999915,0.3999999999999915,0.038000000000000034,-0.29999999999999716,-0.6999999999999957,0.5,2.599999999999998,1.5999999999999943,-7.200000000000003,1.7550000000000026,-0.20000000000000018,-1.5640300000000025,11.574999999999996,0.28500000000000014,-3
2013,665,32,Syracuse,341,4,66,California,392,12,60,1,22.5652,114.546,91.9806,23.5,113.4,89.9,0.935,49.2,43.6,19.1,23.4,39.8,65.6,35.3,35.5,31.803,5.1,1.746,74.073,74.28571,12.7298,107.434,94.7044,11.9,105.6,93.7,0.798,48.2,44.5,18.8,16.6,32.8,69.4,31.3,30.7,27.791,0.5,1.698,60.347,64.51613,9.835400000000002,7.112000000000009,-2.7238000000000113,11.6,7.800000000000011,-3.799999999999997,0.137,1.0,-0.8999999999999986,0.3000000000000007,6.799999999999997,7.0,-3.8000000000000114,4.0120000000000005,4.6,9.76957999999999,13.725999999999992,0.04800000000000004,-8
2013,667,32,Temple,340,9,52,Indiana,379,1,58,0,11.9609,111.464,99.5026,12.5,110.0,97.5,0.8,49.2,48.7,16.2,20.2,31.2,68.1,35.5,33.9,24.902,1.5,2.384,30.212,71.875,29.9242,122.482,92.5582,32.6,122.5,89.9,0.972,55.2,44.0,19.1,21.2,39.7,68.5,46.0,27.7,32.801,7.8,1.679,80.895,81.81818,-17.963299999999997,-11.018,6.944400000000002,-20.1,-12.5,7.599999999999994,-0.17199999999999993,-6.0,4.700000000000003,-2.900000000000002,-1.0,-8.500000000000004,-0.4000000000000057,-7.899000000000001,-6.3,-9.943179999999998,-50.68299999999999,0.7049999999999998,8
2013,669,32,Florida Gulf Coast,384,15,81,San Diego St.,344,7,71,1,3.35293,103.304,99.9512,4.5,101.9,97.4,0.627,51.4,47.1,20.9,22.4,33.2,67.3,34.5,32.9,14.203,-4.0,1.657,10.319,68.75,18.5799,107.707,89.1276,16.8,105.5,88.7,0.88,48.5,44.1,17.9,18.3,31.5,72.0,36.0,29.7,25.928,0.4,1.862,33.671,66.66667,-15.226969999999998,-4.402999999999992,10.823599999999999,-12.3,-3.5999999999999943,8.700000000000003,-0.253,2.8999999999999986,3.0,3.0,4.099999999999998,1.7000000000000028,-4.700000000000003,-11.725000000000001,-4.4,2.0833300000000037,-23.351999999999997,-0.20500000000000007,8
2013,671,32,Florida,385,3,78,Minnesota,363,11,64,1,31.9831,118.162,86.1792,32.0,117.6,85.6,0.975,55.8,42.7,17.7,22.4,34.0,71.4,29.1,30.2,24.664,4.1,2.172,74.049,78.78788,19.1442,113.792,94.6477,20.7,112.7,92.0,0.912,49.1,45.4,21.7,20.1,44.1,67.1,41.9,35.3,34.85,2.1,1.964,46.837,62.5,12.838899999999999,4.3700000000000045,-8.468500000000006,11.3,4.8999999999999915,-6.400000000000006,0.06299999999999994,6.699999999999996,-2.6999999999999957,-4.0,2.299999999999997,-10.100000000000001,4.300000000000011,-10.186,1.9999999999999996,16.28788,27.212000000000003,0.20800000000000018,-8
2013,673,32,Michigan,366,4,78,VCU,336,5,53,1,24.9907,120.868,95.8775,25.4,120.4,95.0,0.939,54.4,47.9,14.3,18.9,32.5,70.4,28.7,22.9,32.68,6.2,0.784,74.354,78.125,19.3295,113.747,94.4178,21.4,113.4,92.0,0.917,51.3,50.0,17.1,28.6,37.0,65.3,30.6,41.0,22.954,2.6,1.728,39.731,76.47059,5.661200000000001,7.120999999999995,1.459699999999998,4.0,7.0,3.0,0.02199999999999991,3.1000000000000014,-2.1000000000000014,-2.8000000000000007,-9.700000000000003,-4.5,5.1000000000000085,9.725999999999999,3.6,1.6544099999999986,34.623,-0.944,-1
2013,675,32,North Carolina,357,8,58,Kansas,375,1,70,0,17.1634,112.478,95.3146,17.2,110.7,93.5,0.875,49.5,48.0,17.1,21.2,35.1,69.1,28.0,26.7,29.188,2.5,1.252,89.557,69.69697,25.4211,113.253,87.8314,26.3,112.3,86.0,0.956,53.4,41.5,19.9,18.7,34.3,71.2,39.7,33.1,27.947,7.5,1.865,78.41,85.29412,-8.2577,-0.7750000000000057,7.4831999999999965,-9.100000000000001,-1.5999999999999943,7.5,-0.08099999999999996,-3.8999999999999986,6.5,-2.799999999999997,2.5,0.8000000000000043,-2.1000000000000085,1.2409999999999997,-5.0,-15.597150000000013,11.147000000000006,-0.613,7
2013,677,32,Ohio St.,352,2,78,Iowa St.,377,10,75,1,25.1682,114.487,89.3191,24.1,113.4,89.3,0.94,50.8,45.2,16.6,20.7,32.2,72.4,34.2,28.4,34.432,7.2,1.639,82.682,78.78788,16.2941,116.863,100.569,17.0,115.5,98.5,0.862,53.6,47.8,18.6,18.5,34.6,71.1,33.1,32.4,27.483,0.7,2.282,48.784,66.66667,8.874099999999999,-2.3760000000000048,-11.249899999999997,7.100000000000001,-2.0999999999999943,-9.200000000000003,0.07799999999999996,-2.8000000000000043,-2.5999999999999943,-2.0,2.1999999999999993,-2.3999999999999986,1.3000000000000114,6.949000000000002,6.5,12.121210000000005,33.898,-0.643,-8
2013,679,32,Harvard,381,14,51,Arizona,397,6,74,0,6.90592,108.139,101.233,5.9,106.0,100.1,0.659,55.0,49.0,21.1,21.1,26.1,68.5,50.4,30.7,17.558,-2.6,1.292,23.885,66.66667,20.5305,114.263,93.7326,20.6,113.0,92.4,0.91,51.9,47.0,19.5,20.5,35.4,72.8,37.4,32.1,26.545,4.6,1.621,89.719,78.125,-13.62458,-6.124000000000009,7.500399999999999,-14.700000000000001,-7.0,7.699999999999989,-0.251,3.1000000000000014,2.0,1.6000000000000014,0.6000000000000014,-9.299999999999997,-4.299999999999997,-8.987000000000002,-7.199999999999999,-11.458330000000004,-65.83399999999999,-0.32899999999999996,8
2013,681,32,La Salle,373,13,76,Mississippi,362,12,74,1,13.3018,110.546,97.2446,14.3,109.8,95.5,0.833,51.5,49.2,17.3,22.0,29.6,67.1,31.5,28.6,23.333,0.3,1.728,25.678,70.0,16.5223,112.338,95.8159,13.8,109.7,95.9,0.824,49.3,46.6,15.8,21.7,33.8,68.1,39.3,31.3,21.197,1.6,1.846,66.788,76.47059,-3.2205000000000013,-1.7919999999999874,1.4287000000000063,0.5,0.09999999999999432,-0.4000000000000057,0.009000000000000008,2.200000000000003,2.6000000000000014,1.5,0.3000000000000007,-4.199999999999996,-1.0,2.1359999999999992,-1.3,-6.470590000000001,-41.11,-0.1180000000000001,1
2013,683,32,Wichita St.,333,9,76,Gonzaga,382,1,70,1,17.3895,109.966,92.5764,16.2,107.8,91.6,0.867,50.2,46.0,19.8,20.4,38.0,74.7,35.8,37.4,22.177,2.2,1.983,6.608,76.47059,28.9467,120.831,91.8845,29.1,119.4,90.3,0.961,55.5,44.2,17.1,20.9,37.4,69.8,41.0,29.5,22.395,7.6,1.767,33.185,93.75,-11.557199999999998,-10.865000000000009,0.691900000000004,-12.900000000000002,-11.600000000000009,1.2999999999999972,-0.09399999999999997,-5.299999999999997,1.7999999999999972,2.6999999999999993,-0.5,0.6000000000000014,4.900000000000006,-0.21799999999999997,-5.3999999999999995,-17.27941,-26.577,0.2160000000000002,8
2013,685,32,Duke,386,2,66,Creighton,388,7,50,1,26.724,119.646,92.9223,26.7,118.0,91.3,0.95,54.4,45.7,15.6,20.9,29.4,67.1,37.7,31.4,29.848,7.5,1.785,84.2,84.375,22.2247,119.389,97.1644,22.5,118.0,95.5,0.919,59.1,45.9,18.8,16.2,29.2,73.0,33.6,25.8,22.691,3.5,1.914,38.512,79.41176,4.499300000000002,0.257000000000005,-4.2420999999999935,4.199999999999999,0.0,-4.200000000000003,0.030999999999999917,-4.700000000000003,-0.19999999999999574,-3.200000000000001,4.699999999999999,0.1999999999999993,-5.900000000000006,7.157,4.0,4.963239999999999,45.688,-0.129,-5
2013,687,32,Michigan St.,365,3,70,Memphis,368,6,48,1,23.2393,112.662,89.423,21.3,110.4,89.1,0.922,50.7,45.0,20.5,19.7,35.5,71.7,36.7,32.6,37.025,6.7,1.306,87.215,75.0,16.6993,108.62,91.9204,16.5,107.3,90.8,0.872,53.2,45.6,20.8,22.0,36.2,69.4,37.9,35.0,18.445,4.5,1.761,72.385,88.23529,6.539999999999999,4.042000000000002,-2.497399999999999,4.800000000000001,3.1000000000000085,-1.7000000000000028,0.050000000000000044,-2.5,-0.6000000000000014,-0.3000000000000007,-2.3000000000000007,-0.7000000000000028,2.299999999999997,18.58,2.2,-13.235290000000006,14.829999999999998,-0.45499999999999985,-3
2013,689,32,Saint Louis,346,4,57,Oregon,349,12,74,0,20.269,108.951,88.6822,19.3,107.9,88.6,0.906,50.7,45.6,17.6,23.4,28.1,71.7,44.7,35.6,21.79,3.8,2.237,16.692,81.81818,14.8613,105.529,90.6673,14.6,103.8,89.2,0.851,49.1,46.3,21.3,22.3,36.1,72.2,39.0,32.7,23.326,2.9,1.899,45.898,76.47059,5.407699999999998,3.421999999999997,-1.9851000000000028,4.700000000000001,4.1000000000000085,-0.6000000000000085,0.05500000000000005,1.6000000000000014,-0.6999999999999957,-3.6999999999999993,1.0999999999999979,-8.0,-0.5,-1.5360000000000014,0.8999999999999999,5.347589999999997,-29.206000000000003,0.3380000000000001,-8
2013,691,32,Colorado St.,389,8,56,Louisville,370,1,82,0,20.1795,118.136,97.9562,18.1,115.5,97.4,0.877,48.9,48.2,16.7,16.9,41.8,76.7,43.3,36.6,23.522,1.9,2.496,33.913,74.19355,31.1411,114.313,83.1717,29.1,112.6,83.5,0.969,49.5,44.0,18.7,27.6,38.4,66.3,38.8,33.7,31.558,9.0,1.726,70.481,85.29412,-10.9616,3.8229999999999933,14.784499999999994,-11.0,2.9000000000000057,13.900000000000006,-0.09199999999999997,-0.6000000000000014,4.200000000000003,-2.0,-10.700000000000003,3.3999999999999986,10.400000000000006,-8.036000000000001,-7.1,-11.100570000000005,-36.568,0.77,7
2013,693,64,Pacific,348,15,49,Miami FL,367,2,78,0,5.53976,106.871,101.331,4.7,105.7,101.0,0.628,50.8,49.7,17.7,20.1,29.4,69.4,38.2,39.2,15.835,-5.1,2.518,1.732,62.5,22.2852,113.044,90.7587,20.9,110.9,90.0,0.917,52.3,45.6,16.9,18.4,30.8,72.1,35.2,28.8,27.681,6.3,2.369,61.939,81.81818,-16.74544,-6.173000000000002,10.572299999999998,-16.2,-5.200000000000003,11.0,-0.28900000000000003,-1.5,4.100000000000001,0.8000000000000007,1.7000000000000028,-1.4000000000000021,-2.6999999999999886,-11.846,-11.399999999999999,-19.318179999999998,-60.207,0.14899999999999958,13
2013,695,64,Colorado,390,10,49,Illinois,380,7,57,0,14.7956,107.269,92.4737,14.8,105.8,91.0,0.85,48.6,46.1,19.9,19.4,33.9,69.5,41.4,24.7,29.032,1.4,1.163,58.643,65.625,15.1395,110.496,95.3564,16.1,110.1,94.0,0.86,47.9,49.0,17.6,21.9,33.4,66.8,31.2,36.6,36.349,2.4,2.178,73.254,62.5,-0.34389999999999965,-3.2269999999999897,-2.8827,-1.3000000000000007,-4.299999999999997,-3.0,-0.010000000000000009,0.7000000000000028,-2.8999999999999986,2.299999999999997,-2.5,0.5,2.700000000000003,-7.316999999999997,-1.0,3.125,-14.611000000000004,-1.015,3
2013,697,64,Davidson,387,14,58,Marquette,369,3,59,0,11.1711,112.441,101.27,11.3,110.8,99.5,0.775,53.3,45.5,17.0,18.9,29.2,72.1,38.7,36.5,13.113,-1.4,2.27,23.91,78.125,18.6549,113.994,95.3386,19.2,113.3,94.1,0.894,50.7,46.2,21.0,19.9,37.8,66.8,41.4,31.5,31.449,4.5,1.991,71.951,74.19355,-7.483800000000002,-1.5529999999999973,5.9313999999999965,-7.899999999999999,-2.5,5.400000000000006,-0.119,2.5999999999999943,-0.7000000000000028,-4.0,-1.0,-8.599999999999998,5.299999999999997,-18.336000000000002,-5.9,3.931449999999998,-48.041,0.2789999999999999,11
2013,699,64,Bucknell,394,11,56,Butler,393,6,68,0,13.4434,107.882,94.4384,12.4,105.6,93.2,0.808,49.9,42.6,15.1,14.3,29.6,75.8,36.6,28.7,13.42,1.0,2.186,1.731,84.375,14.8086,110.071,95.2626,15.7,109.4,93.7,0.856,51.0,46.9,20.5,17.3,36.2,74.0,38.1,36.5,29.694,4.7,1.706,60.376,75.75758,-1.3651999999999997,-2.188999999999993,-0.8242000000000047,-3.299999999999999,-3.8000000000000114,-0.5,-0.04799999999999993,-1.1000000000000014,-4.299999999999997,-5.4,-3.0,-6.600000000000001,1.7999999999999972,-16.274,-3.7,8.617419999999996,-58.644999999999996,0.48,5
2013,701,64,Montana,360,13,34,Syracuse,341,4,81,0,2.71159,105.569,102.857,1.3,103.2,101.9,0.536,54.0,48.3,18.9,18.5,25.1,69.4,41.3,35.1,11.573,-1.4,1.764,13.694,79.31034,22.5652,114.546,91.9806,23.5,113.4,89.9,0.935,49.2,43.6,19.1,23.4,39.8,65.6,35.3,35.5,31.803,5.1,1.746,74.073,74.28571,-19.85361,-8.977000000000004,10.876400000000004,-22.2,-10.200000000000003,12.0,-0.399,4.799999999999997,4.699999999999996,-0.20000000000000284,-4.899999999999999,-14.699999999999996,3.8000000000000114,-20.23,-6.5,5.024630000000002,-60.37899999999999,0.018000000000000016,9
2013,703,64,California,392,12,64,UNLV,338,5,61,1,12.7298,107.434,94.7044,11.9,105.6,93.7,0.798,48.2,44.5,18.8,16.6,32.8,69.4,31.3,30.7,27.791,0.5,1.698,60.347,64.51613,17.2254,106.858,89.633,16.6,105.6,89.0,0.877,49.3,44.0,20.3,18.6,33.5,72.8,36.5,29.7,24.074,1.8,1.466,72.603,72.72727,-4.495600000000001,0.5759999999999934,5.071400000000011,-4.700000000000001,0.0,4.700000000000003,-0.07899999999999996,-1.0999999999999943,0.5,-1.5,-2.0,-0.7000000000000028,-3.3999999999999915,3.7169999999999987,-1.3,-8.21114,-12.255999999999993,0.23199999999999998,7
2013,705,64,Temple,340,9,76,North Carolina St.,355,8,72,1,11.9609,111.464,99.5026,12.5,110.0,97.5,0.8,49.2,48.7,16.2,20.2,31.2,68.1,35.5,33.9,24.902,1.5,2.384,30.212,71.875,17.4046,116.772,99.3673,17.5,115.6,98.1,0.869,54.1,46.6,17.9,16.9,34.9,67.0,41.2,28.1,27.234,2.2,1.692,88.25,70.58824,-5.443699999999998,-5.308000000000007,0.13530000000000086,-5.0,-5.599999999999994,-0.5999999999999943,-0.06899999999999995,-4.899999999999999,2.1000000000000014,-1.6999999999999993,3.3000000000000007,-3.6999999999999993,1.0999999999999943,-2.3320000000000007,-0.7000000000000002,1.286760000000001,-58.038,0.692,1
2013,707,64,James Madison,376,16,62,Indiana,379,1,83,0,-1.67462,99.5556,101.23,-1.7,98.1,99.8,0.451,47.4,48.7,17.2,21.3,29.2,69.5,38.3,39.8,10.325,-8.9,1.667,18.227,58.82353,29.9242,122.482,92.5582,32.6,122.5,89.9,0.972,55.2,44.0,19.1,21.2,39.7,68.5,46.0,27.7,32.801,7.8,1.679,80.895,81.81818,-31.59882,-22.9264,8.671800000000005,-34.300000000000004,-24.400000000000006,9.899999999999991,-0.5209999999999999,-7.800000000000004,4.700000000000003,-1.9000000000000021,0.10000000000000142,-10.500000000000004,1.0,-22.476000000000003,-16.7,-22.99465,-62.66799999999999,-0.01200000000000001,15
2013,709,64,Florida Gulf Coast,384,15,78,Georgetown,383,2,68,1,3.35293,103.304,99.9512,4.5,101.9,97.4,0.627,51.4,47.1,20.9,22.4,33.2,67.3,34.5,32.9,14.203,-4.0,1.657,10.319,68.75,22.1624,107.747,85.5846,22.2,106.8,84.6,0.936,51.4,42.8,20.1,22.6,30.6,68.7,37.0,33.6,31.664,6.6,1.213,83.628,80.64516,-18.80947,-4.442999999999998,14.366600000000005,-17.7,-4.8999999999999915,12.800000000000011,-0.30900000000000005,0.0,4.300000000000004,0.7999999999999972,-0.20000000000000284,2.6000000000000014,-1.4000000000000057,-17.461000000000002,-10.6,-11.895160000000004,-73.309,0.44399999999999995,13
2013,711,64,Oklahoma,351,10,55,San Diego St.,344,7,70,0,14.3172,111.409,97.0916,14.4,109.5,95.1,0.835,47.9,47.4,17.6,19.7,33.6,68.6,36.1,31.5,27.937,0.3,1.87,58.608,64.51613,18.5799,107.707,89.1276,16.8,105.5,88.7,0.88,48.5,44.1,17.9,18.3,31.5,72.0,36.0,29.7,25.928,0.4,1.862,33.671,66.66667,-4.262699999999999,3.7020000000000124,7.963999999999999,-2.4000000000000004,4.0,6.3999999999999915,-0.04500000000000004,-0.6000000000000014,3.299999999999997,-0.29999999999999716,1.3999999999999986,2.1000000000000014,-3.4000000000000057,2.0090000000000003,-0.10000000000000003,-2.1505399999999923,24.936999999999998,0.008000000000000007,3
2013,713,64,Northwestern St.,354,14,47,Florida,385,3,79,0,3.18756,106.886,103.699,3.0,105.0,102.0,0.583,49.3,47.6,19.0,22.0,35.3,63.0,40.8,40.6,12.973,-3.2,2.009,0.2,70.37037,31.9831,118.162,86.1792,32.0,117.6,85.6,0.975,55.8,42.7,17.7,22.4,34.0,71.4,29.1,30.2,24.664,4.1,2.172,74.049,78.78788,-28.79554,-11.27600000000001,17.519800000000004,-29.0,-12.599999999999994,16.400000000000006,-0.392,-6.5,4.899999999999999,1.3000000000000007,-0.3999999999999986,1.2999999999999972,-8.400000000000006,-11.691,-7.3,-8.417510000000007,-73.849,-0.16300000000000026,11
2013,715,64,Minnesota,363,11,83,UCLA,339,6,63,1,19.1442,113.792,94.6477,20.7,112.7,92.0,0.912,49.1,45.4,21.7,20.1,44.1,67.1,41.9,35.3,34.85,2.1,1.964,46.837,62.5,15.1624,111.467,96.3046,15.9,110.9,95.0,0.856,49.5,47.1,15.7,20.0,30.2,66.0,32.9,24.4,26.831,3.3,1.151,92.53,73.52941,3.9818000000000016,2.325000000000003,-1.6568999999999932,4.799999999999999,1.7999999999999972,-3.0,0.05600000000000005,-0.3999999999999986,-1.7000000000000028,6.0,0.10000000000000142,13.900000000000002,1.0999999999999943,8.019000000000002,-1.1999999999999997,-11.029409999999999,-45.693,0.813,5
2013,717,64,South Dakota St.,343,13,56,Michigan,366,4,71,0,7.16609,112.586,105.42,5.8,110.0,104.2,0.651,53.5,50.9,16.3,17.1,29.0,74.0,33.5,24.7,13.855,-3.2,2.194,8.145,70.96774,24.9907,120.868,95.8775,25.4,120.4,95.0,0.939,54.4,47.9,14.3,18.9,32.5,70.4,28.7,22.9,32.68,6.2,0.784,74.354,78.125,-17.82461,-8.281999999999996,9.542500000000004,-19.599999999999998,-10.400000000000006,9.200000000000003,-0.2879999999999999,-0.8999999999999986,3.0,2.0,-1.7999999999999972,-3.5,3.5999999999999943,-18.825,-9.4,-7.157259999999994,-66.209,1.41,9
2013,719,64,Akron,399,12,42,VCU,336,5,88,0,13.7427,107.801,94.0583,11.6,105.4,93.8,0.793,51.4,44.0,20.4,20.5,37.8,69.8,36.8,35.5,14.733,0.3,1.73,28.109,80.64516,19.3295,113.747,94.4178,21.4,113.4,92.0,0.917,51.3,50.0,17.1,28.6,37.0,65.3,30.6,41.0,22.954,2.6,1.728,39.731,76.47059,-5.5868,-5.945999999999998,-0.35949999999999704,-9.799999999999999,-8.0,1.7999999999999972,-0.124,0.10000000000000142,-6.0,3.299999999999997,-8.100000000000001,0.7999999999999972,4.5,-8.221,-2.3000000000000003,4.174570000000003,-11.622,0.0020000000000000018,7
2013,721,64,Villanova,335,9,71,North Carolina,357,8,78,0,13.6158,106.057,92.4411,13.8,105.0,91.2,0.835,47.3,46.9,22.9,21.9,32.8,70.3,51.3,40.5,32.168,0.3,1.331,73.986,59.375,17.1634,112.478,95.3146,17.2,110.7,93.5,0.875,49.5,48.0,17.1,21.2,35.1,69.1,28.0,26.7,29.188,2.5,1.252,89.557,69.69697,-3.547599999999999,-6.420999999999992,-2.873499999999993,-3.3999999999999986,-5.700000000000003,-2.299999999999997,-0.040000000000000036,-2.200000000000003,-1.1000000000000014,5.799999999999997,0.6999999999999993,-2.3000000000000043,1.2000000000000028,2.9800000000000004,-2.2,-10.321969999999993,-15.570999999999998,0.07899999999999996,1
2013,723,64,Western Kentucky,334,16,57,Kansas,375,1,64,0,-0.9659,101.798,102.763,-1.1,99.5,100.6,0.468,49.1,47.9,22.4,20.7,34.8,68.9,37.9,37.0,14.863,-8.4,1.539,19.116,55.88235,25.4211,113.253,87.8314,26.3,112.3,86.0,0.956,53.4,41.5,19.9,18.7,34.3,71.2,39.7,33.1,27.947,7.5,1.865,78.41,85.29412,-26.387,-11.454999999999998,14.931600000000003,-27.400000000000002,-12.799999999999997,14.599999999999994,-0.48799999999999993,-4.299999999999997,6.399999999999999,2.5,2.0,0.5,-2.299999999999997,-13.084,-15.9,-29.411770000000004,-59.294,-0.32600000000000007,15
2013,725,64,Iona,378,15,70,Ohio St.,352,2,95,0,7.85234,114.644,106.791,8.8,113.8,105.0,0.716,52.5,51.5,16.9,19.5,32.8,66.6,32.7,32.1,15.075,-5.9,2.016,22.901,60.60606,25.1682,114.487,89.3191,24.1,113.4,89.3,0.94,50.8,45.2,16.6,20.7,32.2,72.4,34.2,28.4,34.432,7.2,1.639,82.682,78.78788,-17.31586,0.1570000000000107,17.47189999999999,-15.3,0.3999999999999915,15.700000000000003,-0.22399999999999998,1.7000000000000028,6.299999999999997,0.29999999999999716,-1.1999999999999993,0.5999999999999943,-5.800000000000011,-19.357000000000003,-13.100000000000001,-18.181820000000002,-59.781000000000006,0.377,13
2013,727,64,Iowa St.,377,10,76,Notre Dame,353,7,58,1,16.2941,116.863,100.569,17.0,115.5,98.5,0.862,53.6,47.8,18.6,18.5,34.6,71.1,33.1,32.4,27.483,0.7,2.282,48.784,66.66667,17.4382,115.515,98.0769,18.2,114.5,96.3,0.88,52.3,46.5,17.4,16.2,34.1,70.2,32.2,24.7,29.503,3.9,1.938,75.953,73.52941,-1.1440999999999981,1.347999999999999,2.4921000000000078,-1.1999999999999993,1.0,2.200000000000003,-0.018000000000000016,1.3000000000000043,1.2999999999999972,1.2000000000000028,2.3000000000000007,0.5,0.8999999999999915,-2.0199999999999996,-3.2,-6.862740000000002,-27.169000000000004,0.3440000000000001,3
2013,729,64,Harvard,381,14,68,New Mexico,359,3,62,1,6.90592,108.139,101.233,5.9,106.0,100.1,0.659,55.0,49.0,21.1,21.1,26.1,68.5,50.4,30.7,17.558,-2.6,1.292,23.885,66.66667,20.7068,110.537,89.8302,15.8,106.4,90.6,0.864,48.7,45.5,17.6,19.5,28.9,72.2,45.8,25.2,25.971,6.9,1.895,28.854,85.29412,-13.800880000000001,-2.3980000000000103,11.4028,-9.9,-0.4000000000000057,9.5,-0.20499999999999996,6.299999999999997,3.5,3.5,1.6000000000000014,-2.799999999999997,-3.700000000000003,-8.413,-9.5,-18.62745000000001,-4.968999999999998,-0.603,11
2013,731,64,Belmont,396,11,64,Arizona,397,6,81,0,15.7507,111.598,95.8476,14.0,108.9,94.9,0.83,56.8,47.4,19.8,25.0,30.4,66.1,32.4,36.9,15.327,0.1,2.311,12.834,80.0,20.5305,114.263,93.7326,20.6,113.0,92.4,0.91,51.9,47.0,19.5,20.5,35.4,72.8,37.4,32.1,26.545,4.6,1.621,89.719,78.125,-4.7798,-2.6650000000000063,2.114999999999995,-6.600000000000001,-4.099999999999994,2.5,-0.08000000000000007,4.899999999999999,0.3999999999999986,0.3000000000000007,4.5,-5.0,-6.700000000000003,-11.218000000000002,-4.5,1.875,-76.88499999999999,0.69,5
2013,733,64,La Salle,373,13,63,Kansas St.,374,4,61,1,13.3018,110.546,97.2446,14.3,109.8,95.5,0.833,51.5,49.2,17.3,22.0,29.6,67.1,31.5,28.6,23.333,0.3,1.728,25.678,70.0,18.2582,113.291,95.0325,18.4,112.1,93.7,0.887,49.2,47.4,18.2,22.4,38.5,66.0,31.8,36.9,29.676,5.4,1.938,59.851,78.78788,-4.956399999999999,-2.7449999999999903,2.2121000000000066,-4.099999999999998,-2.299999999999997,1.7999999999999972,-0.05400000000000005,2.299999999999997,1.8000000000000043,-0.8999999999999986,-0.3999999999999986,-8.899999999999999,1.0999999999999943,-6.343,-5.1000000000000005,-8.787880000000001,-34.173,-0.20999999999999996,9
2013,735,64,Mississippi,362,12,57,Wisconsin,332,5,46,1,16.5223,112.338,95.8159,13.8,109.7,95.9,0.824,49.3,46.6,15.8,21.7,33.8,68.1,39.3,31.3,21.197,1.6,1.846,66.788,76.47059,23.008,108.829,85.8206,22.7,108.4,85.7,0.937,49.2,43.0,15.6,18.0,32.6,73.3,29.9,25.6,37.133,4.6,1.822,59.918,67.64706,-6.485699999999998,3.5090000000000003,9.9953,-8.899999999999999,1.2999999999999972,10.200000000000003,-0.1130000000000001,0.09999999999999432,3.6000000000000014,0.20000000000000107,3.6999999999999993,1.1999999999999957,-5.200000000000003,-15.936000000000003,-2.9999999999999996,8.823530000000005,6.869999999999997,0.02400000000000002,7
2013,737,64,Wichita St.,333,9,73,Pittsburgh,347,8,55,1,17.3895,109.966,92.5764,16.2,107.8,91.6,0.867,50.2,46.0,19.8,20.4,38.0,74.7,35.8,37.4,22.177,2.2,1.983,6.608,76.47059,25.1014,116.301,91.1994,22.8,114.1,91.3,0.929,52.2,44.7,17.9,22.2,40.8,70.2,37.5,34.9,27.112,3.1,1.684,83.195,75.0,-7.7119,-6.335000000000008,1.3770000000000095,-6.600000000000001,-6.299999999999997,0.29999999999999716,-0.062000000000000055,-2.0,1.2999999999999972,1.9000000000000021,-1.8000000000000007,-2.799999999999997,4.5,-4.934999999999999,-0.8999999999999999,1.4705900000000014,-76.58699999999999,0.29900000000000015,1
2013,739,64,Southern,342,16,58,Gonzaga,382,1,64,0,-0.29274,99.0012,99.294,-1.4,96.1,97.5,0.459,49.1,41.6,16.8,20.3,26.7,68.9,40.3,35.2,8.266,-5.7,2.374,10.29,68.96552,28.9467,120.831,91.8845,29.1,119.4,90.3,0.961,55.5,44.2,17.1,20.9,37.4,69.8,41.0,29.5,22.395,7.6,1.767,33.185,93.75,-29.23944,-21.829800000000006,7.409499999999994,-30.5,-23.30000000000001,7.200000000000003,-0.502,-6.399999999999999,-2.6000000000000014,-0.3000000000000007,-0.5999999999999979,-10.7,-0.8999999999999915,-14.129,-13.3,-24.784480000000002,-22.895000000000003,0.6070000000000002,15
2013,741,64,Albany,398,15,61,Duke,386,2,73,0,1.15535,102.346,101.191,1.5,101.1,99.6,0.543,49.8,47.9,21.2,19.9,31.7,71.7,40.3,27.4,11.678,-4.5,2.227,0.2,70.58824,26.724,119.646,92.9223,26.7,118.0,91.3,0.95,54.4,45.7,15.6,20.9,29.4,67.1,37.7,31.4,29.848,7.5,1.785,84.2,84.375,-25.56865,-17.299999999999997,8.268699999999995,-25.2,-16.900000000000006,8.299999999999997,-0.4069999999999999,-4.600000000000001,2.1999999999999957,5.6,-1.0,2.3000000000000007,4.6000000000000085,-18.169999999999998,-12.0,-13.786760000000001,-84.0,0.44199999999999995,13
2013,743,64,Cincinnati,391,10,63,Creighton,388,7,67,0,15.5856,105.794,90.2087,17.0,105.1,88.1,0.884,46.2,43.1,19.5,20.1,38.8,70.1,36.2,32.1,29.557,1.7,2.206,45.606,66.66667,22.2247,119.389,97.1644,22.5,118.0,95.5,0.919,59.1,45.9,18.8,16.2,29.2,73.0,33.6,25.8,22.691,3.5,1.914,38.512,79.41176,-6.639099999999999,-13.594999999999999,-6.955700000000007,-5.5,-12.900000000000006,-7.400000000000006,-0.03500000000000003,-12.899999999999999,-2.799999999999997,0.6999999999999993,3.900000000000002,9.599999999999998,-2.9000000000000057,6.866,-1.8,-12.745090000000005,7.094000000000001,0.29200000000000004,3
2013,745,64,Valparaiso,337,14,54,Michigan St.,365,3,65,0,11.9193,111.066,99.147,10.1,107.8,97.7,0.756,56.1,46.0,22.0,19.2,31.6,72.7,42.3,37.4,13.999,-0.8,2.728,25.855,78.125,23.2393,112.662,89.423,21.3,110.4,89.1,0.922,50.7,45.0,20.5,19.7,35.5,71.7,36.7,32.6,37.025,6.7,1.306,87.215,75.0,-11.32,-1.5960000000000036,9.724000000000004,-11.200000000000001,-2.6000000000000085,8.600000000000009,-0.16600000000000004,5.399999999999999,1.0,1.5,-0.5,-3.8999999999999986,1.0,-23.025999999999996,-7.5,3.125,-61.36,1.4220000000000002,11
2013,747,64,Saint Mary's,345,11,52,Memphis,368,6,54,0,18.9259,116.686,97.7603,18.4,115.0,96.6,0.881,54.3,47.2,18.4,17.8,37.2,75.0,36.9,37.6,19.997,2.5,2.03,20.444,81.25,16.6993,108.62,91.9204,16.5,107.3,90.8,0.872,53.2,45.6,20.8,22.0,36.2,69.4,37.9,35.0,18.445,4.5,1.761,72.385,88.23529,2.2265999999999977,8.066000000000003,5.8399,1.8999999999999986,7.700000000000003,5.799999999999997,0.009000000000000008,1.0999999999999943,1.6000000000000014,-2.400000000000002,-4.199999999999999,1.0,5.599999999999994,1.5519999999999996,-2.0,-6.985290000000006,-51.941,0.2689999999999999,5
2013,749,64,New Mexico St.,358,13,44,Saint Louis,346,4,64,0,8.84441,105.566,96.7219,7.9,103.3,95.4,0.714,50.0,45.3,21.8,18.7,36.4,70.2,47.9,30.8,14.948,-3.1,1.61,18.788,69.69697,20.269,108.951,88.6822,19.3,107.9,88.6,0.906,50.7,45.6,17.6,23.4,28.1,71.7,44.7,35.6,21.79,3.8,2.237,16.692,81.81818,-11.424589999999998,-3.384999999999991,8.03970000000001,-11.4,-4.6000000000000085,6.800000000000011,-0.19200000000000006,-0.7000000000000028,-0.30000000000000426,4.199999999999999,-4.699999999999999,8.299999999999997,-1.5,-6.841999999999999,-6.9,-12.121210000000005,2.096,-0.627,9
2013,751,64,Oregon,349,12,68,Oklahoma St.,350,5,55,1,14.8613,105.529,90.6673,14.6,103.8,89.2,0.851,49.1,46.3,21.3,22.3,36.1,72.2,39.0,32.7,23.326,2.9,1.899,45.898,76.47059,19.4182,109.664,90.2456,19.5,107.9,88.4,0.908,48.9,44.5,18.1,21.5,31.8,69.3,40.8,35.1,26.462,3.2,1.02,72.871,75.0,-4.556899999999999,-4.135000000000005,0.4217000000000013,-4.9,-4.1000000000000085,0.7999999999999972,-0.05700000000000005,0.20000000000000284,1.7999999999999972,3.1999999999999993,0.8000000000000007,4.300000000000001,2.9000000000000057,-3.1359999999999992,-0.30000000000000027,1.4705900000000014,-26.972999999999992,0.879,7
2013,753,64,Missouri,361,9,72,Colorado St.,389,8,84,0,19.2225,115.006,95.7839,17.7,112.9,95.2,0.877,51.3,45.9,19.3,17.5,39.5,71.7,35.1,28.8,26.096,1.2,1.964,60.673,69.69697,20.1795,118.136,97.9562,18.1,115.5,97.4,0.877,48.9,48.2,16.7,16.9,41.8,76.7,43.3,36.6,23.522,1.9,2.496,33.913,74.19355,-0.9570000000000007,-3.1299999999999955,-2.172299999999993,-0.40000000000000213,-2.5999999999999943,-2.200000000000003,0.0,2.3999999999999986,-2.3000000000000043,2.6000000000000014,0.6000000000000014,-2.299999999999997,-5.0,2.5740000000000016,-0.7,-4.496580000000009,26.760000000000005,-0.532,1
2013,755,64,North Carolina A&T,356,16,48,Louisville,370,1,79,0,-5.32804,92.5828,97.9108,-5.0,91.0,96.0,0.351,45.2,44.5,22.5,23.6,30.2,66.6,43.2,41.3,9.659,-11.5,2.33,0.2,52.94118,31.1411,114.313,83.1717,29.1,112.6,83.5,0.969,49.5,44.0,18.7,27.6,38.4,66.3,38.8,33.7,31.558,9.0,1.726,70.481,85.29412,-36.46914,-21.730199999999996,14.739099999999993,-34.1,-21.599999999999994,12.5,-0.618,-4.299999999999997,0.5,3.8000000000000007,-4.0,-8.2,0.29999999999999716,-21.899,-20.5,-32.352940000000004,-70.28099999999999,0.6040000000000001,15
2014,757,2,Kentucky,443,8,54,Connecticut,457,7,60,0,21.1505,116.202,95.0512,20.2,115.9,95.7,0.901,49.7,45.0,18.1,16.3,42.2,70.1,53.8,37.8,29.5,3.9,0.322,93.139,70.58824,19.1162,111.355,92.2385,18.8,111.6,92.8,0.893,51.4,43.9,17.6,19.5,31.2,66.6,38.6,35.5,27.116,4.7,2.055,59.433,76.47059,2.0343000000000018,4.846999999999994,2.8126999999999924,1.3999999999999986,4.300000000000011,2.9000000000000057,0.008000000000000007,-1.6999999999999957,1.1000000000000014,0.5,-3.1999999999999993,11.000000000000004,3.5,2.3840000000000003,-0.8000000000000003,-5.882350000000002,33.705999999999996,-1.733,1
2014,759,4,Kentucky,443,8,74,Wisconsin,402,2,73,1,21.1505,116.202,95.0512,20.2,115.9,95.7,0.901,49.7,45.0,18.1,16.3,42.2,70.1,53.8,37.8,29.5,3.9,0.322,93.139,70.58824,23.8262,120.678,96.8522,25.3,121.9,96.6,0.936,53.1,47.5,12.6,15.6,27.9,72.3,44.1,25.9,32.853,7.9,1.682,66.98,78.78788,-2.675699999999999,-4.475999999999999,-1.801000000000002,-5.100000000000001,-6.0,-0.8999999999999915,-0.03500000000000003,-3.3999999999999986,-2.5,5.500000000000002,0.7000000000000011,14.300000000000004,-2.200000000000003,-3.3530000000000015,-4.0,-8.199640000000002,26.158999999999992,-1.3599999999999999,6
2014,761,4,Connecticut,457,7,63,Florida,451,1,53,1,19.1162,111.355,92.2385,18.8,111.6,92.8,0.893,51.4,43.9,17.6,19.5,31.2,66.6,38.6,35.5,27.116,4.7,2.055,59.433,76.47059,27.8106,116.216,88.4056,27.1,115.9,88.8,0.955,52.7,45.1,17.8,21.9,35.6,71.2,43.4,32.6,29.067,11.7,1.993,69.322,94.11765,-8.694400000000002,-4.86099999999999,3.832899999999995,-8.3,-4.300000000000011,4.0,-0.061999999999999944,-1.3000000000000043,-1.2000000000000028,-0.1999999999999993,-2.3999999999999986,-4.400000000000002,-4.6000000000000085,-1.9510000000000005,-6.999999999999999,-17.647059999999996,-9.889000000000003,0.062000000000000055,6
2014,763,8,Michigan,436,2,72,Kentucky,443,8,75,0,22.7757,122.369,99.5935,23.3,123.0,99.7,0.918,55.5,49.6,14.8,17.3,28.9,71.1,35.9,27.6,36.032,7.7,1.052,71.641,75.75758,21.1505,116.202,95.0512,20.2,115.9,95.7,0.901,49.7,45.0,18.1,16.3,42.2,70.1,53.8,37.8,29.5,3.9,0.322,93.139,70.58824,1.6251999999999995,6.167000000000002,4.5423000000000116,3.1000000000000014,7.099999999999994,4.0,0.017000000000000015,5.799999999999997,4.600000000000001,-3.3000000000000007,1.0,-13.300000000000004,1.0,6.5319999999999965,3.8000000000000003,5.169340000000005,-21.49799999999999,0.73,-6
2014,765,8,Wisconsin,402,2,64,Arizona,465,1,63,1,23.8262,120.678,96.8522,25.3,121.9,96.6,0.936,53.1,47.5,12.6,15.6,27.9,72.3,44.1,25.9,32.853,7.9,1.682,66.98,78.78788,30.3964,115.193,84.7964,28.3,115.0,86.7,0.963,51.6,42.2,16.0,19.0,37.2,74.0,41.7,34.5,28.319,9.4,1.079,82.869,88.23529,-6.5702,5.484999999999999,12.05579999999999,-3.0,6.900000000000006,9.899999999999991,-0.026999999999999913,1.5,5.299999999999997,-3.4000000000000004,-3.4000000000000004,-9.300000000000004,-1.7000000000000028,4.5340000000000025,-1.5,-9.447410000000005,-15.888999999999996,0.603,1
2014,767,8,Connecticut,457,7,60,Michigan St.,435,4,54,1,19.1162,111.355,92.2385,18.8,111.6,92.8,0.893,51.4,43.9,17.6,19.5,31.2,66.6,38.6,35.5,27.116,4.7,2.055,59.433,76.47059,23.7886,118.203,94.4143,23.6,118.4,94.8,0.928,54.5,46.2,17.1,18.3,33.5,72.3,33.5,39.1,32.172,6.9,1.664,82.535,76.47059,-4.6724,-6.847999999999999,-2.1757999999999953,-4.800000000000001,-6.800000000000011,-2.0,-0.03500000000000003,-3.1000000000000014,-2.3000000000000043,0.5,1.1999999999999993,-2.3000000000000007,-5.700000000000003,-5.055999999999997,-2.2,0.0,-23.101999999999997,0.39100000000000024,3
2014,769,8,Dayton,455,11,52,Florida,451,1,62,0,12.9838,113.694,100.71,12.6,113.2,100.6,0.795,52.6,49.4,18.1,19.1,34.9,71.4,41.3,43.2,21.556,0.6,1.645,40.971,69.69697,27.8106,116.216,88.4056,27.1,115.9,88.8,0.955,52.7,45.1,17.8,21.9,35.6,71.2,43.4,32.6,29.067,11.7,1.993,69.322,94.11765,-14.8268,-2.5219999999999914,12.304399999999987,-14.500000000000002,-2.700000000000003,11.799999999999997,-0.15999999999999992,-0.10000000000000142,4.299999999999997,0.3000000000000007,-2.799999999999997,-0.7000000000000028,0.20000000000000284,-7.510999999999999,-11.1,-24.420680000000004,-28.351000000000006,-0.3480000000000001,10
2014,771,16,Michigan,436,2,73,Tennessee,413,11,71,1,22.7757,122.369,99.5935,23.3,123.0,99.7,0.918,55.5,49.6,14.8,17.3,28.9,71.1,35.9,27.6,36.032,7.7,1.052,71.641,75.75758,21.7438,115.185,93.4414,22.6,116.2,93.6,0.923,49.3,45.9,17.2,17.2,39.7,72.4,41.3,33.1,27.83,0.4,2.051,70.938,62.5,1.0319000000000003,7.1839999999999975,6.152100000000004,0.6999999999999993,6.799999999999997,6.1000000000000085,-0.0050000000000000044,6.200000000000003,3.700000000000003,-2.3999999999999986,0.10000000000000142,-10.800000000000004,-1.3000000000000114,8.201999999999998,7.3,13.257580000000004,0.703000000000003,-0.9990000000000001,-9
2014,773,16,Louisville,441,4,69,Kentucky,443,8,74,0,30.5677,119.102,88.5345,31.0,119.2,88.2,0.97,54.0,43.8,14.9,25.2,37.3,67.1,40.4,38.2,21.304,5.3,1.843,58.072,85.29412,21.1505,116.202,95.0512,20.2,115.9,95.7,0.901,49.7,45.0,18.1,16.3,42.2,70.1,53.8,37.8,29.5,3.9,0.322,93.139,70.58824,9.417199999999998,2.9000000000000057,-6.5167,10.8,3.299999999999997,-7.5,0.06899999999999995,4.299999999999997,-1.2000000000000028,-3.200000000000001,8.899999999999999,-4.900000000000006,-3.0,-8.196000000000002,1.4,14.705880000000008,-35.06699999999999,1.521,-4
2014,775,16,Wisconsin,402,2,69,Baylor,463,6,52,1,23.8262,120.678,96.8522,25.3,121.9,96.6,0.936,53.1,47.5,12.6,15.6,27.9,72.3,44.1,25.9,32.853,7.9,1.682,66.98,78.78788,17.8854,118.684,100.799,17.0,118.1,101.1,0.857,51.4,48.6,18.2,15.9,41.1,67.1,43.7,32.7,30.866,3.1,2.021,51.342,66.66667,5.940799999999999,1.9939999999999998,-3.9468000000000103,8.3,3.8000000000000114,-4.5,0.07900000000000007,1.7000000000000028,-1.1000000000000014,-5.6,-0.3000000000000007,-13.200000000000003,5.200000000000003,1.9870000000000019,4.800000000000001,12.121210000000005,15.638000000000005,-0.33899999999999997,-4
2014,777,16,San Diego St.,417,4,64,Arizona,465,1,70,0,19.8236,109.055,89.2312,17.8,108.4,90.6,0.887,46.8,44.4,15.3,21.1,36.1,70.5,44.9,31.8,22.259,6.0,1.858,55.124,87.09677,30.3964,115.193,84.7964,28.3,115.0,86.7,0.963,51.6,42.2,16.0,19.0,37.2,74.0,41.7,34.5,28.319,9.4,1.079,82.869,88.23529,-10.5728,-6.137999999999991,4.434799999999996,-10.5,-6.599999999999994,3.8999999999999915,-0.07599999999999996,-4.800000000000004,2.1999999999999957,-0.6999999999999993,2.1000000000000014,-1.1000000000000014,-3.5,-6.059999999999999,-3.4000000000000004,-1.1385199999999998,-27.744999999999997,0.7790000000000001,3
2014,779,16,Connecticut,457,7,81,Iowa St.,446,3,76,1,19.1162,111.355,92.2385,18.8,111.6,92.8,0.893,51.4,43.9,17.6,19.5,31.2,66.6,38.6,35.5,27.116,4.7,2.055,59.433,76.47059,20.9515,116.764,95.8121,19.8,116.6,96.8,0.895,53.8,47.1,14.4,16.2,28.1,71.7,37.2,31.1,31.563,7.5,1.565,47.303,78.78788,-1.8353000000000002,-5.408999999999992,-3.573599999999999,-1.0,-5.0,-4.0,-0.0020000000000000018,-2.3999999999999986,-3.200000000000003,3.200000000000001,3.3000000000000007,3.099999999999998,-5.1000000000000085,-4.446999999999999,-2.8,-2.31729,12.130000000000003,0.4900000000000002,4
2014,781,16,Michigan St.,435,4,61,Virginia,406,1,59,1,23.7886,118.203,94.4143,23.6,118.4,94.8,0.928,54.5,46.2,17.1,18.3,33.5,72.3,33.5,39.1,32.172,6.9,1.664,82.535,76.47059,26.4285,113.85,87.4218,24.8,113.2,88.4,0.945,50.6,43.9,16.8,18.8,34.8,73.6,42.4,32.3,30.369,8.2,1.452,71.947,82.35294,-2.639900000000001,4.353000000000009,6.992499999999993,-1.1999999999999993,5.200000000000003,6.3999999999999915,-0.016999999999999904,3.8999999999999986,2.3000000000000043,0.3000000000000007,-0.5,-1.2999999999999972,-1.2999999999999972,1.8029999999999973,-1.299999999999999,-5.882350000000002,10.587999999999994,0.21199999999999997,3
2014,783,16,Stanford,416,10,72,Dayton,455,11,82,0,15.9959,113.435,97.4392,14.7,112.5,97.8,0.834,51.9,48.3,16.8,17.0,29.5,72.0,44.6,37.0,28.957,1.1,2.423,73.42,63.63636,12.9838,113.694,100.71,12.6,113.2,100.6,0.795,52.6,49.4,18.1,19.1,34.9,71.4,41.3,43.2,21.556,0.6,1.645,40.971,69.69697,3.0121,-0.25900000000000034,-3.270799999999994,2.0999999999999996,-0.7000000000000028,-2.799999999999997,0.038999999999999924,-0.7000000000000028,-1.1000000000000014,-1.3000000000000007,-2.1000000000000014,-5.399999999999999,0.5999999999999943,7.401,0.5000000000000001,-6.06060999999999,32.449000000000005,0.778,-1
2014,785,16,UCLA,409,4,68,Florida,451,1,79,0,22.2575,118.14,95.8826,21.6,118.5,96.9,0.91,54.4,50.1,14.9,20.5,30.2,71.7,39.0,36.4,25.87,4.5,1.33,82.764,76.47059,27.8106,116.216,88.4056,27.1,115.9,88.8,0.955,52.7,45.1,17.8,21.9,35.6,71.2,43.4,32.6,29.067,11.7,1.993,69.322,94.11765,-5.553100000000001,1.9240000000000066,7.47699999999999,-5.5,2.5999999999999943,8.100000000000009,-0.04499999999999993,1.6999999999999957,5.0,-2.9000000000000004,-1.3999999999999986,-5.400000000000002,0.5,-3.196999999999999,-7.199999999999999,-17.647059999999996,13.441999999999993,-0.663,3
2014,787,32,Michigan,436,2,79,Texas,412,7,65,1,22.7757,122.369,99.5935,23.3,123.0,99.7,0.918,55.5,49.6,14.8,17.3,28.9,71.1,35.9,27.6,36.032,7.7,1.052,71.641,75.75758,14.9889,110.262,95.2735,15.7,110.8,95.1,0.853,47.4,46.0,17.7,16.6,39.4,70.0,43.8,40.5,29.843,3.6,0.797,66.138,69.69697,7.786800000000001,12.107,4.320000000000007,7.600000000000001,12.200000000000003,4.6000000000000085,0.06500000000000006,8.100000000000001,3.6000000000000014,-2.8999999999999986,0.6999999999999993,-10.5,1.0999999999999943,6.1889999999999965,4.1,6.060610000000011,5.503,0.255,-5
2014,789,32,Mercer,437,14,63,Tennessee,413,11,83,0,7.46633,108.78,101.313,7.4,108.4,101.0,0.693,53.9,46.5,17.8,19.2,32.6,69.9,37.3,41.6,11.039,-2.8,2.56,2.917,74.19355,21.7438,115.185,93.4414,22.6,116.2,93.6,0.923,49.3,45.9,17.2,17.2,39.7,72.4,41.3,33.1,27.83,0.4,2.051,70.938,62.5,-14.277470000000001,-6.405000000000001,7.871600000000001,-15.200000000000001,-7.799999999999997,7.400000000000006,-0.2300000000000001,4.600000000000001,0.6000000000000014,0.6000000000000014,2.0,-7.100000000000001,-2.5,-16.790999999999997,-3.1999999999999997,11.693550000000002,-68.021,0.5089999999999999,3
2014,791,32,Louisville,441,4,66,Saint Louis,418,5,51,1,30.5677,119.102,88.5345,31.0,119.2,88.2,0.97,54.0,43.8,14.9,25.2,37.3,67.1,40.4,38.2,21.304,5.3,1.843,58.072,85.29412,15.792,105.599,89.8073,15.4,105.4,90.0,0.86,49.7,44.0,18.6,21.0,29.2,70.9,40.6,34.3,21.668,3.8,2.475,14.572,80.64516,14.775699999999999,13.503,-1.2728000000000037,15.6,13.799999999999997,-1.7999999999999972,0.10999999999999999,4.299999999999997,-0.20000000000000284,-3.700000000000001,4.199999999999999,8.099999999999998,-3.8000000000000114,-0.36400000000000077,1.5,4.648960000000002,43.5,-0.6320000000000001,-1
2014,793,32,Kentucky,443,8,78,Wichita St.,403,1,76,1,21.1505,116.202,95.0512,20.2,115.9,95.7,0.901,49.7,45.0,18.1,16.3,42.2,70.1,53.8,37.8,29.5,3.9,0.322,93.139,70.58824,25.1804,117.117,91.937,22.0,115.5,93.5,0.919,52.0,44.8,16.2,18.5,35.4,74.1,47.3,35.6,15.817,8.1,1.929,8.712,100.0,-4.029899999999998,-0.9150000000000063,3.1141999999999967,-1.8000000000000007,0.4000000000000057,2.200000000000003,-0.018000000000000016,-2.299999999999997,0.20000000000000284,1.9000000000000021,-2.1999999999999993,6.800000000000004,-4.0,13.683,-4.199999999999999,-29.41176,84.42699999999999,-1.607,7
2014,795,32,Wisconsin,402,2,85,Oregon,422,7,77,1,23.8262,120.678,96.8522,25.3,121.9,96.6,0.936,53.1,47.5,12.6,15.6,27.9,72.3,44.1,25.9,32.853,7.9,1.682,66.98,78.78788,18.783,118.258,99.4749,16.7,117.3,100.6,0.854,53.4,49.3,16.3,19.3,32.8,68.2,42.9,48.0,25.655,2.6,2.211,58.907,71.875,5.043199999999999,2.4200000000000017,-2.622700000000009,8.600000000000001,4.6000000000000085,-4.0,0.08200000000000007,-0.29999999999999716,-1.7999999999999972,-3.700000000000001,-3.700000000000001,-4.899999999999999,4.099999999999994,7.198,5.300000000000001,6.912880000000001,8.073000000000008,-0.5289999999999999,-5
2014,797,32,Creighton,456,3,55,Baylor,463,6,85,0,24.7882,125.701,100.913,26.1,126.5,100.4,0.935,59.3,48.0,15.2,15.1,28.1,72.2,34.3,32.9,26.415,5.6,2.416,27.104,78.78788,17.8854,118.684,100.799,17.0,118.1,101.1,0.857,51.4,48.6,18.2,15.9,41.1,67.1,43.7,32.7,30.866,3.1,2.021,51.342,66.66667,6.902799999999999,7.016999999999996,0.11399999999999011,9.100000000000001,8.400000000000006,-0.6999999999999886,0.07800000000000007,7.899999999999999,-0.6000000000000014,-3.0,-0.8000000000000007,-13.0,5.1000000000000085,-4.4510000000000005,2.4999999999999996,12.121210000000005,-24.238,0.395,-3
2014,799,32,San Diego St.,417,4,63,North Dakota St.,426,12,44,1,19.8236,109.055,89.2312,17.8,108.4,90.6,0.887,46.8,44.4,15.3,21.1,36.1,70.5,44.9,31.8,22.259,6.0,1.858,55.124,87.09677,12.5832,116.004,103.42,9.9,114.8,104.9,0.738,55.0,50.1,15.5,17.4,31.4,72.6,41.7,40.5,14.3,0.2,2.313,6.109,78.57143,7.240399999999999,-6.948999999999998,-14.1888,7.9,-6.3999999999999915,-14.300000000000011,0.14900000000000002,-8.200000000000003,-5.700000000000003,-0.1999999999999993,3.700000000000003,4.700000000000003,-2.0999999999999943,7.959,5.8,8.52534,49.015,-0.45500000000000007,-8
2014,801,32,Gonzaga,449,8,61,Arizona,465,1,84,0,20.6386,113.594,92.9558,20.7,114.6,93.9,0.908,55.4,44.4,16.9,17.8,30.7,70.5,40.6,38.3,19.867,4.0,2.039,47.31,81.81818,30.3964,115.193,84.7964,28.3,115.0,86.7,0.963,51.6,42.2,16.0,19.0,37.2,74.0,41.7,34.5,28.319,9.4,1.079,82.869,88.23529,-9.7578,-1.5990000000000038,8.15939999999999,-7.600000000000001,-0.4000000000000057,7.200000000000003,-0.05499999999999994,3.799999999999997,2.1999999999999957,0.8999999999999986,-1.1999999999999993,-6.5000000000000036,-3.5,-8.451999999999998,-5.4,-6.417110000000008,-35.559,0.9600000000000002,7
2014,803,32,Villanova,407,2,65,Connecticut,457,7,77,0,25.2627,117.154,91.8909,23.3,116.1,92.8,0.929,54.0,46.6,17.2,20.2,33.1,71.1,45.0,38.7,27.216,8.3,1.542,68.549,87.5,19.1162,111.355,92.2385,18.8,111.6,92.8,0.893,51.4,43.9,17.6,19.5,31.2,66.6,38.6,35.5,27.116,4.7,2.055,59.433,76.47059,6.1465,5.798999999999992,-0.3475999999999999,4.5,4.5,0.0,0.03600000000000003,2.6000000000000014,2.700000000000003,-0.40000000000000213,0.6999999999999993,1.9000000000000021,4.5,0.10000000000000142,3.6000000000000005,11.029409999999999,9.116000000000007,-0.5130000000000001,-5
2014,805,32,Iowa St.,446,3,85,North Carolina,429,6,83,1,20.9515,116.764,95.8121,19.8,116.6,96.8,0.895,53.8,47.1,14.4,16.2,28.1,71.7,37.2,31.1,31.563,7.5,1.565,47.303,78.78788,18.3881,111.545,93.1571,17.8,111.7,93.9,0.88,49.8,46.5,17.1,19.4,37.8,68.7,44.6,41.8,30.458,4.2,1.199,85.624,71.875,2.563399999999998,5.218999999999994,2.655000000000001,2.0,4.8999999999999915,2.8999999999999915,0.015000000000000013,4.0,0.6000000000000014,-2.700000000000001,-3.1999999999999993,-9.699999999999996,3.0,1.1050000000000004,3.3,6.912880000000001,-38.321,0.3659999999999999,-3
2014,807,32,Michigan St.,435,4,80,Harvard,448,12,73,1,23.7886,118.203,94.4143,23.6,118.4,94.8,0.928,54.5,46.2,17.1,18.3,33.5,72.3,33.5,39.1,32.172,6.9,1.664,82.535,76.47059,17.3178,112.027,94.7095,16.3,111.4,95.1,0.861,52.3,46.1,17.6,21.4,32.6,71.1,47.7,36.5,13.951,2.2,2.089,23.108,86.2069,6.4708000000000006,6.176000000000002,-0.29520000000000834,7.300000000000001,7.0,-0.29999999999999716,0.06700000000000006,2.200000000000003,0.10000000000000142,-0.5,-3.099999999999998,0.8999999999999986,1.2000000000000028,18.220999999999997,4.7,-9.736310000000003,59.42699999999999,-0.42500000000000004,-8
2014,809,32,Memphis,438,8,60,Virginia,406,1,78,0,14.9304,111.252,96.3212,16.1,112.4,96.3,0.855,52.0,48.1,18.8,20.6,36.1,66.8,39.9,33.7,28.502,2.8,2.054,69.609,70.96774,26.4285,113.85,87.4218,24.8,113.2,88.4,0.945,50.6,43.9,16.8,18.8,34.8,73.6,42.4,32.3,30.369,8.2,1.452,71.947,82.35294,-11.498099999999999,-2.597999999999999,8.8994,-8.7,-0.7999999999999972,7.8999999999999915,-0.08999999999999997,1.3999999999999986,4.200000000000003,2.0,1.8000000000000007,1.3000000000000043,-6.799999999999997,-1.8670000000000009,-5.3999999999999995,-11.385199999999998,-2.338000000000008,0.6019999999999999,7
2014,811,32,Kansas,445,2,57,Stanford,416,10,60,0,25.4011,119.974,94.5731,24.7,120.2,95.5,0.934,54.5,47.1,19.0,16.3,37.1,70.9,48.9,45.8,35.326,6.9,0.73,89.062,72.72727,15.9959,113.435,97.4392,14.7,112.5,97.8,0.834,51.9,48.3,16.8,17.0,29.5,72.0,44.6,37.0,28.957,1.1,2.423,73.42,63.63636,9.405199999999999,6.5390000000000015,-2.866100000000003,10.0,7.700000000000003,-2.299999999999997,0.10000000000000009,2.6000000000000014,-1.1999999999999957,2.1999999999999993,-0.6999999999999993,7.600000000000001,-1.0999999999999943,6.369,5.800000000000001,9.090910000000001,15.641999999999996,-1.693,-8
2014,813,32,Syracuse,414,3,53,Dayton,455,11,55,0,21.5042,114.707,93.2029,21.8,115.3,93.5,0.918,48.2,48.3,14.6,21.9,38.1,68.3,38.8,36.5,28.889,7.9,1.424,87.563,84.375,12.9838,113.694,100.71,12.6,113.2,100.6,0.795,52.6,49.4,18.1,19.1,34.9,71.4,41.3,43.2,21.556,0.6,1.645,40.971,69.69697,8.5204,1.012999999999991,-7.507099999999994,9.200000000000001,2.0999999999999943,-7.099999999999994,0.123,-4.399999999999999,-1.1000000000000014,-3.5000000000000018,2.799999999999997,3.200000000000003,-3.1000000000000085,7.332999999999998,7.300000000000001,14.678030000000007,46.592000000000006,-0.22100000000000009,-8
2014,815,32,UCLA,409,4,77,Stephen F. Austin,415,12,60,1,22.2575,118.14,95.8826,21.6,118.5,96.9,0.91,54.4,50.1,14.9,20.5,30.2,71.7,39.0,36.4,25.87,4.5,1.33,82.764,76.47059,10.7884,111.44,100.651,10.2,110.8,100.6,0.752,52.4,50.2,16.8,24.4,38.5,70.7,40.1,52.5,7.349,1.7,1.924,0.2,93.54839,11.469100000000001,6.700000000000003,-4.7684,11.400000000000002,7.700000000000003,-3.6999999999999886,0.15800000000000003,2.0,-0.10000000000000142,-1.9000000000000004,-3.8999999999999986,-8.3,1.0,18.521,2.8,-17.077799999999996,82.564,-0.5939999999999999,-8
2014,817,32,Pittsburgh,421,9,45,Florida,451,1,61,0,21.5198,116.412,94.8924,22.7,117.1,94.4,0.923,50.9,46.8,16.5,19.2,37.7,71.2,46.0,37.0,27.298,4.1,1.508,74.729,73.52941,27.8106,116.216,88.4056,27.1,115.9,88.8,0.955,52.7,45.1,17.8,21.9,35.6,71.2,43.4,32.6,29.067,11.7,1.993,69.322,94.11765,-6.290800000000001,0.19600000000001216,6.486799999999988,-4.400000000000002,1.1999999999999886,5.6000000000000085,-0.03199999999999992,-1.8000000000000043,1.6999999999999957,-1.3000000000000007,-2.6999999999999993,2.1000000000000014,0.0,-1.769000000000002,-7.6,-20.58824,5.4069999999999965,-0.4850000000000001,8
2014,819,64,Wofford,401,15,40,Michigan,436,2,57,0,-2.02301,100.924,102.947,-3.1,100.1,103.2,0.413,49.2,49.3,16.4,19.7,31.2,70.9,33.9,40.0,12.999,-6.5,1.295,1.02,58.62069,22.7757,122.369,99.5935,23.3,123.0,99.7,0.918,55.5,49.6,14.8,17.3,28.9,71.1,35.9,27.6,36.032,7.7,1.052,71.641,75.75758,-24.79871,-21.444999999999993,3.353499999999997,-26.400000000000002,-22.900000000000006,3.5,-0.5050000000000001,-6.299999999999997,-0.30000000000000426,1.5999999999999979,2.3999999999999986,2.3000000000000007,-0.19999999999998863,-23.032999999999994,-14.2,-17.13689,-70.62100000000001,0.24299999999999988,13
2014,821,64,Arizona St.,464,10,85,Texas,412,7,87,0,15.3941,110.175,94.7808,14.4,109.9,95.5,0.834,52.3,46.0,16.3,17.1,24.2,69.9,42.0,37.0,27.225,1.2,1.901,30.871,65.625,14.9889,110.262,95.2735,15.7,110.8,95.1,0.853,47.4,46.0,17.7,16.6,39.4,70.0,43.8,40.5,29.843,3.6,0.797,66.138,69.69697,0.40520000000000067,-0.0870000000000033,-0.49269999999999925,-1.299999999999999,-0.8999999999999915,0.4000000000000057,-0.019000000000000017,4.899999999999999,0.0,-1.3999999999999986,0.5,-15.2,-0.09999999999999432,-2.6179999999999986,-2.4000000000000004,-4.071969999999993,-35.26700000000001,1.104,3
2014,823,64,Mercer,437,14,78,Duke,453,3,71,1,7.46633,108.78,101.313,7.4,108.4,101.0,0.693,53.9,46.5,17.8,19.2,32.6,69.9,37.3,41.6,11.039,-2.8,2.56,2.917,74.19355,25.3098,124.75,99.4399,28.3,126.1,97.8,0.949,54.0,49.0,14.4,18.7,35.1,68.3,39.3,40.2,30.879,6.5,1.373,86.76,76.47059,-17.84347,-15.969999999999999,1.873100000000008,-20.9,-17.69999999999999,3.200000000000003,-0.256,-0.10000000000000142,-2.5,3.4000000000000004,0.5,-2.5,1.6000000000000085,-19.840000000000003,-9.3,-2.2770399999999995,-83.843,1.187,11
2014,825,64,Tennessee,413,11,86,Massachusetts,439,6,67,1,21.7438,115.185,93.4414,22.6,116.2,93.6,0.923,49.3,45.9,17.2,17.2,39.7,72.4,41.3,33.1,27.83,0.4,2.051,70.938,62.5,14.1875,109.841,95.6537,13.6,109.7,96.1,0.821,50.6,46.4,18.8,18.8,34.3,68.4,40.0,36.7,24.043,3.6,2.092,27.037,75.0,7.5563,5.344000000000008,-2.212299999999999,9.000000000000002,6.5,-2.5,0.10200000000000009,-1.3000000000000043,-0.5,-1.6000000000000014,-1.6000000000000014,5.400000000000006,4.0,3.786999999999999,-3.2,-12.5,43.901,-0.040999999999999925,5
2014,827,64,Manhattan,440,13,64,Louisville,441,4,71,0,9.55527,106.544,96.9886,9.0,106.4,97.4,0.734,50.8,45.6,19.7,21.8,34.8,66.9,55.9,52.5,12.444,-0.5,1.91,5.007,78.125,30.5677,119.102,88.5345,31.0,119.2,88.2,0.97,54.0,43.8,14.9,25.2,37.3,67.1,40.4,38.2,21.304,5.3,1.843,58.072,85.29412,-21.01243,-12.558000000000007,8.454100000000011,-22.0,-12.799999999999997,9.200000000000003,-0.236,-3.200000000000003,1.8000000000000043,4.799999999999999,-3.3999999999999986,-2.5,-0.19999999999998863,-8.859999999999998,-5.8,-7.169120000000007,-53.065000000000005,0.06699999999999995,9
2014,829,64,North Carolina St.,427,12,80,Saint Louis,418,5,83,0,10.5467,113.205,102.658,11.6,113.2,101.6,0.776,49.8,47.4,15.9,17.5,34.7,63.8,36.4,43.1,29.638,0.6,1.062,63.363,61.76471,15.792,105.599,89.8073,15.4,105.4,90.0,0.86,49.7,44.0,18.6,21.0,29.2,70.9,40.6,34.3,21.668,3.8,2.475,14.572,80.64516,-5.2453,7.6059999999999945,12.850700000000003,-3.8000000000000007,7.799999999999997,11.599999999999994,-0.08399999999999996,0.09999999999999432,3.3999999999999986,-2.700000000000001,-3.5,5.5000000000000036,-7.1000000000000085,7.970000000000002,-3.1999999999999997,-18.880450000000003,48.791,-1.413,7
2014,831,64,Kansas St.,444,9,49,Kentucky,443,8,56,0,14.3949,108.305,93.9099,15.1,108.1,93.0,0.849,49.0,45.4,18.5,18.8,35.0,67.0,40.8,45.5,28.247,0.5,1.513,59.93,62.5,21.1505,116.202,95.0512,20.2,115.9,95.7,0.901,49.7,45.0,18.1,16.3,42.2,70.1,53.8,37.8,29.5,3.9,0.322,93.139,70.58824,-6.755600000000001,-7.896999999999991,-1.141300000000001,-5.1,-7.800000000000011,-2.700000000000003,-0.052000000000000046,-0.7000000000000028,0.3999999999999986,0.3999999999999986,2.5,-7.200000000000003,-3.0999999999999943,-1.2530000000000001,-3.4,-8.088239999999999,-33.208999999999996,1.1909999999999998,1
2014,833,64,Cal Poly,461,16,37,Wichita St.,403,1,64,0,-0.59937,103.247,103.846,-1.1,103.0,104.1,0.47,46.3,49.1,14.8,17.9,30.8,67.0,33.0,42.9,19.389,-10.7,1.814,3.745,36.66667,25.1804,117.117,91.937,22.0,115.5,93.5,0.919,52.0,44.8,16.2,18.5,35.4,74.1,47.3,35.6,15.817,8.1,1.929,8.712,100.0,-25.77977,-13.870000000000005,11.909000000000006,-23.1,-12.5,10.599999999999994,-0.44900000000000007,-5.700000000000003,4.300000000000004,-1.3999999999999986,-0.6000000000000014,-4.599999999999998,-7.099999999999994,3.571999999999999,-18.799999999999997,-63.33333,-4.967,-0.11499999999999999,15
2014,835,64,American,466,15,35,Wisconsin,402,2,75,0,5.87548,103.925,98.0491,5.0,103.5,98.5,0.639,56.3,45.9,22.9,19.9,27.0,70.1,34.9,41.2,13.329,-5.5,1.72,0.727,62.5,23.8262,120.678,96.8522,25.3,121.9,96.6,0.936,53.1,47.5,12.6,15.6,27.9,72.3,44.1,25.9,32.853,7.9,1.682,66.98,78.78788,-17.95072,-16.753,1.1968999999999994,-20.3,-18.400000000000006,1.9000000000000057,-0.29700000000000004,3.1999999999999957,-1.6000000000000014,10.299999999999999,4.299999999999999,-0.8999999999999986,-2.200000000000003,-19.524,-13.4,-16.28788,-66.253,0.038000000000000034,13
2014,837,64,BYU,462,10,68,Oregon,422,7,87,0,14.7544,114.713,99.9591,13.8,114.2,100.4,0.815,51.0,49.0,15.3,16.7,35.0,71.4,47.6,36.0,24.303,0.6,1.425,40.749,66.66667,18.783,118.258,99.4749,16.7,117.3,100.6,0.854,53.4,49.3,16.3,19.3,32.8,68.2,42.9,48.0,25.655,2.6,2.211,58.907,71.875,-4.028600000000001,-3.5450000000000017,0.4842000000000013,-2.8999999999999986,-3.0999999999999943,-0.19999999999998863,-0.039000000000000035,-2.3999999999999986,-0.29999999999999716,-1.0,-2.6000000000000014,2.200000000000003,3.200000000000003,-1.3520000000000003,-2.0,-5.208330000000004,-18.157999999999994,-0.7859999999999998,3
2014,839,64,Louisiana Lafayette,442,14,66,Creighton,456,3,76,0,5.08877,109.939,104.85,6.0,110.9,104.9,0.655,51.9,50.1,19.1,18.7,36.7,67.9,44.9,44.1,16.225,-3.8,1.864,7.218,64.51613,24.7882,125.701,100.913,26.1,126.5,100.4,0.935,59.3,48.0,15.2,15.1,28.1,72.2,34.3,32.9,26.415,5.6,2.416,27.104,78.78788,-19.69943,-15.762,3.9369999999999976,-20.1,-15.599999999999994,4.5,-0.28,-7.399999999999999,2.1000000000000014,3.900000000000002,3.5999999999999996,8.600000000000001,-4.299999999999997,-10.189999999999998,-9.399999999999999,-14.271749999999997,-19.886,-0.5519999999999998,11
2014,841,64,Nebraska,432,11,60,Baylor,463,6,74,0,13.1363,108.82,95.6836,12.6,108.6,96.0,0.805,48.3,47.7,16.7,19.0,26.1,71.1,42.8,43.1,31.541,1.3,1.362,46.368,61.29032,17.8854,118.684,100.799,17.0,118.1,101.1,0.857,51.4,48.6,18.2,15.9,41.1,67.1,43.7,32.7,30.866,3.1,2.021,51.342,66.66667,-4.7491,-9.864000000000004,-5.115400000000008,-4.4,-9.5,-5.099999999999994,-0.051999999999999935,-3.1000000000000014,-0.8999999999999986,-1.5,3.0999999999999996,-15.0,4.0,0.6750000000000007,-1.8,-5.376349999999995,-4.973999999999997,-0.6589999999999998,5
2014,843,64,New Mexico St.,430,13,69,San Diego St.,417,4,73,0,10.6331,112.746,102.113,10.0,112.1,102.1,0.746,53.5,44.4,18.8,16.1,37.9,66.8,54.8,33.7,13.619,-2.3,1.917,18.464,73.52941,19.8236,109.055,89.2312,17.8,108.4,90.6,0.887,46.8,44.4,15.3,21.1,36.1,70.5,44.9,31.8,22.259,6.0,1.858,55.124,87.09677,-9.190499999999998,3.6909999999999883,12.881799999999998,-7.800000000000001,3.6999999999999886,11.5,-0.14100000000000001,6.700000000000003,0.0,3.5,-5.0,1.7999999999999972,-3.700000000000003,-8.64,-8.3,-13.567360000000008,-36.660000000000004,0.05899999999999994,9
2014,845,64,North Dakota St.,426,12,80,Oklahoma,424,5,75,1,12.5832,116.004,103.42,9.9,114.8,104.9,0.738,55.0,50.1,15.5,17.4,31.4,72.6,41.7,40.5,14.3,0.2,2.313,6.109,78.57143,18.4058,117.886,99.4806,18.6,118.4,99.8,0.877,52.0,49.5,15.8,17.7,32.3,69.4,40.0,38.4,29.271,4.1,1.251,61.684,71.875,-5.8225999999999996,-1.8819999999999908,3.9394000000000062,-8.700000000000001,-3.6000000000000085,5.1000000000000085,-0.139,3.0,0.6000000000000014,-0.3000000000000007,-0.3000000000000007,-0.8999999999999986,3.1999999999999886,-14.971,-3.8999999999999995,6.6964300000000065,-55.574999999999996,1.0620000000000003,7
2014,847,64,Oklahoma St.,423,9,77,Gonzaga,449,8,85,0,21.5328,115.772,94.2393,21.9,116.4,94.5,0.917,52.8,46.0,14.7,20.0,27.7,67.8,49.4,40.0,28.791,1.4,1.626,69.881,63.63636,20.6386,113.594,92.9558,20.7,114.6,93.9,0.908,55.4,44.4,16.9,17.8,30.7,70.5,40.6,38.3,19.867,4.0,2.039,47.31,81.81818,0.8942000000000014,2.1780000000000115,1.2835000000000036,1.1999999999999993,1.8000000000000114,0.5999999999999943,0.009000000000000008,-2.6000000000000014,1.6000000000000014,-2.1999999999999993,2.1999999999999993,-3.0,-2.700000000000003,8.924,-2.6,-18.181819999999995,22.570999999999998,-0.41300000000000026,1
2014,849,64,Weber St.,405,16,59,Arizona,465,1,68,0,-0.49027,106.025,106.516,-1.4,105.2,106.6,0.462,54.8,47.4,19.1,13.6,28.0,71.3,50.0,35.1,9.596,-6.9,1.609,6.732,60.71429,30.3964,115.193,84.7964,28.3,115.0,86.7,0.963,51.6,42.2,16.0,19.0,37.2,74.0,41.7,34.5,28.319,9.4,1.079,82.869,88.23529,-30.88667,-9.167999999999992,21.7196,-29.7,-9.799999999999997,19.89999999999999,-0.5009999999999999,3.1999999999999957,5.199999999999996,3.1000000000000014,-5.4,-9.200000000000003,-2.700000000000003,-18.723,-16.3,-27.521000000000008,-76.137,0.53,15
2014,851,64,Milwaukee,434,15,53,Villanova,407,2,73,0,0.3633,104.63,104.266,0.0,104.5,104.5,0.5,49.6,49.2,20.0,18.5,28.6,68.9,45.5,36.9,13.476,-6.1,1.98,6.6,60.60606,25.2627,117.154,91.8909,23.3,116.1,92.8,0.929,54.0,46.6,17.2,20.2,33.1,71.1,45.0,38.7,27.216,8.3,1.542,68.549,87.5,-24.8994,-12.524000000000001,12.375100000000003,-23.3,-11.599999999999994,11.700000000000003,-0.42900000000000005,-4.399999999999999,2.6000000000000014,2.8000000000000007,-1.6999999999999993,-4.5,-2.1999999999999886,-13.74,-14.4,-26.89394,-61.949000000000005,0.43799999999999994,13
2014,853,64,Saint Joseph's,419,10,81,Connecticut,457,7,89,0,13.0273,111.261,98.2332,15.1,112.9,97.8,0.839,53.9,47.6,18.7,15.4,29.5,72.4,43.4,30.6,22.509,2.1,2.138,38.758,72.72727,19.1162,111.355,92.2385,18.8,111.6,92.8,0.893,51.4,43.9,17.6,19.5,31.2,66.6,38.6,35.5,27.116,4.7,2.055,59.433,76.47059,-6.088899999999999,-0.0940000000000083,5.994699999999995,-3.700000000000001,1.3000000000000114,5.0,-0.05400000000000005,2.5,3.700000000000003,1.0999999999999979,-4.1,-1.6999999999999993,5.800000000000011,-4.606999999999999,-2.6,-3.743319999999997,-20.674999999999997,0.08299999999999974,3
2014,855,64,North Carolina Central,428,14,75,Iowa St.,446,3,93,0,8.29208,107.276,98.9836,6.9,106.2,99.3,0.684,50.2,43.4,17.4,24.0,35.4,67.2,50.8,45.3,10.219,-0.6,2.526,2.483,83.87097,20.9515,116.764,95.8121,19.8,116.6,96.8,0.895,53.8,47.1,14.4,16.2,28.1,71.7,37.2,31.1,31.563,7.5,1.565,47.303,78.78788,-12.659419999999999,-9.488,3.1714999999999947,-12.9,-10.399999999999991,2.5,-0.21099999999999997,-3.5999999999999943,-3.700000000000003,2.9999999999999982,7.800000000000001,7.299999999999997,-4.5,-21.344,-8.1,5.0830899999999986,-44.82,0.9609999999999999,11
2014,857,64,Providence,420,11,77,North Carolina,429,6,79,0,14.7367,114.031,99.2945,13.7,113.2,99.5,0.815,48.1,48.9,17.3,16.4,35.4,70.0,41.9,34.3,27.234,1.2,2.052,43.138,64.70588,18.3881,111.545,93.1571,17.8,111.7,93.9,0.88,49.8,46.5,17.1,19.4,37.8,68.7,44.6,41.8,30.458,4.2,1.199,85.624,71.875,-3.6514000000000006,2.486000000000004,6.1373999999999995,-4.100000000000001,1.5,5.599999999999994,-0.06500000000000006,-1.6999999999999957,2.3999999999999986,0.1999999999999993,-3.0,-2.3999999999999986,1.2999999999999972,-3.2239999999999966,-3.0,-7.169120000000007,-42.486,0.853,5
2014,859,64,Delaware,454,13,78,Michigan St.,435,4,93,0,5.78601,111.299,105.513,5.0,110.9,105.9,0.63,50.6,49.1,13.5,16.7,29.5,67.3,43.2,37.8,15.098,-1.4,2.094,10.393,73.52941,23.7886,118.203,94.4143,23.6,118.4,94.8,0.928,54.5,46.2,17.1,18.3,33.5,72.3,33.5,39.1,32.172,6.9,1.664,82.535,76.47059,-18.002589999999998,-6.903999999999996,11.098700000000008,-18.6,-7.5,11.100000000000009,-0.29800000000000004,-3.8999999999999986,2.8999999999999986,-3.6000000000000014,-1.6000000000000014,-4.0,-5.0,-17.073999999999998,-8.3,-2.941180000000003,-72.142,0.42999999999999994,9
2014,861,64,Harvard,448,12,61,Cincinnati,460,5,57,1,17.3178,112.027,94.7095,16.3,111.4,95.1,0.861,52.3,46.1,17.6,21.4,32.6,71.1,47.7,36.5,13.951,2.2,2.089,23.108,86.2069,19.0788,109.197,90.1186,17.5,108.6,91.1,0.883,47.9,44.6,17.4,22.5,39.1,67.7,39.1,35.3,24.925,5.3,1.945,51.198,81.81818,-1.7610000000000028,2.8299999999999983,4.590900000000005,-1.1999999999999993,2.8000000000000114,4.0,-0.02200000000000002,4.399999999999999,1.5,0.20000000000000284,-1.1000000000000014,-6.5,3.3999999999999915,-10.974,-3.0999999999999996,4.388720000000006,-28.09,0.1439999999999999,7
2014,863,64,George Washington,450,9,66,Memphis,438,8,71,0,14.2297,110.212,95.9821,13.9,110.1,96.2,0.825,51.6,47.0,19.0,19.6,34.8,69.0,46.7,33.5,24.145,3.2,1.769,27.304,75.0,14.9304,111.252,96.3212,16.1,112.4,96.3,0.855,52.0,48.1,18.8,20.6,36.1,66.8,39.9,33.7,28.502,2.8,2.054,69.609,70.96774,-0.7007000000000012,-1.039999999999992,-0.33910000000000196,-2.200000000000001,-2.3000000000000114,-0.09999999999999432,-0.030000000000000027,-0.3999999999999986,-1.1000000000000014,0.1999999999999993,-1.0,-1.3000000000000043,2.200000000000003,-4.356999999999999,0.40000000000000036,4.032259999999994,-42.30499999999999,-0.2849999999999999,1
2014,865,64,Coastal Carolina,459,16,59,Virginia,406,1,70,0,-5.97261,97.0064,102.979,-5.2,97.3,102.5,0.355,47.9,47.2,20.4,18.5,34.8,70.1,38.9,39.1,9.213,-7.7,1.413,3.527,60.0,26.4285,113.85,87.4218,24.8,113.2,88.4,0.945,50.6,43.9,16.8,18.8,34.8,73.6,42.4,32.3,30.369,8.2,1.452,71.947,82.35294,-32.40111,-16.843599999999995,15.557199999999995,-30.0,-15.900000000000006,14.099999999999994,-0.59,-2.700000000000003,3.3000000000000043,3.599999999999998,-0.3000000000000007,0.0,-3.5,-21.156,-15.899999999999999,-22.352940000000004,-68.42,-0.038999999999999924,15
2014,867,64,Eastern Kentucky,452,15,69,Kansas,445,2,80,0,3.01993,111.315,108.295,3.3,111.0,107.7,0.586,57.0,55.5,16.0,24.2,23.0,66.6,43.7,55.3,12.669,-3.3,2.504,1.4,70.96774,25.4011,119.974,94.5731,24.7,120.2,95.5,0.934,54.5,47.1,19.0,16.3,37.1,70.9,48.9,45.8,35.326,6.9,0.73,89.062,72.72727,-22.38117,-8.659000000000006,13.721900000000005,-21.4,-9.200000000000003,12.200000000000003,-0.3480000000000001,2.5,8.399999999999999,-3.0,7.899999999999999,-14.100000000000001,-4.300000000000011,-22.657,-10.2,-1.759529999999998,-87.66199999999999,1.774,13
2014,869,64,Stanford,416,10,58,New Mexico,431,7,53,1,15.9959,113.435,97.4392,14.7,112.5,97.8,0.834,51.9,48.3,16.8,17.0,29.5,72.0,44.6,37.0,28.957,1.1,2.423,73.42,63.63636,17.5475,113.782,96.2346,16.7,113.8,97.1,0.861,51.4,44.9,15.9,14.9,32.8,71.4,47.0,31.2,21.24,4.4,1.938,19.974,81.81818,-1.5515999999999988,-0.3469999999999942,1.2045999999999992,-2.0,-1.2999999999999972,0.7000000000000028,-0.027000000000000024,0.5,3.3999999999999986,0.9000000000000004,2.0999999999999996,-3.299999999999997,0.5999999999999943,7.717000000000002,-3.3000000000000003,-18.181819999999995,53.446,0.4850000000000001,3
2014,871,64,Western Michigan,404,14,53,Syracuse,414,3,77,0,4.41973,106.443,102.024,2.9,105.0,102.1,0.58,52.4,47.3,20.9,18.5,31.4,68.4,51.7,34.9,12.19,-2.9,1.641,9.135,70.96774,21.5042,114.707,93.2029,21.8,115.3,93.5,0.918,48.2,48.3,14.6,21.9,38.1,68.3,38.8,36.5,28.889,7.9,1.424,87.563,84.375,-17.08447,-8.263999999999996,8.821100000000001,-18.900000000000002,-10.299999999999997,8.599999999999994,-0.3380000000000001,4.199999999999996,-1.0,6.299999999999999,-3.3999999999999986,-6.700000000000003,0.10000000000000853,-16.698999999999998,-10.8,-13.407259999999994,-78.428,0.21700000000000008,11
2014,873,64,Dayton,455,11,60,Ohio St.,425,6,59,1,12.9838,113.694,100.71,12.6,113.2,100.6,0.795,52.6,49.4,18.1,19.1,34.9,71.4,41.3,43.2,21.556,0.6,1.645,40.971,69.69697,21.6743,109.354,87.6797,20.9,109.3,88.4,0.92,50.3,45.2,17.1,22.0,30.0,70.0,42.8,29.7,28.439,4.5,2.15,83.039,73.52941,-8.690499999999998,4.340000000000003,13.030299999999997,-8.299999999999999,3.9000000000000057,12.199999999999989,-0.125,2.3000000000000043,4.199999999999996,1.0,-2.8999999999999986,4.899999999999999,1.4000000000000057,-6.882999999999999,-3.9,-3.8324400000000054,-42.068000000000005,-0.5049999999999999,5
2014,875,64,Tulsa,410,13,59,UCLA,409,4,76,0,9.33939,105.972,96.6323,8.8,106.1,97.3,0.73,49.3,46.3,16.5,20.4,30.1,70.6,47.8,48.3,17.432,-3.6,1.345,7.721,63.63636,22.2575,118.14,95.8826,21.6,118.5,96.9,0.91,54.4,50.1,14.9,20.5,30.2,71.7,39.0,36.4,25.87,4.5,1.33,82.764,76.47059,-12.91811,-12.168000000000006,0.7497000000000043,-12.8,-12.400000000000006,0.3999999999999915,-0.18000000000000005,-5.100000000000001,-3.8000000000000043,1.5999999999999996,-0.10000000000000142,-0.09999999999999787,-1.1000000000000085,-8.438000000000002,-8.1,-12.834229999999998,-75.04299999999999,0.014999999999999902,9
2014,877,64,Stephen F. Austin,415,12,77,VCU,408,5,75,1,10.7884,111.44,100.651,10.2,110.8,100.6,0.752,52.4,50.2,16.8,24.4,38.5,70.7,40.1,52.5,7.349,1.7,1.924,0.2,93.54839,20.2135,108.679,88.4655,18.0,107.8,89.8,0.891,47.8,47.5,17.2,25.6,35.1,69.3,35.7,39.5,23.556,3.6,1.651,34.176,76.47059,-9.4251,2.7609999999999957,12.18549999999999,-7.800000000000001,3.0,10.799999999999997,-0.139,4.600000000000001,2.700000000000003,-0.3999999999999986,-1.2000000000000028,3.3999999999999986,1.4000000000000057,-16.207,-1.9000000000000001,17.077799999999996,-33.976,0.2729999999999999,7
2014,879,64,Pittsburgh,421,9,77,Colorado,458,8,48,1,21.5198,116.412,94.8924,22.7,117.1,94.4,0.923,50.9,46.8,16.5,19.2,37.7,71.2,46.0,37.0,27.298,4.1,1.508,74.729,73.52941,12.4727,107.9,95.4275,12.3,108.0,95.7,0.801,48.5,49.3,19.4,18.1,34.3,74.0,48.4,30.6,28.422,2.4,0.938,65.69,67.64706,9.0471,8.512,-0.5350999999999999,10.399999999999999,9.099999999999994,-1.2999999999999972,0.122,2.3999999999999986,-2.5,-2.8999999999999986,1.0999999999999979,3.4000000000000057,-2.799999999999997,-1.1240000000000023,1.6999999999999997,5.882350000000002,9.039000000000001,0.5700000000000001,1
2014,881,64,Albany,467,16,55,Florida,451,1,67,0,-1.71363,102.179,103.893,-1.9,102.2,104.1,0.447,48.7,48.2,19.8,18.7,32.4,70.8,42.5,29.2,10.783,-8.6,2.191,0.235,56.25,27.8106,116.216,88.4056,27.1,115.9,88.8,0.955,52.7,45.1,17.8,21.9,35.6,71.2,43.4,32.6,29.067,11.7,1.993,69.322,94.11765,-29.52423,-14.036999999999992,15.487399999999994,-29.0,-13.700000000000003,15.299999999999997,-0.508,-4.0,3.1000000000000014,2.0,-3.1999999999999993,-3.200000000000003,-0.4000000000000057,-18.284,-20.299999999999997,-37.86765,-69.087,0.19799999999999973,15
2015,883,2,Duke,522,1,68,Wisconsin,471,1,63,1,29.3074,124.253,94.9453,31.5,124.6,93.1,0.966,56.9,47.4,16.8,18.7,37.4,69.9,40.2,24.9,33.93,10.7,1.062,95.491,87.87879,33.5251,126.815,93.2904,34.3,126.4,92.1,0.974,54.6,46.7,12.4,16.7,31.9,76.3,35.6,21.1,30.284,11.4,2.077,67.699,91.17647,-4.217700000000001,-2.5619999999999976,1.6548999999999978,-2.799999999999997,-1.8000000000000114,1.0,-0.008000000000000007,2.299999999999997,0.6999999999999957,4.4,2.0,5.5,-6.3999999999999915,3.646000000000001,-0.7000000000000011,-3.2976799999999997,27.792,-1.015,0
2015,885,4,Duke,522,1,81,Michigan St.,504,7,61,1,29.3074,124.253,94.9453,31.5,124.6,93.1,0.966,56.9,47.4,16.8,18.7,37.4,69.9,40.2,24.9,33.93,10.7,1.062,95.491,87.87879,20.9213,115.973,95.052,22.2,114.8,92.6,0.922,53.8,45.7,17.9,17.0,34.6,74.0,31.9,37.7,31.101,3.1,1.848,62.703,67.64706,8.386100000000003,8.280000000000001,-0.10670000000000357,9.3,9.799999999999997,0.5,0.04399999999999993,3.1000000000000014,1.6999999999999957,-1.0999999999999979,1.6999999999999993,2.799999999999997,-4.099999999999994,2.8290000000000006,7.6,20.23173,32.788,-0.786,-6
2015,887,4,Wisconsin,471,1,71,Kentucky,510,1,64,1,33.5251,126.815,93.2904,34.3,126.4,92.1,0.974,54.6,46.7,12.4,16.7,31.9,76.3,35.6,21.1,30.284,11.4,2.077,67.699,91.17647,37.4333,121.27,83.8367,35.5,119.0,83.5,0.983,51.8,39.7,16.4,21.8,40.4,68.4,43.8,31.6,27.097,13.1,0.732,95.498,100.0,-3.908200000000001,5.545000000000002,9.453700000000012,-1.2000000000000028,7.400000000000006,8.599999999999994,-0.009000000000000008,2.8000000000000043,7.0,-3.9999999999999982,-5.100000000000001,-8.5,7.8999999999999915,3.1869999999999976,-1.6999999999999993,-8.823530000000005,-27.799000000000007,1.345,0
2015,889,8,Gonzaga,517,2,52,Duke,522,1,66,0,28.9239,121.92,92.9958,27.5,120.4,92.9,0.952,58.4,43.6,16.3,17.6,33.9,71.4,39.1,31.6,20.733,7.8,2.111,61.37,93.93939,29.3074,124.253,94.9453,31.5,124.6,93.1,0.966,56.9,47.4,16.8,18.7,37.4,69.9,40.2,24.9,33.93,10.7,1.062,95.491,87.87879,-0.3835000000000015,-2.3329999999999984,-1.9495000000000005,-4.0,-4.199999999999989,-0.19999999999998863,-0.014000000000000012,1.5,-3.799999999999997,-0.5,-1.0999999999999979,-3.5,1.5,-13.197,-2.8999999999999995,6.060600000000008,-34.121,1.0490000000000002,1
2015,891,8,Michigan St.,504,7,76,Louisville,508,4,70,1,20.9213,115.973,95.052,22.2,114.8,92.6,0.922,53.8,45.7,17.9,17.0,34.6,74.0,31.9,37.7,31.101,3.1,1.848,62.703,67.64706,20.4245,108.601,88.176,21.3,107.9,86.6,0.926,47.8,43.4,17.8,21.8,35.1,69.1,38.8,34.7,32.346,5.8,1.458,79.783,75.0,0.49680000000000035,7.372,6.876000000000005,0.8999999999999986,6.8999999999999915,6.0,-0.0040000000000000036,6.0,2.3000000000000043,0.09999999999999787,-4.800000000000001,-0.5,4.900000000000006,-1.2449999999999974,-2.6999999999999997,-7.352940000000004,-17.08,0.3900000000000001,3
2015,893,8,Arizona,534,2,78,Wisconsin,471,1,85,0,32.3143,118.227,85.9123,29.0,115.5,86.5,0.965,53.6,44.3,16.7,21.1,34.1,77.7,47.1,36.3,24.455,9.0,1.481,82.563,91.17647,33.5251,126.815,93.2904,34.3,126.4,92.1,0.974,54.6,46.7,12.4,16.7,31.9,76.3,35.6,21.1,30.284,11.4,2.077,67.699,91.17647,-1.210799999999999,-8.587999999999994,-7.378100000000003,-5.299999999999997,-10.900000000000006,-5.599999999999994,-0.009000000000000008,-1.0,-2.4000000000000057,4.299999999999999,4.400000000000002,2.200000000000003,1.4000000000000057,-5.829000000000001,-2.4000000000000004,0.0,14.864000000000004,-0.5959999999999999,1
2015,895,8,Notre Dame,495,3,66,Kentucky,510,1,68,0,24.0703,124.623,100.552,24.6,124.4,99.8,0.927,58.6,48.1,14.4,17.4,28.1,68.4,37.1,23.3,30.379,8.6,1.767,78.911,85.29412,37.4333,121.27,83.8367,35.5,119.0,83.5,0.983,51.8,39.7,16.4,21.8,40.4,68.4,43.8,31.6,27.097,13.1,0.732,95.498,100.0,-13.363000000000003,3.3530000000000086,16.715300000000013,-10.899999999999999,5.400000000000006,16.299999999999997,-0.05599999999999994,6.800000000000004,8.399999999999999,-1.9999999999999982,-4.400000000000002,-12.299999999999997,0.0,3.282,-4.5,-14.705879999999993,-16.587000000000003,1.035,2
2015,897,16,Gonzaga,517,2,74,UCLA,479,11,62,1,28.9239,121.92,92.9958,27.5,120.4,92.9,0.952,58.4,43.6,16.3,17.6,33.9,71.4,39.1,31.6,20.733,7.8,2.111,61.37,93.93939,14.1346,112.266,98.1315,13.2,110.1,96.9,0.813,49.4,48.7,17.5,18.5,33.8,71.9,36.3,32.7,29.935,0.0,1.187,74.717,60.60606,14.789299999999999,9.653999999999996,-5.1357,14.3,10.300000000000011,-4.0,0.139,9.0,-5.100000000000001,-1.1999999999999993,-0.8999999999999986,0.10000000000000142,-0.5,-9.201999999999998,7.8,33.333330000000004,-13.347000000000001,0.9240000000000002,-9
2015,899,16,Utah,478,5,57,Duke,522,1,63,0,26.9035,116.433,89.5299,26.2,115.1,88.9,0.951,55.6,42.7,17.8,18.3,31.3,71.9,42.8,34.5,27.56,3.7,1.554,27.543,74.19355,29.3074,124.253,94.9453,31.5,124.6,93.1,0.966,56.9,47.4,16.8,18.7,37.4,69.9,40.2,24.9,33.93,10.7,1.062,95.491,87.87879,-2.4039,-7.819999999999993,-5.415400000000005,-5.300000000000001,-9.5,-4.199999999999989,-0.015000000000000013,-1.2999999999999972,-4.699999999999996,1.0,-0.3999999999999986,-6.099999999999998,2.0,-6.370000000000001,-6.999999999999999,-13.685239999999993,-67.94800000000001,0.492,4
2015,901,16,Michigan St.,504,7,62,Oklahoma,493,3,58,1,20.9213,115.973,95.052,22.2,114.8,92.6,0.922,53.8,45.7,17.9,17.0,34.6,74.0,31.9,37.7,31.101,3.1,1.848,62.703,67.64706,24.1001,111.785,87.6854,22.7,110.0,87.3,0.935,49.4,43.7,17.7,20.2,30.9,68.5,32.7,28.9,33.364,4.5,1.824,58.549,68.75,-3.1788000000000025,4.188000000000002,7.366600000000005,-0.5,4.799999999999997,5.299999999999997,-0.013000000000000012,4.399999999999999,2.0,0.1999999999999993,-3.1999999999999993,3.700000000000003,5.5,-2.262999999999998,-1.4,-1.1029400000000038,4.1540000000000035,0.02400000000000002,4
2015,903,16,Louisville,508,4,75,North Carolina St.,500,8,65,1,20.4245,108.601,88.176,21.3,107.9,86.6,0.926,47.8,43.4,17.8,21.8,35.1,69.1,38.8,34.7,32.346,5.8,1.458,79.783,75.0,15.3629,114.001,98.6377,16.0,113.3,97.3,0.852,49.6,45.5,16.2,15.4,34.1,69.5,36.1,34.1,32.14,1.1,1.343,79.763,60.60606,5.0615999999999985,-5.400000000000006,-10.461699999999993,5.300000000000001,-5.3999999999999915,-10.700000000000003,0.07400000000000007,-1.8000000000000043,-2.1000000000000014,1.6000000000000014,6.4,1.0,-0.4000000000000057,0.20599999999999596,4.699999999999999,14.39394,0.01999999999999602,0.11499999999999999,-4
2015,905,16,Arizona,534,2,68,Xavier,468,6,60,1,32.3143,118.227,85.9123,29.0,115.5,86.5,0.965,53.6,44.3,16.7,21.1,34.1,77.7,47.1,36.3,24.455,9.0,1.481,82.563,91.17647,18.6517,115.283,96.6313,18.8,115.0,96.2,0.886,53.0,50.2,18.0,19.2,31.3,72.9,38.1,34.4,30.82,1.4,1.566,55.641,61.76471,13.662600000000001,2.9440000000000026,-10.718999999999994,10.2,0.5,-9.700000000000003,0.07899999999999996,0.6000000000000014,-5.900000000000006,-1.3000000000000007,1.9000000000000021,2.8000000000000007,4.799999999999997,-6.365000000000002,7.6,29.411759999999994,26.922000000000004,-0.08499999999999996,-4
2015,907,16,North Carolina,501,4,72,Wisconsin,471,1,79,0,23.7959,117.921,94.1249,26.7,118.4,91.7,0.95,51.4,45.3,18.2,17.8,39.9,69.5,34.7,37.6,38.128,6.5,1.309,89.438,68.57143,33.5251,126.815,93.2904,34.3,126.4,92.1,0.974,54.6,46.7,12.4,16.7,31.9,76.3,35.6,21.1,30.284,11.4,2.077,67.699,91.17647,-9.729200000000002,-8.893999999999991,0.8344999999999914,-7.599999999999998,-8.0,-0.3999999999999915,-0.02400000000000002,-3.200000000000003,-1.4000000000000057,5.799999999999999,1.1000000000000014,8.0,-6.799999999999997,7.844000000000001,-4.9,-22.60503999999999,21.739000000000004,-0.768,3
2015,909,16,Wichita St.,472,7,70,Notre Dame,495,3,81,0,21.6555,114.962,93.3065,22.4,114.1,91.7,0.925,50.7,45.2,15.2,21.6,34.8,73.0,35.4,36.8,18.668,4.2,1.835,11.93,87.09677,24.0703,124.623,100.552,24.6,124.4,99.8,0.927,58.6,48.1,14.4,17.4,28.1,68.4,37.1,23.3,30.379,8.6,1.767,78.911,85.29412,-2.4147999999999996,-9.661000000000001,-7.245500000000007,-2.200000000000003,-10.300000000000011,-8.099999999999994,-0.0020000000000000018,-7.899999999999999,-2.8999999999999986,0.7999999999999989,4.200000000000003,6.699999999999996,4.599999999999994,-11.711000000000002,-4.3999999999999995,1.8026499999999999,-66.981,0.06800000000000006,4
2015,911,16,West Virginia,473,5,39,Kentucky,510,1,78,0,18.7531,113.252,94.4993,17.6,110.5,92.9,0.88,46.6,52.6,18.7,28.2,40.9,68.9,40.4,55.9,29.931,4.1,1.361,49.102,71.875,37.4333,121.27,83.8367,35.5,119.0,83.5,0.983,51.8,39.7,16.4,21.8,40.4,68.4,43.8,31.6,27.097,13.1,0.732,95.498,100.0,-18.680200000000003,-8.018,10.662600000000012,-17.9,-8.5,9.400000000000006,-0.10299999999999998,-5.199999999999996,12.899999999999999,2.3000000000000007,6.399999999999999,0.5,0.5,2.8339999999999996,-9.0,-28.125,-46.39600000000001,0.629,4
2015,913,32,Gonzaga,517,2,87,Iowa,513,7,68,1,28.9239,121.92,92.9958,27.5,120.4,92.9,0.952,58.4,43.6,16.3,17.6,33.9,71.4,39.1,31.6,20.733,7.8,2.111,61.37,93.93939,18.251,113.359,95.1085,20.5,113.1,92.6,0.909,47.8,45.1,17.4,19.3,35.8,69.5,39.6,29.2,30.508,2.1,2.113,58.944,65.625,10.672899999999998,8.561000000000007,-2.112700000000004,7.0,7.300000000000011,0.30000000000001137,0.04299999999999993,10.600000000000001,-1.5,-1.0999999999999979,-1.6999999999999993,-1.8999999999999986,1.9000000000000057,-9.774999999999999,5.699999999999999,28.314390000000003,2.425999999999995,-0.0019999999999997797,-5
2015,915,32,UAB,481,14,75,UCLA,479,11,92,0,2.82779,104.585,101.758,1.4,101.8,100.4,0.54,47.8,47.2,20.4,19.8,34.0,66.9,37.2,34.1,16.263,-7.5,0.971,31.578,54.54545,14.1346,112.266,98.1315,13.2,110.1,96.9,0.813,49.4,48.7,17.5,18.5,33.8,71.9,36.3,32.7,29.935,0.0,1.187,74.717,60.60606,-11.30681,-7.681000000000012,3.626499999999993,-11.799999999999999,-8.299999999999997,3.5,-0.2729999999999999,-1.6000000000000014,-1.5,2.8999999999999986,1.3000000000000007,0.20000000000000284,-5.0,-13.671999999999997,-7.5,-6.060609999999997,-43.138999999999996,-0.21600000000000008,3
2015,917,32,Georgetown,520,4,64,Utah,478,5,75,0,19.5694,113.166,93.597,18.3,111.5,93.2,0.887,50.9,46.6,19.2,20.6,34.3,68.7,44.1,43.9,32.914,3.8,1.639,84.19,67.74194,26.9035,116.433,89.5299,26.2,115.1,88.9,0.951,55.6,42.7,17.8,18.3,31.3,71.9,42.8,34.5,27.56,3.7,1.554,27.543,74.19355,-7.334099999999999,-3.26700000000001,4.067099999999996,-7.899999999999999,-3.5999999999999943,4.299999999999997,-0.06399999999999995,-4.700000000000003,3.8999999999999986,1.3999999999999986,2.3000000000000007,2.9999999999999964,-3.200000000000003,5.354000000000003,0.09999999999999964,-6.451610000000002,56.647,0.08499999999999996,-1
2015,919,32,San Diego St.,487,8,49,Duke,522,1,68,0,16.2186,104.401,88.1829,15.6,102.5,86.9,0.87,46.7,42.7,18.6,21.5,35.9,69.8,36.2,26.7,19.89,1.3,1.819,55.636,75.75758,29.3074,124.253,94.9453,31.5,124.6,93.1,0.966,56.9,47.4,16.8,18.7,37.4,69.9,40.2,24.9,33.93,10.7,1.062,95.491,87.87879,-13.088800000000003,-19.852000000000004,-6.7623999999999995,-15.9,-22.099999999999994,-6.199999999999989,-0.09599999999999997,-10.199999999999996,-4.699999999999996,1.8000000000000007,2.8000000000000007,-1.5,-0.10000000000000853,-14.04,-9.399999999999999,-12.12120999999999,-39.855,0.7569999999999999,7
2015,921,32,Virginia,474,2,54,Michigan St.,504,7,60,0,30.8885,115.318,84.4292,29.9,113.2,83.3,0.972,51.2,41.7,16.1,18.1,34.0,75.7,34.2,27.9,30.179,10.0,1.652,73.465,90.625,20.9213,115.973,95.052,22.2,114.8,92.6,0.922,53.8,45.7,17.9,17.0,34.6,74.0,31.9,37.7,31.101,3.1,1.848,62.703,67.64706,9.967200000000002,-0.6550000000000011,-10.622800000000012,7.699999999999999,-1.5999999999999943,-9.299999999999997,0.04999999999999993,-2.5999999999999943,-4.0,-1.7999999999999972,1.1000000000000014,-0.6000000000000014,1.7000000000000028,-0.9220000000000006,6.9,22.977940000000004,10.762,-0.19600000000000017,-5
2015,923,32,Oklahoma,493,3,72,Dayton,523,11,66,1,24.1001,111.785,87.6854,22.7,110.0,87.3,0.935,49.4,43.7,17.7,20.2,30.9,68.5,32.7,28.9,33.364,4.5,1.824,58.549,68.75,13.8856,108.983,95.0972,11.7,106.5,94.8,0.792,52.8,47.3,17.8,21.1,24.2,72.0,48.6,31.1,18.021,0.8,1.54,46.592,75.75758,10.214500000000001,2.8019999999999925,-7.4117999999999995,11.0,3.5,-7.5,0.14300000000000002,-3.3999999999999986,-3.5999999999999943,-0.10000000000000142,-0.9000000000000021,6.699999999999999,-3.5,15.342999999999996,3.7,-7.007580000000004,11.957,0.28400000000000003,-8
2015,925,32,Louisville,508,4,66,Northern Iowa,496,5,53,1,20.4245,108.601,88.176,21.3,107.9,86.6,0.926,47.8,43.4,17.8,21.8,35.1,69.1,38.8,34.7,32.346,5.8,1.458,79.783,75.0,20.9503,115.17,94.2192,21.8,114.0,92.2,0.92,56.2,45.1,18.0,19.3,26.9,73.1,40.2,26.7,17.742,5.4,2.165,47.901,90.90909,-0.5258000000000003,-6.569000000000003,-6.043199999999999,-0.5,-6.099999999999994,-5.6000000000000085,0.006000000000000005,-8.400000000000006,-1.7000000000000028,-0.1999999999999993,2.5,8.200000000000003,-4.0,14.603999999999996,0.39999999999999947,-15.909090000000006,31.881999999999998,-0.7070000000000001,-1
2015,927,32,North Carolina St.,500,8,71,Villanova,475,1,68,1,15.3629,114.001,98.6377,16.0,113.3,97.3,0.852,49.6,45.5,16.2,15.4,34.1,69.5,36.1,34.1,32.14,1.1,1.343,79.763,60.60606,30.9562,122.473,91.5163,29.3,120.7,91.4,0.961,55.3,45.5,16.6,21.7,32.7,68.9,42.4,30.3,27.643,11.3,1.885,67.053,94.11765,-15.5933,-8.471999999999994,7.121399999999994,-13.3,-7.400000000000006,5.8999999999999915,-0.10899999999999999,-5.699999999999996,0.0,-0.40000000000000213,-6.299999999999999,1.3999999999999986,0.5999999999999943,4.497,-10.200000000000001,-33.51159,12.710000000000008,-0.542,7
2015,929,32,Arizona,534,2,73,Ohio St.,494,10,58,1,32.3143,118.227,85.9123,29.0,115.5,86.5,0.965,53.6,44.3,16.7,21.1,34.1,77.7,47.1,36.3,24.455,9.0,1.481,82.563,91.17647,21.0066,115.312,94.3058,21.4,114.2,92.8,0.916,54.5,46.6,17.0,22.1,34.1,68.6,34.8,27.4,28.047,2.5,1.599,88.173,69.69697,11.307700000000004,2.9150000000000063,-8.393500000000003,7.600000000000001,1.2999999999999972,-6.299999999999997,0.04899999999999993,-0.8999999999999986,-2.3000000000000043,-0.3000000000000007,-1.0,0.0,9.100000000000009,-3.5920000000000023,6.5,21.4795,-5.609999999999999,-0.11799999999999988,-8
2015,931,32,Georgia St.,518,14,67,Xavier,468,6,75,0,9.77537,110.463,100.687,10.6,109.1,98.5,0.764,51.9,45.0,16.5,22.8,30.5,65.5,38.4,39.4,13.113,-3.0,2.178,39.26,71.875,18.6517,115.283,96.6313,18.8,115.0,96.2,0.886,53.0,50.2,18.0,19.2,31.3,72.9,38.1,34.4,30.82,1.4,1.566,55.641,61.76471,-8.876330000000001,-4.820000000000007,4.055700000000002,-8.200000000000001,-5.900000000000006,2.299999999999997,-0.122,-1.1000000000000014,-5.200000000000003,-1.5,3.6000000000000014,-0.8000000000000007,-7.400000000000006,-17.707,-4.4,10.110289999999999,-16.381,0.6119999999999999,8
2015,933,32,North Carolina,501,4,87,Arkansas,533,5,78,1,23.7959,117.921,94.1249,26.7,118.4,91.7,0.95,51.4,45.3,18.2,17.8,39.9,69.5,34.7,37.6,38.128,6.5,1.309,89.438,68.57143,16.9767,114.941,97.964,16.3,113.3,97.0,0.857,50.2,48.6,16.6,22.6,35.6,65.8,37.3,38.5,25.539,3.8,1.74,61.527,76.47059,6.819199999999999,2.980000000000004,-3.839100000000002,10.399999999999999,5.1000000000000085,-5.299999999999997,0.09299999999999997,1.1999999999999957,-3.3000000000000043,1.5999999999999979,-4.800000000000001,4.299999999999997,3.700000000000003,12.588999999999999,2.7,-7.899159999999995,27.911,-0.43100000000000005,-1
2015,935,32,Oregon,491,8,65,Wisconsin,471,1,72,0,13.1844,114.457,101.273,13.1,112.6,99.5,0.806,52.1,47.8,17.0,16.8,30.6,68.3,29.5,35.3,26.458,3.0,1.384,54.645,72.72727,33.5251,126.815,93.2904,34.3,126.4,92.1,0.974,54.6,46.7,12.4,16.7,31.9,76.3,35.6,21.1,30.284,11.4,2.077,67.699,91.17647,-20.340700000000002,-12.358000000000004,7.982599999999991,-21.199999999999996,-13.800000000000011,7.400000000000006,-0.16799999999999993,-2.5,1.0999999999999943,4.6,0.10000000000000142,-1.2999999999999972,-8.0,-3.8260000000000005,-8.4,-18.44919999999999,-13.053999999999995,-0.6930000000000001,7
2015,937,32,Kansas,511,2,65,Wichita St.,472,7,78,0,23.7421,114.271,90.5293,22.3,113.3,91.0,0.926,49.3,44.4,19.1,17.5,34.9,68.2,43.0,33.6,37.228,9.0,0.974,83.717,76.47059,21.6555,114.962,93.3065,22.4,114.1,91.7,0.925,50.7,45.2,15.2,21.6,34.8,73.0,35.4,36.8,18.668,4.2,1.835,11.93,87.09677,2.0866000000000007,-0.6910000000000025,-2.7771999999999935,-0.09999999999999787,-0.7999999999999972,-0.7000000000000028,0.0010000000000000009,-1.4000000000000057,-0.8000000000000043,3.900000000000002,-4.100000000000001,0.10000000000000142,-4.799999999999997,18.560000000000002,4.8,-10.626180000000005,71.787,-0.861,-5
2015,939,32,Notre Dame,495,3,67,Butler,528,6,64,1,24.0703,124.623,100.552,24.6,124.4,99.8,0.927,58.6,48.1,14.4,17.4,28.1,68.4,37.1,23.3,30.379,8.6,1.767,78.911,85.29412,19.6267,110.554,90.9269,18.8,108.5,89.7,0.899,49.1,46.9,17.4,19.3,35.5,75.1,40.5,33.3,31.075,3.5,1.934,52.49,68.75,4.4436,14.069000000000003,9.625100000000003,5.800000000000001,15.900000000000006,10.099999999999994,0.028000000000000025,9.5,1.2000000000000028,-2.9999999999999982,-1.9000000000000021,-7.399999999999999,-6.699999999999989,-0.695999999999998,5.1,16.544120000000007,26.421,-0.16700000000000004,-3
2015,941,32,Maryland,505,4,59,West Virginia,473,5,69,0,16.1924,111.125,94.9328,16.0,109.9,93.9,0.859,50.9,45.4,18.4,17.3,29.2,69.6,44.5,27.9,29.027,6.9,1.54,69.338,81.81818,18.7531,113.252,94.4993,17.6,110.5,92.9,0.88,46.6,52.6,18.7,28.2,40.9,68.9,40.4,55.9,29.931,4.1,1.361,49.102,71.875,-2.5607000000000006,-2.1269999999999953,0.4334999999999951,-1.6000000000000014,-0.5999999999999943,1.0,-0.02100000000000002,4.299999999999997,-7.200000000000003,-0.3000000000000007,-10.899999999999999,-11.7,0.6999999999999886,-0.9039999999999999,2.8000000000000007,9.943179999999998,20.235999999999997,0.17900000000000005,-1
2015,943,32,Cincinnati,526,8,51,Kentucky,510,1,64,0,14.2488,108.353,94.1045,13.9,106.4,92.5,0.833,50.4,44.5,21.3,20.3,37.3,68.3,37.8,25.4,18.539,-1.3,1.474,58.388,68.75,37.4333,121.27,83.8367,35.5,119.0,83.5,0.983,51.8,39.7,16.4,21.8,40.4,68.4,43.8,31.6,27.097,13.1,0.732,95.498,100.0,-23.184500000000003,-12.917000000000002,10.267800000000008,-21.6,-12.599999999999994,9.0,-0.15000000000000002,-1.3999999999999986,4.799999999999997,4.900000000000002,-1.5,-3.1000000000000014,-0.10000000000000853,-8.558,-14.4,-31.25,-37.11000000000001,0.742,7
2015,945,64,North Dakota St.,499,15,76,Gonzaga,517,2,86,0,0.601364,102.68,102.079,-0.4,100.5,100.9,0.489,49.2,47.8,15.9,16.6,26.5,76.6,36.2,30.0,11.808,-4.0,1.33,4.013,70.0,28.9239,121.92,92.9958,27.5,120.4,92.9,0.952,58.4,43.6,16.3,17.6,33.9,71.4,39.1,31.6,20.733,7.8,2.111,61.37,93.93939,-28.322536,-19.239999999999995,9.08319999999999,-27.9,-19.900000000000006,8.0,-0.46299999999999997,-9.199999999999996,4.199999999999996,-0.40000000000000036,-1.0,-7.399999999999999,5.199999999999989,-8.925,-11.8,-23.939390000000003,-57.357,-0.7810000000000001,13
2015,947,64,Davidson,524,10,52,Iowa,513,7,83,0,16.8188,120.481,103.662,16.9,119.3,102.4,0.853,56.0,49.1,14.3,17.3,29.8,69.9,29.0,35.4,20.72,1.7,1.323,6.209,76.66667,18.251,113.359,95.1085,20.5,113.1,92.6,0.909,47.8,45.1,17.4,19.3,35.8,69.5,39.6,29.2,30.508,2.1,2.113,58.944,65.625,-1.4322000000000017,7.122,8.5535,-3.6000000000000014,6.200000000000003,9.800000000000011,-0.05600000000000005,8.200000000000003,4.0,-3.099999999999998,-2.0,-5.9999999999999964,0.4000000000000057,-9.788,-0.40000000000000013,11.041669999999996,-52.735,-0.79,3
2015,949,64,UAB,481,14,60,Iowa St.,512,3,59,1,2.82779,104.585,101.758,1.4,101.8,100.4,0.54,47.8,47.2,20.4,19.8,34.0,66.9,37.2,34.1,16.263,-7.5,0.971,31.578,54.54545,23.031,120.166,97.135,21.4,118.1,96.7,0.909,54.7,47.9,15.8,18.5,28.5,70.8,37.4,24.3,33.687,7.1,1.984,43.965,75.75758,-20.20321,-15.581000000000003,4.6229999999999905,-20.0,-16.299999999999997,3.700000000000003,-0.369,-6.900000000000006,-0.6999999999999957,4.599999999999998,1.3000000000000007,5.5,-3.8999999999999915,-17.423999999999996,-14.6,-21.212130000000002,-12.387000000000004,-1.013,11
2015,951,64,UCLA,479,11,60,SMU,486,6,59,1,14.1346,112.266,98.1315,13.2,110.1,96.9,0.813,49.4,48.7,17.5,18.5,33.8,71.9,36.3,32.7,29.935,0.0,1.187,74.717,60.60606,18.0372,113.524,95.4867,16.7,111.2,94.5,0.867,52.4,45.5,19.7,20.0,36.9,70.7,44.1,31.2,20.21,3.1,1.991,51.046,81.25,-3.902599999999998,-1.2579999999999956,2.6448000000000036,-3.5,-1.1000000000000085,2.4000000000000057,-0.05400000000000005,-3.0,3.200000000000003,-2.1999999999999993,-1.5,-3.1000000000000014,1.2000000000000028,9.724999999999998,-3.1,-20.64394,23.671,-0.804,5
2015,953,64,Eastern Washington,521,13,74,Georgetown,520,4,84,0,2.96737,112.165,109.197,3.3,110.8,107.5,0.586,55.4,52.0,15.9,17.7,29.3,69.4,35.6,35.1,12.026,-2.6,1.901,0.557,74.19355,19.5694,113.166,93.597,18.3,111.5,93.2,0.887,50.9,46.6,19.2,20.6,34.3,68.7,44.1,43.9,32.914,3.8,1.639,84.19,67.74194,-16.602030000000003,-1.0009999999999906,15.600000000000009,-15.0,-0.7000000000000028,14.299999999999997,-0.30100000000000005,4.5,5.399999999999999,-3.299999999999999,-2.900000000000002,-4.9999999999999964,0.7000000000000028,-20.888,-6.4,6.451610000000002,-83.633,0.262,9
2015,955,64,Stephen F. Austin,484,12,50,Utah,478,5,57,0,14.0106,114.494,100.484,12.7,111.6,98.9,0.801,56.2,48.8,20.3,24.4,37.7,70.1,42.4,49.0,12.66,1.2,1.923,0.2,86.66667,26.9035,116.433,89.5299,26.2,115.1,88.9,0.951,55.6,42.7,17.8,18.3,31.3,71.9,42.8,34.5,27.56,3.7,1.554,27.543,74.19355,-12.892900000000001,-1.9390000000000072,10.954099999999997,-13.5,-3.5,10.0,-0.1499999999999999,0.6000000000000014,6.099999999999994,2.5,6.099999999999998,6.400000000000002,-1.8000000000000114,-14.899999999999999,-2.5,12.473119999999994,-27.343,0.369,7
2015,957,64,St. John's,485,9,64,San Diego St.,487,8,76,0,14.3233,110.125,95.8018,15.8,109.6,93.8,0.857,49.3,46.1,15.7,19.5,27.8,64.6,36.2,32.6,32.181,2.4,2.382,73.416,64.51613,16.2186,104.401,88.1829,15.6,102.5,86.9,0.87,46.7,42.7,18.6,21.5,35.9,69.8,36.2,26.7,19.89,1.3,1.819,55.636,75.75758,-1.8952999999999989,5.724000000000004,7.6188999999999965,0.20000000000000107,7.099999999999994,6.8999999999999915,-0.013000000000000012,2.5999999999999943,3.3999999999999986,-2.900000000000002,-2.0,-8.099999999999998,-5.200000000000003,12.290999999999997,1.0999999999999999,-11.24145,17.779999999999994,0.5630000000000002,1
2015,959,64,Robert Morris,488,16,56,Duke,522,1,85,0,-1.54229,102.327,103.869,-2.8,99.9,102.7,0.421,50.5,48.4,20.5,21.7,31.2,64.2,36.0,37.6,11.81,-8.6,1.491,0.888,57.57576,29.3074,124.253,94.9453,31.5,124.6,93.1,0.966,56.9,47.4,16.8,18.7,37.4,69.9,40.2,24.9,33.93,10.7,1.062,95.491,87.87879,-30.849690000000002,-21.926000000000002,8.923699999999997,-34.3,-24.69999999999999,9.600000000000009,-0.5449999999999999,-6.399999999999999,1.0,3.6999999999999993,3.0,-6.199999999999999,-5.700000000000003,-22.119999999999997,-19.299999999999997,-30.303029999999993,-94.603,0.42900000000000005,15
2015,961,64,Belmont,531,15,67,Virginia,474,2,79,0,1.49515,109.115,107.619,0.8,107.3,106.5,0.522,56.5,51.3,20.3,18.7,29.2,70.5,33.0,27.7,11.943,-4.7,1.468,19.383,67.74194,30.8885,115.318,84.4292,29.9,113.2,83.3,0.972,51.2,41.7,16.1,18.1,34.0,75.7,34.2,27.9,30.179,10.0,1.652,73.465,90.625,-29.39335,-6.203000000000003,23.189800000000005,-29.099999999999998,-5.900000000000006,23.200000000000003,-0.44999999999999996,5.299999999999997,9.599999999999994,4.199999999999999,0.5999999999999979,-4.800000000000001,-5.200000000000003,-18.235999999999997,-14.7,-22.88306,-54.08200000000001,-0.18399999999999994,13
2015,963,64,Georgia,519,10,63,Michigan St.,504,7,70,0,15.3937,109.524,94.1302,14.6,107.8,93.2,0.842,48.9,44.2,19.3,16.8,32.3,71.1,47.8,34.3,28.552,1.6,1.866,57.857,65.625,20.9213,115.973,95.052,22.2,114.8,92.6,0.922,53.8,45.7,17.9,17.0,34.6,74.0,31.9,37.7,31.101,3.1,1.848,62.703,67.64706,-5.527599999999998,-6.448999999999998,-0.9218000000000046,-7.6,-7.0,0.6000000000000085,-0.08000000000000007,-4.899999999999999,-1.5,1.4000000000000021,-0.1999999999999993,-2.3000000000000043,-2.9000000000000057,-2.5489999999999995,-1.5,-2.022059999999996,-4.846000000000004,0.018000000000000016,3
2015,965,64,Albany,535,14,60,Oklahoma,493,3,69,0,3.03231,106.463,103.431,2.6,104.7,102.1,0.572,50.1,49.6,19.0,20.3,32.5,74.5,39.9,30.4,9.985,-3.3,1.654,0.2,75.0,24.1001,111.785,87.6854,22.7,110.0,87.3,0.935,49.4,43.7,17.7,20.2,30.9,68.5,32.7,28.9,33.364,4.5,1.824,58.549,68.75,-21.067790000000002,-5.322000000000003,15.745599999999996,-20.099999999999998,-5.299999999999997,14.799999999999997,-0.3630000000000001,0.7000000000000028,5.899999999999999,1.3000000000000007,0.10000000000000142,1.6000000000000014,6.0,-23.378999999999998,-7.8,6.25,-58.349,-0.17000000000000015,11
2015,967,64,Dayton,523,11,66,Providence,490,6,53,1,13.8856,108.983,95.0972,11.7,106.5,94.8,0.792,52.8,47.3,17.8,21.1,24.2,72.0,48.6,31.1,18.021,0.8,1.54,46.592,75.75758,17.5673,112.954,95.3871,17.8,111.8,94.0,0.88,48.6,48.1,17.9,19.7,35.3,70.5,41.6,38.5,33.586,3.7,1.423,63.346,66.66667,-3.6816999999999993,-3.9709999999999894,-0.28990000000000293,-6.100000000000001,-5.299999999999997,0.7999999999999972,-0.08799999999999997,4.199999999999996,-0.8000000000000043,-0.09999999999999787,1.4000000000000021,-11.099999999999998,1.5,-15.564999999999998,-2.9000000000000004,9.090910000000008,-16.753999999999998,0.11699999999999999,5
2015,969,64,UC Irvine,480,13,55,Louisville,508,4,57,0,6.85898,105.818,98.9592,7.7,105.0,97.3,0.706,50.7,44.7,18.0,17.3,29.8,69.3,31.0,36.1,16.828,-4.5,2.025,7.799,61.29032,20.4245,108.601,88.176,21.3,107.9,86.6,0.926,47.8,43.4,17.8,21.8,35.1,69.1,38.8,34.7,32.346,5.8,1.458,79.783,75.0,-13.56552,-2.7830000000000013,10.783199999999994,-13.600000000000001,-2.9000000000000057,10.700000000000003,-0.22000000000000008,2.9000000000000057,1.3000000000000043,0.1999999999999993,-4.5,-5.300000000000001,0.20000000000000284,-15.517999999999997,-10.3,-13.709679999999999,-71.984,0.567,9
2015,971,64,Wyoming,469,12,54,Northern Iowa,496,5,71,0,6.40364,104.478,98.0741,5.1,102.7,97.6,0.642,52.1,46.7,18.7,18.1,22.1,73.1,41.0,26.7,16.07,-1.6,2.321,11.536,71.875,20.9503,115.17,94.2192,21.8,114.0,92.2,0.92,56.2,45.1,18.0,19.3,26.9,73.1,40.2,26.7,17.742,5.4,2.165,47.901,90.90909,-14.54666,-10.692000000000007,3.8549000000000007,-16.700000000000003,-11.299999999999997,5.3999999999999915,-0.278,-4.100000000000001,1.6000000000000014,0.6999999999999993,-1.1999999999999993,-4.799999999999997,0.0,-1.6720000000000006,-7.0,-19.034090000000006,-36.365,0.15600000000000014,7
2015,973,64,LSU,507,9,65,North Carolina St.,500,8,66,0,13.9432,108.743,94.7996,13.4,107.1,93.7,0.823,50.5,44.6,20.5,19.2,34.0,67.0,33.4,30.0,22.949,0.5,1.072,58.994,68.75,15.3629,114.001,98.6377,16.0,113.3,97.3,0.852,49.6,45.5,16.2,15.4,34.1,69.5,36.1,34.1,32.14,1.1,1.343,79.763,60.60606,-1.4197000000000006,-5.25800000000001,-3.838099999999997,-2.5999999999999996,-6.200000000000003,-3.5999999999999943,-0.029000000000000026,0.8999999999999986,-0.8999999999999986,4.300000000000001,3.799999999999999,-0.10000000000000142,-2.5,-9.190999999999999,-0.6000000000000001,8.14394,-20.769000000000005,-0.2709999999999999,1
2015,975,64,Lafayette,509,16,52,Villanova,475,1,93,0,-1.75874,112.691,114.45,-3.1,110.6,113.7,0.421,56.3,52.9,16.9,16.9,27.6,65.6,31.0,27.6,11.111,-7.1,2.091,0.994,61.29032,30.9562,122.473,91.5163,29.3,120.7,91.4,0.961,55.3,45.5,16.6,21.7,32.7,68.9,42.4,30.3,27.643,11.3,1.885,67.053,94.11765,-32.71494,-9.781999999999996,22.9337,-32.4,-10.100000000000009,22.299999999999997,-0.54,1.0,7.399999999999999,0.29999999999999716,-4.800000000000001,-5.100000000000001,-3.3000000000000114,-16.532,-18.4,-32.827329999999996,-66.059,0.20600000000000018,15
2015,977,64,Texas Southern,482,15,72,Arizona,534,2,93,0,-3.8688,103.049,106.918,-5.2,101.2,106.4,0.36,49.4,48.9,19.9,18.7,34.0,65.8,46.5,32.6,17.067,-4.5,2.325,5.896,64.70588,32.3143,118.227,85.9123,29.0,115.5,86.5,0.965,53.6,44.3,16.7,21.1,34.1,77.7,47.1,36.3,24.455,9.0,1.481,82.563,91.17647,-36.1831,-15.177999999999997,21.005700000000004,-34.2,-14.299999999999997,19.900000000000006,-0.605,-4.200000000000003,4.600000000000001,3.1999999999999993,-2.400000000000002,-0.10000000000000142,-11.900000000000006,-7.387999999999998,-13.5,-26.47059,-76.667,0.8440000000000001,13
2015,979,64,Ohio St.,494,10,75,VCU,476,7,72,1,21.0066,115.312,94.3058,21.4,114.2,92.8,0.916,54.5,46.6,17.0,22.1,34.1,68.6,34.8,27.4,28.047,2.5,1.599,88.173,69.69697,16.5157,110.62,94.1043,15.1,109.0,93.9,0.848,48.8,49.3,15.7,23.8,31.7,69.2,37.5,37.7,24.351,3.0,1.389,40.345,74.28571,4.4909,4.691999999999993,0.20150000000001,6.299999999999999,5.200000000000003,-1.1000000000000085,0.06800000000000006,5.700000000000003,-2.6999999999999957,1.3000000000000007,-1.6999999999999993,2.400000000000002,-0.6000000000000085,3.6960000000000015,-0.5,-4.588740000000001,47.828,0.20999999999999996,3
2015,981,64,Georgia St.,518,14,57,Baylor,532,3,56,1,9.77537,110.463,100.687,10.6,109.1,98.5,0.764,51.9,45.0,16.5,22.8,30.5,65.5,38.4,39.4,13.113,-3.0,2.178,39.26,71.875,23.4796,117.192,93.7123,23.0,115.8,92.8,0.927,49.8,45.8,19.6,19.6,41.8,68.3,38.8,32.4,31.828,5.0,1.871,33.696,71.875,-13.70423,-6.728999999999999,6.974699999999999,-12.4,-6.700000000000003,5.700000000000003,-0.16300000000000003,2.1000000000000014,-0.7999999999999972,-3.1000000000000014,3.1999999999999993,-11.299999999999997,-2.799999999999997,-18.715,-8.0,0.0,5.564,0.30699999999999994,11
2015,983,64,Mississippi,503,11,57,Xavier,468,6,76,0,14.4267,114.568,100.141,13.7,112.7,99.0,0.816,48.2,46.9,16.9,18.9,35.0,68.3,37.5,41.2,25.591,-0.5,2.28,46.963,62.5,18.6517,115.283,96.6313,18.8,115.0,96.2,0.886,53.0,50.2,18.0,19.2,31.3,72.9,38.1,34.4,30.82,1.4,1.566,55.641,61.76471,-4.225000000000001,-0.7150000000000034,3.5097000000000094,-5.100000000000001,-2.299999999999997,2.799999999999997,-0.07000000000000006,-4.799999999999997,-3.3000000000000043,-1.1000000000000014,-0.3000000000000007,3.6999999999999993,-4.6000000000000085,-5.228999999999999,-1.9,0.7352899999999991,-8.677999999999997,0.7139999999999997,5
2015,985,64,Harvard,515,13,65,North Carolina,501,4,67,0,8.74154,103.686,94.9442,7.0,100.9,93.9,0.696,47.3,46.1,18.7,19.9,32.3,72.2,39.0,33.1,14.711,-1.3,2.196,32.039,74.07407,23.7959,117.921,94.1249,26.7,118.4,91.7,0.95,51.4,45.3,18.2,17.8,39.9,69.5,34.7,37.6,38.128,6.5,1.309,89.438,68.57143,-15.054359999999999,-14.235,0.8192999999999984,-19.7,-17.5,2.200000000000003,-0.254,-4.100000000000001,0.8000000000000043,0.5,2.099999999999998,-7.600000000000001,2.700000000000003,-23.417,-7.8,5.5026399999999995,-57.399,0.8870000000000002,9
2015,987,64,Wofford,470,12,53,Arkansas,533,5,56,0,6.39782,104.909,98.5115,5.3,102.5,97.2,0.648,51.6,46.9,17.3,20.1,29.3,72.3,38.0,36.5,14.245,0.2,1.986,1.842,81.25,16.9767,114.941,97.964,16.3,113.3,97.0,0.857,50.2,48.6,16.6,22.6,35.6,65.8,37.3,38.5,25.539,3.8,1.74,61.527,76.47059,-10.578880000000002,-10.031999999999996,0.5474999999999994,-11.0,-10.799999999999997,0.20000000000000284,-0.20899999999999996,1.3999999999999986,-1.7000000000000028,0.6999999999999993,-2.5,-6.300000000000001,6.5,-11.294000000000002,-3.5999999999999996,4.779409999999999,-59.685,0.246,7
2015,989,64,Oklahoma St.,492,9,73,Oregon,491,8,79,0,16.1789,111.825,95.6458,14.9,109.7,94.8,0.843,50.1,46.0,18.6,21.2,26.9,66.9,39.7,42.4,32.538,0.2,1.99,49.866,56.66667,13.1844,114.457,101.273,13.1,112.6,99.5,0.806,52.1,47.8,17.0,16.8,30.6,68.3,29.5,35.3,26.458,3.0,1.384,54.645,72.72727,2.9944999999999986,-2.631999999999991,-5.627200000000002,1.8000000000000007,-2.8999999999999915,-4.700000000000003,0.03699999999999992,-2.0,-1.7999999999999972,1.6000000000000014,4.399999999999999,-3.700000000000003,-1.3999999999999915,6.079999999999998,-2.8,-16.0606,-4.7790000000000035,0.6060000000000001,1
2015,991,64,Coastal Carolina,525,16,72,Wisconsin,471,1,86,0,1.6211,105.424,103.803,1.4,104.2,102.8,0.539,49.9,47.1,17.8,17.0,35.2,72.4,39.6,35.6,9.135,-5.1,1.931,0.439,68.96552,33.5251,126.815,93.2904,34.3,126.4,92.1,0.974,54.6,46.7,12.4,16.7,31.9,76.3,35.6,21.1,30.284,11.4,2.077,67.699,91.17647,-31.904000000000003,-21.39099999999999,10.512599999999992,-32.9,-22.200000000000003,10.700000000000003,-0.43499999999999994,-4.700000000000003,0.3999999999999986,5.4,0.3000000000000007,3.3000000000000043,-3.8999999999999915,-21.149,-16.5,-22.210949999999997,-67.26,-0.1459999999999999,15
2015,993,64,New Mexico St.,502,15,56,Kansas,511,2,75,0,7.0055,106.825,99.8197,6.3,104.4,98.1,0.672,51.0,45.9,21.9,20.5,39.5,69.3,44.8,32.5,12.832,-4.5,1.627,9.776,67.74194,23.7421,114.271,90.5293,22.3,113.3,91.0,0.926,49.3,44.4,19.1,17.5,34.9,68.2,43.0,33.6,37.228,9.0,0.974,83.717,76.47059,-16.736600000000003,-7.445999999999998,9.290399999999991,-16.0,-8.899999999999991,7.099999999999994,-0.254,1.7000000000000028,1.5,2.799999999999997,3.0,4.600000000000001,1.0999999999999943,-24.396,-13.5,-8.728650000000002,-73.941,0.653,13
2015,995,64,Indiana,514,10,76,Wichita St.,472,7,81,0,13.8074,119.285,105.478,15.5,118.9,103.4,0.833,54.6,50.5,17.1,16.1,35.3,68.7,32.7,32.1,28.304,-0.3,0.981,74.203,60.60606,21.6555,114.962,93.3065,22.4,114.1,91.7,0.925,50.7,45.2,15.2,21.6,34.8,73.0,35.4,36.8,18.668,4.2,1.835,11.93,87.09677,-7.8481000000000005,4.322999999999993,12.171499999999995,-6.899999999999999,4.800000000000011,11.700000000000003,-0.09200000000000008,3.8999999999999986,5.299999999999997,1.9000000000000021,-5.5,0.5,-4.299999999999997,9.636,-4.5,-26.490710000000007,62.273,-0.854,3
2015,997,64,Northeastern,497,14,65,Notre Dame,495,3,69,0,4.82045,107.892,103.071,5.7,106.6,100.9,0.653,54.6,49.6,21.4,15.6,29.6,74.4,42.2,24.7,12.624,-4.6,1.913,9.221,67.64706,24.0703,124.623,100.552,24.6,124.4,99.8,0.927,58.6,48.1,14.4,17.4,28.1,68.4,37.1,23.3,30.379,8.6,1.767,78.911,85.29412,-19.24985,-16.73100000000001,2.5189999999999912,-18.900000000000002,-17.80000000000001,1.1000000000000085,-0.274,-4.0,1.5,6.999999999999998,-1.799999999999999,1.5,6.0,-17.755000000000003,-13.2,-17.64706000000001,-69.69,0.14600000000000013,11
2015,999,64,Texas,483,11,48,Butler,528,6,56,0,20.1184,112.877,92.759,19.2,110.6,91.4,0.9,49.4,42.2,20.0,14.2,38.0,71.0,36.9,34.2,31.601,0.9,1.625,72.06,60.60606,19.6267,110.554,90.9269,18.8,108.5,89.7,0.899,49.1,46.9,17.4,19.3,35.5,75.1,40.5,33.3,31.075,3.5,1.934,52.49,68.75,0.4917000000000016,2.3229999999999933,1.832099999999997,0.3999999999999986,2.0999999999999943,1.7000000000000028,0.0010000000000000009,0.29999999999999716,-4.699999999999996,2.6000000000000014,-5.100000000000001,2.5,-4.099999999999994,0.5259999999999998,-2.6,-8.14394,19.57,-0.30899999999999994,5
2015,1001,64,Valparaiso,477,13,62,Maryland,505,4,65,0,10.9697,106.629,95.6594,10.7,105.0,94.3,0.775,51.4,44.9,19.1,18.6,35.0,72.4,36.7,32.7,11.044,0.1,1.324,14.341,83.33333,16.1924,111.125,94.9328,16.0,109.9,93.9,0.859,50.9,45.4,18.4,17.3,29.2,69.6,44.5,27.9,29.027,6.9,1.54,69.338,81.81818,-5.2227,-4.495999999999995,0.7266000000000048,-5.300000000000001,-4.900000000000006,0.3999999999999915,-0.08399999999999996,0.5,-0.5,0.7000000000000028,1.3000000000000007,5.800000000000001,2.8000000000000114,-17.983,-6.800000000000001,1.5151500000000055,-54.99699999999999,-0.21599999999999997,9
2015,1003,64,Buffalo,529,12,62,West Virginia,473,5,68,0,12.339,111.344,99.0045,11.2,108.8,97.6,0.777,48.6,48.5,16.4,19.8,34.7,69.6,42.3,33.8,17.477,-1.3,1.737,15.051,71.875,18.7531,113.252,94.4993,17.6,110.5,92.9,0.88,46.6,52.6,18.7,28.2,40.9,68.9,40.4,55.9,29.931,4.1,1.361,49.102,71.875,-6.4140999999999995,-1.9080000000000013,4.505199999999988,-6.400000000000002,-1.7000000000000028,4.699999999999989,-0.10299999999999998,2.0,-4.100000000000001,-2.3000000000000007,-8.399999999999999,-6.199999999999996,0.6999999999999886,-12.454,-5.3999999999999995,0.0,-34.050999999999995,0.3760000000000001,7
2015,1005,64,Purdue,489,9,65,Cincinnati,526,8,66,0,13.9802,110.824,96.8436,15.6,110.1,94.5,0.853,50.7,45.5,20.0,17.8,36.2,68.9,42.5,38.5,29.197,1.0,1.2,63.657,63.63636,14.2488,108.353,94.1045,13.9,106.4,92.5,0.833,50.4,44.5,21.3,20.3,37.3,68.3,37.8,25.4,18.539,-1.3,1.474,58.388,68.75,-0.2685999999999993,2.4710000000000036,2.7390999999999934,1.6999999999999993,3.6999999999999886,2.0,0.020000000000000018,0.30000000000000426,1.0,-1.3000000000000007,-2.5,-1.0999999999999943,0.6000000000000085,10.657999999999998,2.3,-5.113639999999997,5.268999999999998,-0.274,1
2015,1007,64,Hampton,516,16,56,Kentucky,510,1,79,0,-8.51136,96.0398,104.551,-8.8,94.1,102.9,0.264,45.8,46.5,20.5,20.1,32.8,69.1,43.4,45.9,9.527,-12.6,2.033,8.221,48.48485,37.4333,121.27,83.8367,35.5,119.0,83.5,0.983,51.8,39.7,16.4,21.8,40.4,68.4,43.8,31.6,27.097,13.1,0.732,95.498,100.0,-45.94466,-25.230199999999996,20.71430000000001,-44.3,-24.900000000000006,19.400000000000006,-0.719,-6.0,6.799999999999997,4.100000000000001,-1.6999999999999993,-7.600000000000001,0.6999999999999886,-17.57,-25.7,-51.51515,-87.277,1.301,15
2016,1009,2,North Carolina,570,1,74,Villanova,543,2,77,0,28.0379,121.139,93.1009,25.8,120.1,94.3,0.942,52.1,47.4,15.4,18.6,39.8,70.1,32.2,29.7,32.034,8.5,1.854,90.938,82.35294,26.7471,118.299,91.552,28.5,118.9,90.4,0.959,54.3,46.3,16.4,20.4,28.6,71.3,34.3,31.4,30.779,8.9,1.709,81.555,85.29412,1.2908000000000008,2.839999999999989,1.548899999999989,-2.6999999999999993,1.1999999999999886,3.8999999999999915,-0.017000000000000015,-2.1999999999999957,1.1000000000000014,-0.9999999999999982,-1.7999999999999972,11.199999999999996,-1.2000000000000028,1.254999999999999,-0.40000000000000036,-2.941180000000003,9.382999999999996,0.14500000000000002,-1
2016,1011,4,Syracuse,555,10,66,North Carolina,570,1,83,0,15.8501,111.357,95.507,16.2,110.8,94.6,0.86,50.4,47.5,18.3,20.6,33.0,64.7,35.5,29.4,30.281,-0.3,1.713,88.863,59.375,28.0379,121.139,93.1009,25.8,120.1,94.3,0.942,52.1,47.4,15.4,18.6,39.8,70.1,32.2,29.7,32.034,8.5,1.854,90.938,82.35294,-12.187800000000001,-9.781999999999996,2.4061000000000092,-9.600000000000001,-9.299999999999997,0.29999999999999716,-0.08199999999999996,-1.7000000000000028,0.10000000000000142,2.9000000000000004,2.0,-6.799999999999997,-5.3999999999999915,-1.7530000000000001,-8.8,-22.977940000000004,-2.075000000000003,-0.14100000000000001,9
2016,1013,4,Oklahoma,567,2,51,Villanova,543,2,95,0,24.849,117.285,92.4357,24.8,117.6,92.8,0.938,54.5,46.4,18.0,17.6,30.5,70.2,33.6,27.3,35.834,8.0,2.158,57.714,78.125,26.7471,118.299,91.552,28.5,118.9,90.4,0.959,54.3,46.3,16.4,20.4,28.6,71.3,34.3,31.4,30.779,8.9,1.709,81.555,85.29412,-1.8980999999999995,-1.01400000000001,0.8836999999999904,-3.6999999999999993,-1.3000000000000114,2.3999999999999915,-0.02100000000000002,0.20000000000000284,0.10000000000000142,1.6000000000000014,-2.799999999999997,1.8999999999999986,-1.0999999999999943,5.055000000000003,-0.9000000000000004,-7.169120000000007,-23.841000000000008,0.44899999999999984,0
2016,1015,8,Syracuse,555,10,68,Virginia,542,1,62,1,15.8501,111.357,95.507,16.2,110.8,94.6,0.86,50.4,47.5,18.3,20.6,33.0,64.7,35.5,29.4,30.281,-0.3,1.713,88.863,59.375,29.0952,120.224,91.1288,27.6,119.5,91.9,0.954,54.4,48.7,15.3,19.7,30.6,74.1,32.4,33.7,36.199,8.7,1.985,74.302,78.78788,-13.245099999999999,-8.867000000000004,4.378200000000007,-11.400000000000002,-8.700000000000003,2.6999999999999886,-0.09399999999999997,-4.0,-1.2000000000000028,3.0,0.9000000000000021,2.3999999999999986,-9.399999999999991,-5.917999999999999,-9.0,-19.41288,14.560999999999993,-0.272,9
2016,1017,8,Notre Dame,568,6,74,North Carolina,570,1,88,0,15.9813,119.69,103.709,14.9,118.4,103.5,0.824,53.5,49.2,14.8,14.8,32.8,68.7,33.2,26.9,31.682,2.3,1.721,76.873,65.625,28.0379,121.139,93.1009,25.8,120.1,94.3,0.942,52.1,47.4,15.4,18.6,39.8,70.1,32.2,29.7,32.034,8.5,1.854,90.938,82.35294,-12.056600000000001,-1.448999999999998,10.608100000000007,-10.9,-1.6999999999999886,9.200000000000003,-0.118,1.3999999999999986,1.8000000000000043,-0.5999999999999996,-3.8000000000000007,-7.0,-1.3999999999999915,-0.3520000000000003,-6.2,-16.727940000000004,-14.064999999999998,-0.133,5
2016,1019,8,Oklahoma,567,2,80,Oregon,566,1,68,1,24.849,117.285,92.4357,24.8,117.6,92.8,0.938,54.5,46.4,18.0,17.6,30.5,70.2,33.6,27.3,35.834,8.0,2.158,57.714,78.125,22.7847,119.63,96.8455,20.8,117.7,96.9,0.904,52.3,49.0,16.3,20.6,34.6,68.7,40.2,32.3,27.638,6.7,1.495,51.771,81.81818,2.0642999999999994,-2.344999999999999,-4.409800000000004,4.0,-0.10000000000000853,-4.1000000000000085,0.03399999999999992,2.200000000000003,-2.6000000000000014,1.6999999999999993,-3.0,-4.100000000000001,1.5,8.196000000000002,1.2999999999999998,-3.693179999999998,5.942999999999998,0.6629999999999998,1
2016,1021,8,Villanova,543,2,64,Kansas,578,1,59,1,26.7471,118.299,91.552,28.5,118.9,90.4,0.959,54.3,46.3,16.4,20.4,28.6,71.3,34.3,31.4,30.779,8.9,1.709,81.555,85.29412,29.804,120.379,90.575,29.2,120.5,91.3,0.961,55.9,45.3,17.8,19.1,32.2,71.2,39.0,37.2,35.686,11.6,1.863,80.776,87.87879,-3.056899999999999,-2.0799999999999983,0.9770000000000039,-0.6999999999999993,-1.5999999999999943,-0.8999999999999915,-0.0020000000000000018,-1.6000000000000014,1.0,-1.4000000000000021,1.2999999999999972,-3.6000000000000014,0.09999999999999432,-4.907,-2.6999999999999993,-2.5846699999999885,0.7790000000000106,-0.15399999999999991,1
2016,1023,16,Syracuse,555,10,63,Gonzaga,587,11,60,1,15.8501,111.357,95.507,16.2,110.8,94.6,0.86,50.4,47.5,18.3,20.6,33.0,64.7,35.5,29.4,30.281,-0.3,1.713,88.863,59.375,19.2756,116.44,97.1644,20.7,117.0,96.3,0.904,55.3,45.1,16.5,14.9,31.9,74.1,35.9,28.3,20.236,2.1,1.788,58.0,78.125,-3.4255000000000013,-5.082999999999998,-1.6573999999999955,-4.5,-6.200000000000003,-1.7000000000000028,-0.04400000000000004,-4.899999999999999,2.3999999999999986,1.8000000000000007,5.700000000000001,1.1000000000000014,-9.399999999999991,10.044999999999998,-2.4,-18.75,30.863,-0.07499999999999996,-1
2016,1025,16,Iowa St.,579,4,71,Virginia,542,1,84,0,21.0754,121.033,99.9576,21.5,120.4,98.9,0.906,56.8,49.5,16.0,17.1,27.3,69.3,25.5,24.2,34.953,3.6,2.427,63.044,65.625,29.0952,120.224,91.1288,27.6,119.5,91.9,0.954,54.4,48.7,15.3,19.7,30.6,74.1,32.4,33.7,36.199,8.7,1.985,74.302,78.78788,-8.0198,0.8089999999999975,8.828800000000001,-6.100000000000001,0.9000000000000057,7.0,-0.04799999999999993,2.3999999999999986,0.7999999999999972,0.6999999999999993,-2.599999999999998,-3.3000000000000007,-4.799999999999997,-1.2459999999999951,-5.1,-13.162880000000001,-11.25800000000001,0.44199999999999995,3
2016,1027,16,Wisconsin,538,7,56,Notre Dame,568,6,61,0,16.3651,111.769,95.4038,14.6,110.2,95.6,0.837,49.0,48.5,17.0,18.8,33.6,71.8,39.7,34.3,29.577,0.4,1.348,58.366,62.5,15.9813,119.69,103.709,14.9,118.4,103.5,0.824,53.5,49.2,14.8,14.8,32.8,68.7,33.2,26.9,31.682,2.3,1.721,76.873,65.625,0.3838000000000026,-7.920999999999992,-8.3052,-0.3000000000000007,-8.200000000000003,-7.900000000000006,0.013000000000000012,-4.5,-0.7000000000000028,2.1999999999999993,4.0,0.8000000000000043,3.0999999999999943,-2.104999999999997,-1.9,-3.125,-18.507000000000005,-0.373,1
2016,1029,16,Indiana,582,5,86,North Carolina,570,1,101,0,22.7957,120.855,98.0589,22.1,120.1,98.0,0.912,58.6,49.5,19.8,18.9,37.7,71.3,33.3,29.3,23.197,3.2,1.749,68.041,78.125,28.0379,121.139,93.1009,25.8,120.1,94.3,0.942,52.1,47.4,15.4,18.6,39.8,70.1,32.2,29.7,32.034,8.5,1.854,90.938,82.35294,-5.2422,-0.2839999999999918,4.957999999999998,-3.6999999999999993,0.0,3.700000000000003,-0.029999999999999916,6.5,2.1000000000000014,4.4,0.29999999999999716,-2.0999999999999943,1.2000000000000028,-8.837,-5.3,-4.227940000000004,-22.897000000000006,-0.10499999999999998,4
2016,1031,16,Oklahoma,567,2,77,Texas A&M,552,3,63,1,24.849,117.285,92.4357,24.8,117.6,92.8,0.938,54.5,46.4,18.0,17.6,30.5,70.2,33.6,27.3,35.834,8.0,2.158,57.714,78.125,21.8057,114.159,92.3528,21.5,113.7,92.2,0.918,51.4,47.1,17.2,20.9,35.0,70.0,37.5,32.4,27.831,5.2,1.815,69.544,76.47059,3.0432999999999986,3.1259999999999906,0.08289999999999509,3.3000000000000007,3.8999999999999915,0.5999999999999943,0.019999999999999907,3.1000000000000014,-0.7000000000000028,0.8000000000000007,-3.299999999999997,-4.5,0.20000000000000284,8.003000000000004,2.8,1.6544099999999986,-11.829999999999998,0.34299999999999997,-1
2016,1033,16,Duke,591,4,68,Oregon,566,1,82,0,22.0532,121.786,99.7328,23.0,121.5,98.5,0.918,53.7,49.4,14.3,17.7,34.0,65.5,40.2,25.4,32.331,4.2,1.063,94.152,69.69697,22.7847,119.63,96.8455,20.8,117.7,96.9,0.904,52.3,49.0,16.3,20.6,34.6,68.7,40.2,32.3,27.638,6.7,1.495,51.771,81.81818,-0.7315000000000005,2.156000000000006,2.887299999999996,2.1999999999999993,3.799999999999997,1.5999999999999943,0.014000000000000012,1.4000000000000057,0.3999999999999986,-2.0,-2.900000000000002,-0.6000000000000014,-3.200000000000003,4.693000000000001,-2.5,-12.121210000000005,42.381,-0.43200000000000016,3
2016,1035,16,Villanova,543,2,92,Miami FL,574,3,69,1,26.7471,118.299,91.552,28.5,118.9,90.4,0.959,54.3,46.3,16.4,20.4,28.6,71.3,34.3,31.4,30.779,8.9,1.709,81.555,85.29412,22.848,118.848,95.9995,23.4,118.8,95.4,0.926,53.9,48.0,16.0,17.5,30.5,70.8,40.0,28.8,32.355,6.9,2.218,66.635,78.125,3.8991000000000007,-0.5489999999999924,-4.447499999999991,5.100000000000001,0.10000000000000853,-5.0,0.03299999999999992,0.3999999999999986,-1.7000000000000028,0.3999999999999986,2.8999999999999986,-1.8999999999999986,0.5,-1.575999999999997,2.0,7.169120000000007,14.920000000000002,-0.5089999999999999,-1
2016,1037,16,Maryland,575,5,63,Kansas,578,1,79,0,20.7136,116.294,95.5806,18.7,115.1,96.4,0.885,55.6,46.7,19.1,16.5,30.2,70.5,35.7,26.9,28.313,4.0,1.774,87.245,75.0,29.804,120.379,90.575,29.2,120.5,91.3,0.961,55.9,45.3,17.8,19.1,32.2,71.2,39.0,37.2,35.686,11.6,1.863,80.776,87.87879,-9.090399999999999,-4.085000000000008,5.005600000000001,-10.5,-5.400000000000006,5.1000000000000085,-0.07599999999999996,-0.29999999999999716,1.4000000000000057,1.3000000000000007,-2.6000000000000014,-2.0000000000000036,-0.7000000000000028,-7.373000000000001,-7.6,-12.878789999999995,6.469000000000008,-0.08899999999999997,4
2016,1039,32,Middle Tennessee,571,15,50,Syracuse,555,10,75,0,3.93408,103.144,99.21,3.7,102.2,98.5,0.605,51.8,48.5,17.2,19.4,28.2,74.5,35.7,42.8,12.345,-3.2,1.752,8.754,70.96774,15.8501,111.357,95.507,16.2,110.8,94.6,0.86,50.4,47.5,18.3,20.6,33.0,64.7,35.5,29.4,30.281,-0.3,1.713,88.863,59.375,-11.91602,-8.212999999999994,3.7029999999999887,-12.5,-8.599999999999994,3.9000000000000057,-0.255,1.3999999999999986,1.0,-1.1000000000000014,-1.2000000000000028,-4.800000000000001,9.799999999999997,-17.936,-2.9000000000000004,11.592740000000006,-80.109,0.038999999999999924,5
2016,1041,32,Utah,546,3,59,Gonzaga,587,11,82,0,18.1129,115.673,97.5601,17.9,115.2,97.3,0.875,55.2,47.4,17.8,15.2,29.0,72.0,38.4,23.4,30.751,5.6,2.011,34.826,75.75758,19.2756,116.44,97.1644,20.7,117.0,96.3,0.904,55.3,45.1,16.5,14.9,31.9,74.1,35.9,28.3,20.236,2.1,1.788,58.0,78.125,-1.162700000000001,-0.7669999999999959,0.39570000000000505,-2.8000000000000007,-1.7999999999999972,1.0,-0.029000000000000026,-0.09999999999999432,2.299999999999997,1.3000000000000007,0.29999999999999893,-2.8999999999999986,-2.0999999999999943,10.515,3.4999999999999996,-2.3674199999999956,-23.174,0.2230000000000001,-8
2016,1043,32,Iowa St.,579,4,78,Little Rock,576,12,61,1,21.0754,121.033,99.9576,21.5,120.4,98.9,0.906,56.8,49.5,16.0,17.1,27.3,69.3,25.5,24.2,34.953,3.6,2.427,63.044,65.625,13.3265,108.951,95.6244,11.3,106.9,95.6,0.783,52.4,45.1,15.9,21.4,26.9,69.9,31.4,38.3,13.219,2.1,2.35,0.475,87.09677,7.748899999999999,12.082000000000008,4.333200000000005,10.2,13.5,3.3000000000000114,0.123,4.399999999999999,4.399999999999999,0.09999999999999964,-4.299999999999997,0.40000000000000213,-0.6000000000000085,21.734,1.5,-21.471770000000006,62.568999999999996,0.07699999999999996,-8
2016,1045,32,Butler,599,9,69,Virginia,542,1,77,0,15.8497,117.318,101.468,18.5,117.9,99.4,0.877,52.5,49.4,14.5,18.6,32.8,72.2,39.8,36.2,29.739,2.1,2.128,61.077,67.74194,29.0952,120.224,91.1288,27.6,119.5,91.9,0.954,54.4,48.7,15.3,19.7,30.6,74.1,32.4,33.7,36.199,8.7,1.985,74.302,78.78788,-13.245499999999998,-2.906000000000006,10.339200000000005,-9.100000000000001,-1.5999999999999943,7.5,-0.07699999999999996,-1.8999999999999986,0.6999999999999957,-0.8000000000000007,-1.0999999999999979,2.1999999999999957,-1.8999999999999915,-6.459999999999997,-6.6,-11.045940000000002,-13.225000000000009,0.14300000000000002,8
2016,1047,32,Xavier,537,2,63,Wisconsin,538,7,66,0,21.71,117.096,95.3858,22.6,117.1,94.5,0.922,51.5,47.9,17.5,19.4,35.7,73.7,42.9,34.4,29.509,7.7,1.534,65.075,84.375,16.3651,111.769,95.4038,14.6,110.2,95.6,0.837,49.0,48.5,17.0,18.8,33.6,71.8,39.7,34.3,29.577,0.4,1.348,58.366,62.5,5.344899999999999,5.326999999999998,-0.018000000000000682,8.000000000000002,6.8999999999999915,-1.0999999999999943,0.08500000000000008,2.5,-0.6000000000000014,0.5,0.5999999999999979,2.1000000000000014,1.9000000000000057,-0.06800000000000139,7.3,21.875,6.709000000000003,0.18599999999999994,-5
2016,1049,32,Stephen F. Austin,557,14,75,Notre Dame,568,6,76,0,14.405,111.339,96.9336,10.9,108.5,97.6,0.772,55.5,49.6,18.2,25.9,33.5,70.3,33.9,40.1,9.477,-1.2,2.171,0.458,82.14286,15.9813,119.69,103.709,14.9,118.4,103.5,0.824,53.5,49.2,14.8,14.8,32.8,68.7,33.2,26.9,31.682,2.3,1.721,76.873,65.625,-1.5762999999999998,-8.350999999999999,-6.775400000000005,-4.0,-9.900000000000006,-5.900000000000006,-0.051999999999999935,2.0,0.3999999999999986,3.3999999999999986,11.099999999999998,0.7000000000000028,1.5999999999999943,-22.205,-3.5,16.51786,-76.415,0.44999999999999973,8
2016,1051,32,Kentucky,577,4,67,Indiana,582,5,73,0,25.1996,122.508,97.3082,26.5,122.3,95.8,0.943,53.7,44.9,16.1,17.9,37.8,68.3,38.3,41.4,28.159,5.0,0.956,92.397,76.47059,22.7957,120.855,98.0589,22.1,120.1,98.0,0.912,58.6,49.5,19.8,18.9,37.7,71.3,33.3,29.3,23.197,3.2,1.749,68.041,78.125,2.4039,1.6529999999999916,-0.7506999999999948,4.399999999999999,2.200000000000003,-2.200000000000003,0.030999999999999917,-4.899999999999999,-4.600000000000001,-3.6999999999999993,-1.0,0.09999999999999432,-3.0,4.962,1.7999999999999998,-1.6544099999999986,24.35600000000001,-0.7930000000000001,-1
2016,1053,32,Providence,563,9,66,North Carolina,570,1,85,0,13.5932,109.321,95.7275,13.8,108.9,95.1,0.826,48.1,48.8,16.3,20.7,30.9,69.8,37.7,27.8,31.166,3.3,1.133,59.887,69.69697,28.0379,121.139,93.1009,25.8,120.1,94.3,0.942,52.1,47.4,15.4,18.6,39.8,70.1,32.2,29.7,32.034,8.5,1.854,90.938,82.35294,-14.444700000000001,-11.817999999999998,2.6266000000000105,-12.0,-11.199999999999989,0.7999999999999972,-0.11599999999999999,-4.0,1.3999999999999986,0.9000000000000004,2.099999999999998,-8.899999999999999,-0.29999999999999716,-0.8679999999999986,-5.2,-12.65597000000001,-31.051000000000002,-0.7210000000000001,8
2016,1055,32,Oklahoma,567,2,85,VCU,544,10,81,1,24.849,117.285,92.4357,24.8,117.6,92.8,0.938,54.5,46.4,18.0,17.6,30.5,70.2,33.6,27.3,35.834,8.0,2.158,57.714,78.125,16.2152,110.984,94.769,17.6,111.4,93.8,0.878,50.9,49.0,16.2,21.9,33.3,72.2,32.3,37.0,20.513,-0.1,2.092,38.015,70.58824,8.6338,6.301000000000002,-2.3333000000000084,7.199999999999999,6.199999999999989,-1.0,0.05999999999999994,3.6000000000000014,-2.6000000000000014,1.8000000000000007,-4.299999999999997,-2.799999999999997,-2.0,15.321000000000002,8.1,7.536760000000001,19.698999999999998,0.06599999999999984,-8
2016,1057,32,Texas A&M,552,3,92,Northern Iowa,569,11,88,1,21.8057,114.159,92.3528,21.5,113.7,92.2,0.918,51.4,47.1,17.2,20.9,35.0,70.0,37.5,32.4,27.831,5.2,1.815,69.544,76.47059,10.0945,108.298,98.2039,11.2,108.8,97.6,0.777,53.3,48.6,15.2,18.7,17.8,72.8,32.8,23.6,21.49,-2.1,2.207,36.74,63.63636,11.711200000000002,5.861000000000004,-5.851100000000002,10.3,4.900000000000006,-5.3999999999999915,0.14100000000000001,-1.8999999999999986,-1.5,2.0,2.1999999999999993,17.2,-2.799999999999997,6.341000000000001,7.300000000000001,12.834229999999998,32.803999999999995,-0.3919999999999999,-8
2016,1059,32,Duke,591,4,71,Yale,536,12,64,1,22.0532,121.786,99.7328,23.0,121.5,98.5,0.918,53.7,49.4,14.3,17.7,34.0,65.5,40.2,25.4,32.331,4.2,1.063,94.152,69.69697,13.8265,109.51,95.6837,12.9,108.2,95.3,0.812,52.5,46.3,20.1,18.2,39.2,76.0,42.1,33.8,15.942,-0.1,2.27,3.85,77.77778,8.226700000000001,12.275999999999996,4.049099999999996,10.1,13.299999999999997,3.200000000000003,0.10599999999999998,1.2000000000000028,3.1000000000000014,-5.800000000000001,-0.5,-5.200000000000003,-10.5,16.389000000000003,4.3,-8.080810000000014,90.302,-1.207,-8
2016,1061,32,Saint Joseph's,561,8,64,Oregon,566,1,69,0,14.6358,113.435,98.7988,16.1,113.0,96.9,0.854,51.3,47.9,14.3,16.2,28.3,74.2,37.7,24.5,21.526,3.4,1.79,41.08,79.41176,22.7847,119.63,96.8455,20.8,117.7,96.9,0.904,52.3,49.0,16.3,20.6,34.6,68.7,40.2,32.3,27.638,6.7,1.495,51.771,81.81818,-8.148900000000001,-6.194999999999993,1.9532999999999987,-4.699999999999999,-4.700000000000003,0.0,-0.050000000000000044,-1.0,-1.1000000000000014,-2.0,-4.400000000000002,-6.300000000000001,5.5,-6.112000000000002,-3.3000000000000003,-2.406419999999997,-10.691000000000003,0.29499999999999993,7
2016,1063,32,Villanova,543,2,87,Iowa,580,7,68,1,26.7471,118.299,91.552,28.5,118.9,90.4,0.959,54.3,46.3,16.4,20.4,28.6,71.3,34.3,31.4,30.779,8.9,1.709,81.555,85.29412,21.3563,116.298,94.9421,21.2,116.0,94.8,0.911,51.8,47.4,15.0,18.9,32.3,68.6,33.4,25.2,29.23,2.0,2.125,54.413,67.74194,5.390799999999999,2.0010000000000048,-3.3900999999999897,7.300000000000001,2.9000000000000057,-4.3999999999999915,0.04799999999999993,2.5,-1.1000000000000014,1.3999999999999986,1.5,-3.6999999999999957,2.700000000000003,1.5489999999999995,6.9,17.552180000000007,27.14200000000001,-0.4159999999999999,-5
2016,1065,32,Miami FL,574,3,65,Wichita St.,539,11,57,1,22.848,118.848,95.9995,23.4,118.8,95.4,0.926,53.9,48.0,16.0,17.5,30.5,70.8,40.0,28.8,32.355,6.9,2.218,66.635,78.125,21.1508,111.743,90.5918,21.2,111.5,90.3,0.919,49.6,44.5,14.8,23.2,31.9,76.4,37.8,45.4,18.276,0.2,1.873,27.563,74.19355,1.6971999999999987,7.105000000000004,5.407699999999991,2.1999999999999993,7.299999999999997,5.1000000000000085,0.007000000000000006,4.299999999999997,3.5,1.1999999999999993,-5.699999999999999,-1.3999999999999986,-5.6000000000000085,14.078999999999997,6.7,3.931449999999998,39.072,0.345,-8
2016,1067,32,Hawaii,584,13,60,Maryland,575,5,73,0,11.736,108.243,96.5071,11.4,107.3,95.9,0.784,52.5,44.9,18.4,19.9,30.9,73.3,46.3,39.3,13.153,0.8,2.152,15.446,83.33333,20.7136,116.294,95.5806,18.7,115.1,96.4,0.885,55.6,46.7,19.1,16.5,30.2,70.5,35.7,26.9,28.313,4.0,1.774,87.245,75.0,-8.977599999999999,-8.051000000000002,0.9264999999999901,-7.299999999999999,-7.799999999999997,-0.5,-0.10099999999999998,-3.1000000000000014,-1.8000000000000043,-0.7000000000000028,3.3999999999999986,0.6999999999999993,2.799999999999997,-15.159999999999998,-3.2,8.333330000000004,-71.799,0.3780000000000001,8
2016,1069,32,Connecticut,593,9,61,Kansas,578,1,73,0,18.752,111.651,92.899,17.1,110.4,93.3,0.874,52.0,44.2,16.5,18.1,29.1,70.8,29.7,34.5,23.62,1.2,1.968,72.327,70.58824,29.804,120.379,90.575,29.2,120.5,91.3,0.961,55.9,45.3,17.8,19.1,32.2,71.2,39.0,37.2,35.686,11.6,1.863,80.776,87.87879,-11.052,-8.728000000000009,2.323999999999998,-12.099999999999998,-10.099999999999994,2.0,-0.08699999999999997,-3.8999999999999986,-1.0999999999999943,-1.3000000000000007,-1.0,-3.1000000000000014,-0.4000000000000057,-12.065999999999999,-10.4,-17.290549999999996,-8.448999999999998,0.10499999999999998,8
2016,1071,64,Middle Tennessee,571,15,90,Michigan St.,572,2,81,1,3.93408,103.144,99.21,3.7,102.2,98.5,0.605,51.8,48.5,17.2,19.4,28.2,74.5,35.7,42.8,12.345,-3.2,1.752,8.754,70.96774,29.6807,123.022,93.3408,26.6,121.4,94.8,0.945,56.0,42.6,17.5,14.2,37.2,75.8,30.0,34.0,26.632,7.2,1.818,59.574,85.29412,-25.74662,-19.878,5.869199999999992,-22.900000000000002,-19.200000000000003,3.700000000000003,-0.33999999999999997,-4.200000000000003,5.899999999999999,-0.3000000000000007,5.199999999999999,-9.000000000000004,-1.2999999999999972,-14.287,-10.4,-14.32638,-50.82,-0.06600000000000006,13
2016,1073,64,Syracuse,555,10,70,Dayton,592,7,51,1,15.8501,111.357,95.507,16.2,110.8,94.6,0.86,50.4,47.5,18.3,20.6,33.0,64.7,35.5,29.4,30.281,-0.3,1.713,88.863,59.375,13.3434,106.934,93.5907,14.2,106.8,92.6,0.838,52.0,46.9,18.8,17.9,28.9,76.4,41.0,32.5,20.789,2.4,1.562,36.347,78.125,2.5066999999999986,4.423000000000002,1.9163000000000068,2.0,4.0,2.0,0.02200000000000002,-1.6000000000000014,0.6000000000000014,-0.5,2.700000000000003,4.100000000000001,-11.700000000000003,9.491999999999997,-2.6999999999999997,-18.75,52.516,0.15100000000000002,3
2016,1075,64,Fresno St.,588,14,69,Utah,546,3,80,0,6.69862,107.084,100.385,5.6,105.5,99.9,0.652,48.2,48.5,14.9,20.8,30.3,71.0,38.1,46.4,17.899,-0.9,2.293,40.734,71.875,18.1129,115.673,97.5601,17.9,115.2,97.3,0.875,55.2,47.4,17.8,15.2,29.0,72.0,38.4,23.4,30.751,5.6,2.011,34.826,75.75758,-11.41428,-8.588999999999999,2.8248999999999995,-12.299999999999999,-9.700000000000003,2.6000000000000085,-0.22299999999999998,-7.0,1.1000000000000014,-2.9000000000000004,5.600000000000001,1.3000000000000007,-1.0,-12.852,-6.5,-3.8825800000000044,5.908000000000001,0.28200000000000003,11
2016,1077,64,Gonzaga,587,11,68,Seton Hall,560,6,52,1,19.2756,116.44,97.1644,20.7,117.0,96.3,0.904,55.3,45.1,16.5,14.9,31.9,74.1,35.9,28.3,20.236,2.1,1.788,58.0,78.125,17.6691,111.433,93.7641,18.7,111.2,92.5,0.893,50.2,45.3,19.5,19.2,35.0,69.3,40.6,33.7,30.728,5.3,1.139,62.243,75.75758,1.6065000000000005,5.006999999999991,3.4003000000000014,2.0,5.799999999999997,3.799999999999997,0.01100000000000001,5.099999999999994,-0.19999999999999574,-3.0,-4.299999999999999,-3.1000000000000014,4.799999999999997,-10.492,-3.1999999999999997,2.3674199999999956,-4.243000000000002,0.649,5
2016,1079,64,Iona,581,13,81,Iowa St.,579,4,94,0,7.8333,110.602,102.768,6.1,108.9,102.8,0.66,53.8,48.5,17.6,19.4,29.4,68.7,32.5,36.2,13.931,-3.6,2.184,8.384,68.75,21.0754,121.033,99.9576,21.5,120.4,98.9,0.906,56.8,49.5,16.0,17.1,27.3,69.3,25.5,24.2,34.953,3.6,2.427,63.044,65.625,-13.242099999999997,-10.430999999999997,2.8104000000000013,-15.4,-11.5,3.8999999999999915,-0.246,-3.0,-1.0,1.6000000000000014,2.299999999999997,2.099999999999998,-0.5999999999999943,-21.022000000000006,-7.2,3.125,-54.66,-0.24299999999999988,9
2016,1081,64,Little Rock,576,12,85,Purdue,562,5,83,1,13.3265,108.951,95.6244,11.3,106.9,95.6,0.783,52.4,45.1,15.9,21.4,26.9,69.9,31.4,38.3,13.219,2.1,2.35,0.475,87.09677,24.5939,117.0,92.4061,23.8,116.6,92.8,0.933,53.7,44.3,17.5,13.8,35.3,76.7,35.1,27.7,26.889,4.4,1.518,66.451,76.47059,-11.267400000000002,-8.049000000000007,3.2182999999999993,-12.5,-9.699999999999989,2.799999999999997,-0.15000000000000002,-1.3000000000000043,0.8000000000000043,-1.5999999999999996,7.599999999999998,-8.399999999999999,-6.799999999999997,-13.67,-2.3000000000000003,10.626180000000005,-65.976,0.8320000000000001,7
2016,1083,64,Butler,599,9,71,Texas Tech,551,8,61,1,15.8497,117.318,101.468,18.5,117.9,99.4,0.877,52.5,49.4,14.5,18.6,32.8,72.2,39.8,36.2,29.739,2.1,2.128,61.077,67.74194,14.7244,113.846,99.1212,13.9,112.4,98.5,0.82,49.9,49.3,17.7,18.9,31.7,67.6,43.1,32.9,32.532,1.3,1.716,18.334,61.29032,1.125300000000001,3.471999999999994,2.3468000000000018,4.6,5.5,0.9000000000000057,0.05700000000000005,2.6000000000000014,0.10000000000000142,-3.1999999999999993,-0.29999999999999716,1.0999999999999979,4.6000000000000085,-2.7929999999999957,0.8,6.451619999999998,42.742999999999995,0.41200000000000014,1
2016,1085,64,Hampton,585,16,45,Virginia,542,1,81,0,-6.80879,99.7519,106.561,-8.9,98.0,106.9,0.269,47.2,48.0,18.9,16.9,34.9,72.6,42.0,36.4,8.629,-6.3,2.293,4.609,66.66667,29.0952,120.224,91.1288,27.6,119.5,91.9,0.954,54.4,48.7,15.3,19.7,30.6,74.1,32.4,33.7,36.199,8.7,1.985,74.302,78.78788,-35.90399,-20.472099999999998,15.432200000000009,-36.5,-21.5,15.0,-0.6849999999999999,-7.199999999999996,-0.7000000000000028,3.599999999999998,-2.8000000000000007,4.299999999999997,-1.5,-27.57,-15.0,-12.121210000000005,-69.69300000000001,0.30800000000000005,15
2016,1087,64,Weber St.,541,15,53,Xavier,537,2,71,0,2.74146,103.593,100.851,3.3,102.9,99.6,0.593,54.9,47.2,19.7,15.5,26.0,74.8,46.6,28.8,9.167,-3.7,1.391,1.595,74.19355,21.71,117.096,95.3858,22.6,117.1,94.5,0.922,51.5,47.9,17.5,19.4,35.7,73.7,42.9,34.4,29.509,7.7,1.534,65.075,84.375,-18.96854,-13.503,5.465199999999996,-19.3,-14.199999999999989,5.099999999999994,-0.32900000000000007,3.3999999999999986,-0.6999999999999957,2.1999999999999993,-3.8999999999999986,-9.700000000000003,1.0999999999999943,-20.342,-11.4,-10.181449999999998,-63.480000000000004,-0.14300000000000002,13
2016,1089,64,Pittsburgh,564,10,43,Wisconsin,538,7,47,0,16.2013,115.484,99.2827,17.1,115.3,98.2,0.864,51.3,50.5,17.4,17.1,37.4,72.5,36.6,32.6,31.513,1.8,2.072,57.184,64.51613,16.3651,111.769,95.4038,14.6,110.2,95.6,0.837,49.0,48.5,17.0,18.8,33.6,71.8,39.7,34.3,29.577,0.4,1.348,58.366,62.5,-0.16380000000000194,3.714999999999989,3.8789000000000016,2.5000000000000018,5.099999999999994,2.6000000000000085,0.027000000000000024,2.299999999999997,2.0,0.3999999999999986,-1.6999999999999993,3.799999999999997,0.7000000000000028,1.936,1.4,2.016130000000004,-1.1820000000000022,0.724,3
2016,1091,64,Stephen F. Austin,557,14,70,West Virginia,540,3,56,1,14.405,111.339,96.9336,10.9,108.5,97.6,0.772,55.5,49.6,18.2,25.9,33.5,70.3,33.9,40.1,9.477,-1.2,2.171,0.458,82.14286,25.9146,116.39,90.4754,25.2,115.4,90.2,0.944,50.2,48.8,19.6,25.5,41.9,72.8,46.1,54.8,34.85,7.4,1.724,46.477,76.47059,-11.5096,-5.051000000000002,6.458200000000005,-14.299999999999999,-6.900000000000006,7.3999999999999915,-0.17199999999999993,5.299999999999997,0.8000000000000043,-1.4000000000000021,0.3999999999999986,-8.399999999999999,-2.5,-25.373,-8.6,5.6722699999999975,-46.019,0.44699999999999984,11
2016,1093,64,Michigan,573,11,63,Notre Dame,568,6,70,0,14.5538,115.094,100.54,15.0,114.7,99.7,0.834,55.0,51.2,14.7,17.7,24.4,73.7,28.4,26.8,29.236,0.8,1.418,54.482,63.63636,15.9813,119.69,103.709,14.9,118.4,103.5,0.824,53.5,49.2,14.8,14.8,32.8,68.7,33.2,26.9,31.682,2.3,1.721,76.873,65.625,-1.4274999999999984,-4.596000000000004,-3.168999999999997,0.09999999999999964,-3.700000000000003,-3.799999999999997,0.010000000000000009,1.5,2.0,-0.10000000000000142,2.8999999999999986,-8.399999999999999,5.0,-2.445999999999998,-1.4999999999999998,-1.9886399999999966,-22.391000000000005,-0.30300000000000016,5
2016,1095,64,Stony Brook,556,13,57,Kentucky,577,4,85,0,8.53773,107.481,98.9433,7.4,106.1,98.7,0.697,53.2,47.3,17.2,18.5,34.4,74.2,32.5,27.6,11.251,-1.1,2.267,0.2,80.0,25.1996,122.508,97.3082,26.5,122.3,95.8,0.943,53.7,44.9,16.1,17.9,37.8,68.3,38.3,41.4,28.159,5.0,0.956,92.397,76.47059,-16.66187,-15.027000000000001,1.6350999999999942,-19.1,-16.200000000000003,2.9000000000000057,-0.246,-0.5,2.3999999999999986,1.0999999999999979,0.6000000000000014,-3.3999999999999986,5.900000000000006,-16.908,-6.1,3.5294099999999986,-92.197,1.311,9
2016,1097,64,Chattanooga,596,12,74,Indiana,582,5,99,0,7.41784,107.156,99.7384,5.6,105.9,100.3,0.651,51.8,49.8,17.9,20.3,32.4,71.1,42.0,30.8,11.639,0.4,2.305,7.903,84.375,22.7957,120.855,98.0589,22.1,120.1,98.0,0.912,58.6,49.5,19.8,18.9,37.7,71.3,33.3,29.3,23.197,3.2,1.749,68.041,78.125,-15.37786,-13.698999999999998,1.6795000000000044,-16.5,-14.199999999999989,2.299999999999997,-0.261,-6.800000000000004,0.29999999999999716,-1.9000000000000021,1.4000000000000021,-5.300000000000004,-0.20000000000000284,-11.558,-2.8000000000000003,6.25,-60.138,0.556,7
2016,1099,64,Providence,563,9,70,USC,547,8,69,1,13.5932,109.321,95.7275,13.8,108.9,95.1,0.826,48.1,48.8,16.3,20.7,30.9,69.8,37.7,27.8,31.166,3.3,1.133,59.887,69.69697,14.7848,113.901,99.116,15.8,113.8,98.0,0.848,52.0,47.3,16.5,16.9,32.4,68.1,35.3,28.5,26.984,0.2,1.247,72.171,63.63636,-1.191600000000001,-4.579999999999998,-3.3884999999999934,-2.0,-4.8999999999999915,-2.9000000000000057,-0.02200000000000002,-3.8999999999999986,1.5,-0.1999999999999993,3.8000000000000007,-1.5,1.7000000000000028,4.181999999999999,3.0999999999999996,6.06060999999999,-12.284000000000006,-0.1140000000000001,1
2016,1101,64,Florida Gulf Coast,589,16,67,North Carolina,570,1,83,0,-1.39023,102.917,104.307,-0.7,102.3,103.0,0.48,51.2,48.1,16.9,16.2,31.5,72.5,36.4,36.1,11.006,-8.4,1.331,24.576,55.17241,28.0379,121.139,93.1009,25.8,120.1,94.3,0.942,52.1,47.4,15.4,18.6,39.8,70.1,32.2,29.7,32.034,8.5,1.854,90.938,82.35294,-29.42813,-18.221999999999994,11.206100000000006,-26.5,-17.799999999999997,8.700000000000003,-0.46199999999999997,-0.8999999999999986,0.7000000000000028,1.4999999999999982,-2.400000000000002,-8.299999999999997,2.4000000000000057,-21.028,-16.9,-27.180530000000005,-66.362,-0.5230000000000001,15
2016,1103,64,Cal St. Bakersfield,598,15,68,Oklahoma,567,2,82,0,6.49871,103.37,96.8714,7.7,103.2,95.5,0.709,49.3,44.7,18.1,21.8,34.0,70.4,38.5,42.0,10.513,-3.5,1.895,5.421,72.41379,24.849,117.285,92.4357,24.8,117.6,92.8,0.938,54.5,46.4,18.0,17.6,30.5,70.2,33.6,27.3,35.834,8.0,2.158,57.714,78.125,-18.35029,-13.914999999999992,4.435699999999997,-17.1,-14.399999999999991,2.700000000000003,-0.22899999999999998,-5.200000000000003,-1.6999999999999957,0.10000000000000142,4.199999999999999,3.5,0.20000000000000284,-25.321000000000005,-11.5,-5.711209999999994,-52.293,-0.2629999999999999,13
2016,1105,64,VCU,544,10,75,Oregon St.,565,7,67,1,16.2152,110.984,94.769,17.6,111.4,93.8,0.878,50.9,49.0,16.2,21.9,33.3,72.2,32.3,37.0,20.513,-0.1,2.092,38.015,70.58824,12.4371,110.836,98.3992,11.7,109.8,98.1,0.785,49.9,49.4,16.8,19.5,29.4,67.7,37.2,39.3,30.461,0.3,1.608,44.404,60.0,3.7781000000000002,0.14799999999999613,-3.630199999999988,5.900000000000002,1.6000000000000085,-4.299999999999997,0.09299999999999997,1.0,-0.3999999999999986,-0.6000000000000014,2.3999999999999986,3.8999999999999986,4.5,-9.947999999999997,-0.4,10.588239999999999,-6.389000000000003,0.484,3
2016,1107,64,Green Bay,586,14,65,Texas A&M,552,3,92,0,3.98885,108.225,104.236,2.5,106.9,104.4,0.568,49.9,51.2,15.6,20.9,31.3,68.2,42.2,35.4,15.675,-4.5,2.069,0.2,63.63636,21.8057,114.159,92.3528,21.5,113.7,92.2,0.918,51.4,47.1,17.2,20.9,35.0,70.0,37.5,32.4,27.831,5.2,1.815,69.544,76.47059,-17.816850000000002,-5.934000000000012,11.883200000000002,-19.0,-6.799999999999997,12.200000000000003,-0.3500000000000001,-1.5,4.100000000000001,-1.5999999999999996,0.0,-3.6999999999999993,-1.7999999999999972,-12.155999999999999,-9.7,-12.834229999999998,-69.344,0.254,11
2016,1109,64,Northern Iowa,569,11,75,Texas,553,6,72,1,10.0945,108.298,98.2039,11.2,108.8,97.6,0.777,53.3,48.6,15.2,18.7,17.8,72.8,32.8,23.6,21.49,-2.1,2.207,36.74,63.63636,17.1061,112.821,95.7146,16.2,111.5,95.3,0.859,49.3,47.5,15.4,18.5,30.7,67.7,39.7,37.5,36.005,3.2,1.958,73.204,62.5,-7.011600000000001,-4.522999999999996,2.4893,-5.0,-2.700000000000003,2.299999999999997,-0.08199999999999996,4.0,1.1000000000000014,-0.20000000000000107,0.1999999999999993,-12.899999999999999,5.099999999999994,-14.515000000000004,-5.300000000000001,1.1363600000000034,-36.46399999999999,0.2489999999999999,5
2016,1111,64,UNC Wilmington,548,13,85,Duke,591,4,93,0,9.25855,110.051,100.792,8.0,108.6,100.6,0.707,51.2,47.1,16.0,20.1,32.1,70.1,35.9,54.3,13.73,-0.7,1.606,1.709,76.66667,22.0532,121.786,99.7328,23.0,121.5,98.5,0.918,53.7,49.4,14.3,17.7,34.0,65.5,40.2,25.4,32.331,4.2,1.063,94.152,69.69697,-12.79465,-11.735,1.0592000000000041,-15.0,-12.900000000000006,2.0999999999999943,-0.21100000000000008,-2.5,-2.299999999999997,1.6999999999999993,2.400000000000002,-1.8999999999999986,4.599999999999994,-18.601000000000003,-4.9,6.969700000000003,-92.443,0.5430000000000001,9
2016,1113,64,Yale,536,12,79,Baylor,601,5,75,1,13.8265,109.51,95.6837,12.9,108.2,95.3,0.812,52.5,46.3,20.1,18.2,39.2,76.0,42.1,33.8,15.942,-0.1,2.27,3.85,77.77778,19.9152,118.756,98.8407,18.5,117.8,99.3,0.877,51.7,51.0,18.9,19.8,40.2,71.2,39.2,38.1,35.471,3.5,1.878,48.262,65.625,-6.088699999999999,-9.245999999999995,-3.1569999999999965,-5.6,-9.599999999999994,-4.0,-0.06499999999999995,0.7999999999999972,-4.700000000000003,1.2000000000000028,-1.6000000000000014,-1.0,4.799999999999997,-19.528999999999996,-3.6,12.152780000000007,-44.412,0.3920000000000001,7
2016,1115,64,Cincinnati,595,9,76,Saint Joseph's,561,8,78,0,17.1593,110.035,92.8755,16.8,109.5,92.7,0.872,49.0,45.3,16.4,20.6,36.8,69.4,33.5,26.9,23.448,0.3,1.92,56.651,68.75,14.6358,113.435,98.7988,16.1,113.0,96.9,0.854,51.3,47.9,14.3,16.2,28.3,74.2,37.7,24.5,21.526,3.4,1.79,41.08,79.41176,2.523500000000002,-3.4000000000000057,-5.923299999999998,0.6999999999999993,-3.5,-4.200000000000003,0.018000000000000016,-2.299999999999997,-2.6000000000000014,2.099999999999998,4.400000000000002,8.499999999999996,-4.799999999999997,1.9220000000000006,-3.1,-10.661760000000001,15.571000000000005,0.1299999999999999,1
2016,1117,64,Holy Cross,583,16,52,Oregon,566,1,91,0,-11.4879,97.0369,108.525,-10.3,97.3,107.6,0.239,47.9,53.2,16.6,20.0,23.6,70.4,36.1,33.8,9.645,-14.5,1.649,5.623,42.42424,22.7847,119.63,96.8455,20.8,117.7,96.9,0.904,52.3,49.0,16.3,20.6,34.6,68.7,40.2,32.3,27.638,6.7,1.495,51.771,81.81818,-34.2726,-22.593099999999993,11.679500000000004,-31.1,-20.400000000000006,10.699999999999989,-0.665,-4.399999999999999,4.200000000000003,0.3000000000000007,-0.6000000000000014,-11.0,1.7000000000000028,-17.993000000000002,-21.2,-39.39394,-46.148,0.15399999999999991,15
2016,1119,64,UNC Asheville,549,15,56,Villanova,543,2,86,0,4.21193,103.529,99.3166,1.7,101.1,99.4,0.549,49.9,48.7,18.6,22.4,31.6,70.6,42.4,33.4,10.414,-6.3,1.148,11.114,64.51613,26.7471,118.299,91.552,28.5,118.9,90.4,0.959,54.3,46.3,16.4,20.4,28.6,71.3,34.3,31.4,30.779,8.9,1.709,81.555,85.29412,-22.53517,-14.77000000000001,7.764599999999987,-26.8,-17.80000000000001,9.0,-0.4099999999999999,-4.399999999999999,2.4000000000000057,2.200000000000003,2.0,3.0,-0.7000000000000028,-20.365000000000002,-15.2,-20.777990000000003,-70.441,-0.5610000000000002,13
2016,1121,64,Temple,554,10,70,Iowa,580,7,72,0,8.34785,106.619,98.2712,8.2,106.3,98.1,0.716,46.9,46.7,13.7,16.6,29.0,70.2,27.1,28.6,24.923,-0.1,2.186,55.758,65.625,21.3563,116.298,94.9421,21.2,116.0,94.8,0.911,51.8,47.4,15.0,18.9,32.3,68.6,33.4,25.2,29.23,2.0,2.125,54.413,67.74194,-13.008450000000002,-9.679000000000002,3.329099999999997,-13.0,-9.700000000000003,3.299999999999997,-0.19500000000000006,-4.899999999999999,-0.6999999999999957,-1.3000000000000007,-2.299999999999997,-3.299999999999997,1.6000000000000085,-4.307000000000002,-2.1,-2.1169399999999996,1.345000000000006,0.06099999999999994,3
2016,1123,64,Buffalo,600,14,72,Miami FL,574,3,79,0,2.71119,105.541,102.83,1.8,104.3,102.5,0.55,49.6,49.8,18.9,17.7,32.2,71.4,41.7,37.1,17.81,-5.8,1.454,6.348,57.57576,22.848,118.848,95.9995,23.4,118.8,95.4,0.926,53.9,48.0,16.0,17.5,30.5,70.8,40.0,28.8,32.355,6.9,2.218,66.635,78.125,-20.136809999999997,-13.307000000000002,6.830500000000001,-21.599999999999998,-14.5,7.099999999999994,-0.376,-4.299999999999997,1.7999999999999972,2.8999999999999986,0.1999999999999993,1.7000000000000028,0.6000000000000085,-14.544999999999998,-12.7,-20.549239999999998,-60.287000000000006,-0.764,11
2016,1125,64,Wichita St.,539,11,65,Arizona,603,6,55,1,21.1508,111.743,90.5918,21.2,111.5,90.3,0.919,49.6,44.5,14.8,23.2,31.9,76.4,37.8,45.4,18.276,0.2,1.873,27.563,74.19355,21.8831,117.368,95.4851,20.7,116.4,95.7,0.905,53.8,46.3,17.9,16.2,35.1,75.1,44.1,29.2,25.107,3.4,2.016,66.359,75.75758,-0.7322999999999986,-5.625,-4.893299999999996,0.5,-4.900000000000006,-5.400000000000006,0.014000000000000012,-4.199999999999996,-1.7999999999999972,-3.099999999999998,7.0,-3.200000000000003,1.3000000000000114,-6.8309999999999995,-3.1999999999999997,-1.5640300000000025,-38.79599999999999,-0.14300000000000002,5
2016,1127,64,Hawaii,584,13,77,California,597,4,66,1,11.736,108.243,96.5071,11.4,107.3,95.9,0.784,52.5,44.9,18.4,19.9,30.9,73.3,46.3,39.3,13.153,0.8,2.152,15.446,83.33333,19.6396,112.902,93.2625,19.5,112.5,93.0,0.899,52.5,44.0,17.5,14.1,32.4,74.3,41.6,37.2,27.208,2.2,1.439,78.13,69.69697,-7.903600000000001,-4.659000000000006,3.2445999999999913,-8.1,-5.200000000000003,2.9000000000000057,-0.11499999999999999,0.0,0.8999999999999986,0.8999999999999986,5.799999999999999,-1.5,-1.0,-14.054999999999998,-1.4000000000000001,13.63636000000001,-62.684,0.7130000000000001,9
2016,1129,64,South Dakota St.,559,12,74,Maryland,575,5,79,0,9.58182,110.826,101.245,9.8,110.5,100.7,0.744,51.4,47.7,17.1,17.1,32.4,74.5,40.6,39.7,12.136,-1.2,1.889,12.379,77.41935,20.7136,116.294,95.5806,18.7,115.1,96.4,0.885,55.6,46.7,19.1,16.5,30.2,70.5,35.7,26.9,28.313,4.0,1.774,87.245,75.0,-11.13178,-5.4680000000000035,5.6644000000000005,-8.899999999999999,-4.599999999999994,4.299999999999997,-0.14100000000000001,-4.200000000000003,1.0,-2.0,0.6000000000000014,2.1999999999999993,4.0,-16.177,-5.2,2.4193499999999943,-74.866,0.11499999999999999,7
2016,1131,64,Connecticut,593,9,74,Colorado,594,8,67,1,18.752,111.651,92.899,17.1,110.4,93.3,0.874,52.0,44.2,16.5,18.1,29.1,70.8,29.7,34.5,23.62,1.2,1.968,72.327,70.58824,13.5905,108.785,95.1948,12.4,107.8,95.4,0.803,48.4,46.9,18.8,15.4,35.0,75.4,40.0,35.5,26.719,0.7,1.771,53.765,65.625,5.161499999999998,2.8659999999999997,-2.2958,4.700000000000001,2.6000000000000085,-2.1000000000000085,0.07099999999999995,3.6000000000000014,-2.6999999999999957,-2.3000000000000007,2.700000000000001,-5.899999999999999,-4.6000000000000085,-3.099,0.5,4.963239999999999,18.561999999999998,0.19700000000000006,1
2016,1133,64,Austin Peay,602,16,79,Kansas,578,1,105,0,-5.09934,104.005,109.104,-6.6,101.8,108.4,0.327,51.5,53.6,20.4,18.8,31.8,70.3,46.5,31.1,12.023,-11.3,1.667,0.232,48.48485,29.804,120.379,90.575,29.2,120.5,91.3,0.961,55.9,45.3,17.8,19.1,32.2,71.2,39.0,37.2,35.686,11.6,1.863,80.776,87.87879,-34.90334,-16.37400000000001,18.528999999999996,-35.8,-18.700000000000003,17.10000000000001,-0.6339999999999999,-4.399999999999999,8.300000000000004,2.599999999999998,-0.3000000000000007,-0.40000000000000213,-0.9000000000000057,-23.663,-22.9,-39.39393999999999,-80.544,-0.19599999999999995,15
2017,1135,2,North Carolina,638,1,71,Gonzaga,658,1,65,1,28.0091,122.075,94.0654,27.9,121.0,93.1,0.953,52.3,48.5,16.4,18.7,42.0,74.9,33.1,31.4,35.516,8.3,1.917,88.126,78.78788,33.0538,120.711,87.6571,31.8,119.8,88.0,0.972,58.0,41.6,15.9,17.7,29.9,74.6,38.2,26.0,19.459,7.7,1.78,68.782,96.9697,-5.044700000000002,1.3640000000000043,6.408299999999997,-3.900000000000002,1.2000000000000028,5.099999999999994,-0.019000000000000017,-5.700000000000003,6.899999999999999,0.4999999999999982,1.0,12.100000000000001,0.30000000000001137,16.057,0.6000000000000005,-18.181820000000002,19.34400000000001,0.137,0
2017,1137,4,North Carolina,638,1,77,Oregon,631,3,76,1,28.0091,122.075,94.0654,27.9,121.0,93.1,0.953,52.3,48.5,16.4,18.7,42.0,74.9,33.1,31.4,35.516,8.3,1.917,88.126,78.78788,23.8276,117.728,93.9002,22.3,116.0,93.7,0.921,55.6,46.1,17.0,20.1,32.0,70.2,34.4,26.6,23.71,6.0,1.779,56.758,84.84848,4.1815,4.347000000000008,0.16519999999999868,5.599999999999998,5.0,-0.6000000000000085,0.03199999999999992,-3.3000000000000043,2.3999999999999986,-0.6000000000000014,-1.4000000000000021,10.0,4.700000000000003,11.805999999999997,2.3000000000000007,-6.060599999999994,31.368000000000002,0.13800000000000012,-2
2017,1139,4,Gonzaga,658,1,77,South Carolina,623,7,73,1,33.0538,120.711,87.6571,31.8,119.8,88.0,0.972,58.0,41.6,15.9,17.7,29.9,74.6,38.2,26.0,19.459,7.7,1.78,68.782,96.9697,17.0302,105.546,88.5163,16.9,105.2,88.3,0.882,46.7,45.0,19.0,24.5,33.8,68.4,39.9,46.7,27.468,1.7,1.537,50.958,67.74194,16.023600000000002,15.164999999999992,-0.8592000000000013,14.900000000000002,14.599999999999994,-0.29999999999999716,0.08999999999999997,11.299999999999997,-3.3999999999999986,-3.0999999999999996,-6.800000000000001,-3.8999999999999986,6.199999999999989,-8.009,6.0,29.227760000000004,17.823999999999998,0.2430000000000001,-6
2017,1141,8,Kentucky,651,2,73,North Carolina,638,1,75,0,27.2664,119.139,91.8728,27.7,119.2,91.5,0.954,53.2,47.4,16.0,19.4,34.0,72.8,41.7,34.7,30.841,9.0,0.935,86.539,85.29412,28.0091,122.075,94.0654,27.9,121.0,93.1,0.953,52.3,48.5,16.4,18.7,42.0,74.9,33.1,31.4,35.516,8.3,1.917,88.126,78.78788,-0.7426999999999992,-2.936000000000007,-2.1925999999999988,-0.1999999999999993,-1.7999999999999972,-1.5999999999999943,0.0010000000000000009,0.9000000000000057,-1.1000000000000014,-0.3999999999999986,0.6999999999999993,-8.0,-2.1000000000000085,-4.674999999999997,0.6999999999999993,6.506240000000005,-1.5870000000000033,-0.982,1
2017,1143,8,Oregon,631,3,74,Kansas,654,1,60,1,23.8276,117.728,93.9002,22.3,116.0,93.7,0.921,55.6,46.1,17.0,20.1,32.0,70.2,34.4,26.6,23.71,6.0,1.779,56.758,84.84848,25.975,120.833,94.8585,26.0,120.4,94.4,0.943,55.9,47.9,18.1,18.6,34.3,69.6,36.8,30.8,35.994,11.0,1.763,75.629,87.5,-2.147400000000001,-3.105000000000004,-0.9583000000000084,-3.6999999999999993,-4.400000000000006,-0.7000000000000028,-0.02199999999999991,-0.29999999999999716,-1.7999999999999972,-1.1000000000000014,1.5,-2.299999999999997,0.6000000000000085,-12.283999999999999,-5.0,-2.651520000000005,-18.871000000000002,0.016000000000000014,2
2017,1145,8,Xavier,604,11,59,Gonzaga,658,1,83,0,15.3189,114.744,99.4255,17.2,114.5,97.3,0.867,51.6,51.8,18.6,17.8,35.2,75.0,41.2,33.7,32.401,1.6,1.708,61.847,61.76471,33.0538,120.711,87.6571,31.8,119.8,88.0,0.972,58.0,41.6,15.9,17.7,29.9,74.6,38.2,26.0,19.459,7.7,1.78,68.782,96.9697,-17.734900000000003,-5.966999999999999,11.7684,-14.600000000000001,-5.299999999999997,9.299999999999997,-0.10499999999999998,-6.399999999999999,10.199999999999996,2.700000000000001,0.10000000000000142,5.300000000000004,0.4000000000000057,12.942000000000004,-6.1,-35.20499,-6.934999999999995,-0.07200000000000006,10
2017,1147,8,South Carolina,623,7,77,Florida,661,4,70,1,17.0302,105.546,88.5163,16.9,105.2,88.3,0.882,46.7,45.0,19.0,24.5,33.8,68.4,39.9,46.7,27.468,1.7,1.537,50.958,67.74194,26.3891,115.851,89.4618,26.4,115.7,89.3,0.952,51.5,45.6,16.6,21.1,31.9,70.8,40.4,33.9,33.955,6.3,1.974,70.37,75.0,-9.358899999999998,-10.304999999999993,-0.9454999999999956,-9.5,-10.5,-1.0,-0.06999999999999995,-4.799999999999997,-0.6000000000000014,2.3999999999999986,3.3999999999999986,1.8999999999999986,-2.3999999999999915,-6.486999999999998,-4.6,-7.25806,-19.412000000000006,-0.43700000000000006,3
2017,1149,16,Kentucky,651,2,86,UCLA,618,3,75,1,27.2664,119.139,91.8728,27.7,119.2,91.5,0.954,53.2,47.4,16.0,19.4,34.0,72.8,41.7,34.7,30.841,9.0,0.935,86.539,85.29412,22.9515,122.757,99.8057,22.5,121.7,99.2,0.913,59.5,48.4,15.4,16.2,29.4,71.7,26.9,25.8,23.941,6.7,1.438,77.967,87.87879,4.3149000000000015,-3.618000000000009,-7.932900000000004,5.199999999999999,-2.5,-7.700000000000003,0.040999999999999925,-6.299999999999997,-1.0,0.5999999999999996,3.1999999999999993,4.600000000000001,1.0999999999999943,6.900000000000002,2.3,-2.5846699999999885,8.572000000000003,-0.5029999999999999,-1
2017,1151,16,Butler,667,4,80,North Carolina,638,1,92,0,20.9097,117.971,97.0613,20.5,117.5,97.0,0.901,54.6,50.7,15.1,20.1,28.1,72.2,36.2,37.5,32.565,5.5,2.01,48.146,74.19355,28.0091,122.075,94.0654,27.9,121.0,93.1,0.953,52.3,48.5,16.4,18.7,42.0,74.9,33.1,31.4,35.516,8.3,1.917,88.126,78.78788,-7.099399999999999,-4.103999999999999,2.995900000000006,-7.399999999999999,-3.5,3.9000000000000057,-0.051999999999999935,2.3000000000000043,2.200000000000003,-1.299999999999999,1.4000000000000021,-13.899999999999999,-2.700000000000003,-2.9510000000000005,-2.8000000000000007,-4.594329999999999,-39.980000000000004,0.09299999999999975,3
2017,1153,16,Michigan,646,7,68,Oregon,631,3,69,0,22.618,121.592,98.9742,23.7,121.6,97.9,0.924,56.9,51.7,14.6,20.1,25.3,70.6,30.5,27.5,31.879,3.8,2.007,64.639,68.57143,23.8276,117.728,93.9002,22.3,116.0,93.7,0.921,55.6,46.1,17.0,20.1,32.0,70.2,34.4,26.6,23.71,6.0,1.779,56.758,84.84848,-1.2096000000000018,3.8640000000000043,5.073999999999998,1.3999999999999986,5.599999999999994,4.200000000000003,0.0030000000000000027,1.2999999999999972,5.600000000000001,-2.4000000000000004,0.0,-6.699999999999999,0.3999999999999915,8.169,-2.2,-16.27704999999999,7.880999999999993,0.2280000000000002,4
2017,1155,16,Purdue,628,4,66,Kansas,654,1,98,0,24.2236,116.912,92.6889,23.8,116.1,92.3,0.933,55.7,46.7,18.4,17.0,30.9,75.5,34.3,22.7,29.59,5.6,1.555,67.524,78.125,25.975,120.833,94.8585,26.0,120.4,94.4,0.943,55.9,47.9,18.1,18.6,34.3,69.6,36.8,30.8,35.994,11.0,1.763,75.629,87.5,-1.7514000000000003,-3.9209999999999923,-2.1696000000000026,-2.1999999999999993,-4.300000000000011,-2.1000000000000085,-0.009999999999999898,-0.19999999999999574,-1.1999999999999957,0.29999999999999716,-1.6000000000000014,-3.3999999999999986,5.900000000000006,-6.404,-5.4,-9.375,-8.105000000000004,-0.20799999999999996,3
2017,1157,16,Arizona,671,2,71,Xavier,604,11,73,0,22.7427,117.585,94.8418,22.0,116.3,94.3,0.918,53.7,47.1,17.0,17.7,33.3,73.8,41.0,29.2,25.711,7.9,1.133,71.921,88.23529,15.3189,114.744,99.4255,17.2,114.5,97.3,0.867,51.6,51.8,18.6,17.8,35.2,75.0,41.2,33.7,32.401,1.6,1.708,61.847,61.76471,7.4238,2.840999999999994,-4.583699999999993,4.800000000000001,1.7999999999999972,-3.0,0.051000000000000045,2.1000000000000014,-4.699999999999996,-1.6000000000000014,-0.10000000000000142,-1.9000000000000057,-1.2000000000000028,-6.690000000000005,6.300000000000001,26.470580000000005,10.074000000000005,-0.575,-9
2017,1159,16,West Virginia,608,4,58,Gonzaga,658,1,61,0,26.7991,116.472,89.6731,26.3,116.1,89.8,0.951,51.8,48.7,16.9,28.1,37.7,67.6,38.2,42.2,32.564,6.4,1.953,43.642,76.47059,33.0538,120.711,87.6571,31.8,119.8,88.0,0.972,58.0,41.6,15.9,17.7,29.9,74.6,38.2,26.0,19.459,7.7,1.78,68.782,96.9697,-6.254700000000003,-4.239000000000004,2.0160000000000053,-5.5,-3.700000000000003,1.7999999999999972,-0.02100000000000002,-6.200000000000003,7.100000000000001,0.9999999999999982,10.400000000000002,7.800000000000004,-7.0,13.105,-1.2999999999999998,-20.49911,-25.139999999999993,0.17300000000000004,3
2017,1161,16,South Carolina,623,7,70,Baylor,669,3,50,1,17.0302,105.546,88.5163,16.9,105.2,88.3,0.882,46.7,45.0,19.0,24.5,33.8,68.4,39.9,46.7,27.468,1.7,1.537,50.958,67.74194,25.0078,117.289,92.281,23.5,116.0,92.5,0.931,52.7,45.2,20.7,16.9,40.0,70.3,34.2,30.4,37.002,7.9,1.908,43.215,77.41935,-7.977599999999999,-11.742999999999995,-3.764700000000005,-6.600000000000001,-10.799999999999997,-4.200000000000003,-0.049000000000000044,-6.0,-0.20000000000000284,-1.6999999999999993,7.600000000000001,-6.200000000000003,-1.8999999999999915,-9.534000000000002,-6.2,-9.677409999999995,7.742999999999995,-0.371,4
2017,1163,16,Florida,661,4,84,Wisconsin,605,8,83,1,26.3891,115.851,89.4618,26.4,115.7,89.3,0.952,51.5,45.6,16.6,21.1,31.9,70.8,40.4,33.9,33.955,6.3,1.974,70.37,75.0,22.2926,113.589,91.2963,22.0,113.5,91.5,0.923,51.7,47.3,16.8,19.9,35.5,74.6,32.0,26.4,31.468,5.1,2.056,56.744,73.52941,4.096499999999999,2.2620000000000005,-1.8345000000000056,4.399999999999999,2.200000000000003,-2.200000000000003,0.028999999999999915,-0.20000000000000284,-1.6999999999999957,-0.1999999999999993,1.2000000000000028,-3.6000000000000014,-3.799999999999997,2.4869999999999983,1.2000000000000002,1.4705900000000014,13.626000000000005,-0.08200000000000007,-4
2017,1165,32,Kentucky,651,2,65,Wichita St.,607,10,62,1,27.2664,119.139,91.8728,27.7,119.2,91.5,0.954,53.2,47.4,16.0,19.4,34.0,72.8,41.7,34.7,30.841,9.0,0.935,86.539,85.29412,26.4121,119.636,93.2236,24.1,116.9,92.8,0.934,54.7,43.9,15.9,19.8,33.9,75.8,40.9,35.2,17.09,4.1,1.45,40.472,87.87879,0.8543000000000021,-0.4969999999999999,-1.3508000000000067,3.599999999999998,2.299999999999997,-1.2999999999999972,0.019999999999999907,-1.5,3.5,0.09999999999999964,-0.40000000000000213,0.10000000000000142,-3.0,13.751000000000001,4.9,-2.5846699999999885,46.067,-0.5149999999999999,-8
2017,1167,32,UCLA,618,3,79,Cincinnati,666,6,67,1,22.9515,122.757,99.8057,22.5,121.7,99.2,0.913,59.5,48.4,15.4,16.2,29.4,71.7,26.9,25.8,23.941,6.7,1.438,77.967,87.87879,22.3165,114.215,91.8982,22.4,113.6,91.2,0.926,51.7,44.7,15.2,20.8,35.8,70.4,32.5,29.6,23.092,5.6,1.72,72.275,85.29412,0.634999999999998,8.542000000000002,7.907499999999999,0.10000000000000142,8.100000000000009,8.0,-0.013000000000000012,7.799999999999997,3.6999999999999957,0.20000000000000107,-4.600000000000001,-6.399999999999999,1.2999999999999972,0.8490000000000002,1.1000000000000005,2.5846699999999885,5.691999999999993,-0.28200000000000003,-3
2017,1169,32,Butler,667,4,74,Middle Tennessee,644,12,65,1,20.9097,117.971,97.0613,20.5,117.5,97.0,0.901,54.6,50.7,15.1,20.1,28.1,72.2,36.2,37.5,32.565,5.5,2.01,48.146,74.19355,14.6582,111.64,96.9823,14.1,110.4,96.3,0.828,54.3,47.4,15.6,20.2,30.2,75.7,29.7,37.9,12.053,2.0,2.099,17.718,87.87879,6.2515,6.331000000000003,0.07900000000000773,6.4,7.099999999999994,0.7000000000000028,0.07300000000000006,0.30000000000000426,3.3000000000000043,-0.5,-0.09999999999999787,-2.099999999999998,-3.5,20.511999999999997,3.5,-13.685239999999993,30.428,-0.08900000000000041,-8
2017,1171,32,Arkansas,670,8,65,North Carolina,638,1,72,0,15.5987,116.639,101.04,14.3,115.4,101.1,0.821,51.5,48.2,16.4,18.3,32.4,66.5,38.8,39.3,28.939,3.9,2.269,36.848,73.52941,28.0091,122.075,94.0654,27.9,121.0,93.1,0.953,52.3,48.5,16.4,18.7,42.0,74.9,33.1,31.4,35.516,8.3,1.917,88.126,78.78788,-12.410400000000001,-5.436000000000007,6.9746000000000095,-13.599999999999998,-5.599999999999994,8.0,-0.132,-0.7999999999999972,-0.29999999999999716,0.0,-0.3999999999999986,-9.600000000000001,-8.400000000000006,-6.576999999999998,-4.4,-5.258470000000003,-51.278000000000006,0.3520000000000001,7
2017,1173,32,Louisville,650,2,69,Michigan,646,7,73,0,26.7186,117.179,90.4602,26.5,116.2,89.7,0.952,51.4,45.1,16.1,19.8,36.3,71.3,34.8,39.8,35.79,6.9,1.588,71.596,75.0,22.618,121.592,98.9742,23.7,121.6,97.9,0.924,56.9,51.7,14.6,20.1,25.3,70.6,30.5,27.5,31.879,3.8,2.007,64.639,68.57143,4.1006,-4.412999999999997,-8.513999999999996,2.8000000000000007,-5.3999999999999915,-8.200000000000003,0.027999999999999914,-5.5,-6.600000000000001,1.5000000000000018,-0.3000000000000007,10.999999999999996,0.7000000000000028,3.910999999999998,3.1000000000000005,6.4285699999999935,6.957000000000008,-0.41900000000000004,-5
2017,1175,32,Oregon,631,3,75,Rhode Island,627,11,72,1,23.8276,117.728,93.9002,22.3,116.0,93.7,0.921,55.6,46.1,17.0,20.1,32.0,70.2,34.4,26.6,23.71,6.0,1.779,56.758,84.84848,15.6156,110.668,95.0527,15.3,110.2,94.9,0.848,50.7,44.7,16.6,19.5,33.1,70.7,39.6,45.4,20.094,0.4,1.795,64.496,72.72727,8.212,7.059999999999988,-1.1525000000000034,7.0,5.799999999999997,-1.2000000000000028,0.07300000000000006,4.899999999999999,1.3999999999999986,0.3999999999999986,0.6000000000000014,-1.1000000000000014,-0.5,3.6159999999999997,5.6,12.12120999999999,-7.737999999999992,-0.016000000000000014,-8
2017,1177,32,Purdue,628,4,80,Iowa St.,656,5,76,1,24.2236,116.912,92.6889,23.8,116.1,92.3,0.933,55.7,46.7,18.4,17.0,30.9,75.5,34.3,22.7,29.59,5.6,1.555,67.524,78.125,23.113,119.541,96.4283,22.5,118.1,95.6,0.919,54.8,49.0,14.1,20.0,26.1,68.0,27.6,25.7,39.139,6.5,2.508,54.193,69.69697,1.1106000000000016,-2.6289999999999907,-3.739399999999989,1.3000000000000007,-2.0,-3.299999999999997,0.014000000000000012,0.9000000000000057,-2.299999999999997,4.299999999999999,-3.0,4.799999999999997,7.5,-9.549000000000003,-0.9000000000000004,8.428030000000007,13.331000000000003,-0.9530000000000001,-1
2017,1179,32,Michigan St.,645,9,70,Kansas,654,1,90,0,14.9753,110.569,95.5936,15.1,109.7,94.6,0.846,53.9,46.3,20.7,16.1,29.3,72.7,33.8,35.1,33.378,0.4,1.115,70.413,57.57576,25.975,120.833,94.8585,26.0,120.4,94.4,0.943,55.9,47.9,18.1,18.6,34.3,69.6,36.8,30.8,35.994,11.0,1.763,75.629,87.5,-10.9997,-10.263999999999996,0.7350999999999885,-10.9,-10.700000000000003,0.19999999999998863,-0.09699999999999998,-2.0,-1.6000000000000014,2.599999999999998,-2.5,-4.9999999999999964,3.1000000000000085,-2.6159999999999997,-10.6,-29.924239999999998,-5.216000000000008,-0.6479999999999999,8
2017,1181,32,Arizona,671,2,69,Saint Mary's,626,7,60,1,22.7427,117.585,94.8418,22.0,116.3,94.3,0.918,53.7,47.1,17.0,17.7,33.3,73.8,41.0,29.2,25.711,7.9,1.133,71.921,88.23529,24.6377,118.894,94.2568,24.1,118.3,94.2,0.932,57.9,45.2,17.3,15.4,33.4,78.6,26.6,25.5,18.282,3.9,1.957,24.566,87.5,-1.8949999999999996,-1.3090000000000117,0.585000000000008,-2.1000000000000014,-2.0,0.09999999999999432,-0.014000000000000012,-4.199999999999996,1.8999999999999986,-0.3000000000000007,2.299999999999999,-0.10000000000000142,-4.799999999999997,7.4289999999999985,4.0,0.7352900000000062,47.355000000000004,-0.8240000000000001,-5
2017,1183,32,Florida St.,659,3,66,Xavier,604,11,91,0,22.7426,116.738,93.9951,21.7,116.0,94.3,0.915,53.9,47.4,16.3,19.8,34.0,69.6,37.7,37.3,32.378,5.9,1.262,70.581,75.75758,15.3189,114.744,99.4255,17.2,114.5,97.3,0.867,51.6,51.8,18.6,17.8,35.2,75.0,41.2,33.7,32.401,1.6,1.708,61.847,61.76471,7.4237,1.9939999999999998,-5.430400000000006,4.5,1.5,-3.0,0.04800000000000004,2.299999999999997,-4.399999999999999,-2.3000000000000007,2.0,-1.2000000000000028,-5.400000000000006,-0.02300000000000324,4.300000000000001,13.992870000000003,8.734000000000002,-0.44599999999999995,-8
2017,1185,32,West Virginia,608,4,83,Notre Dame,633,5,71,1,26.7991,116.472,89.6731,26.3,116.1,89.8,0.951,51.8,48.7,16.9,28.1,37.7,67.6,38.2,42.2,32.564,6.4,1.953,43.642,76.47059,21.0939,118.891,97.7973,23.1,119.5,96.4,0.922,54.0,49.0,13.9,18.8,27.4,69.0,28.2,26.6,34.028,5.9,2.068,65.922,73.52941,5.705199999999998,-2.419000000000011,-8.124200000000002,3.1999999999999993,-3.4000000000000057,-6.6000000000000085,0.028999999999999915,-2.200000000000003,-0.29999999999999716,2.9999999999999982,9.3,10.300000000000004,-1.4000000000000057,-1.4639999999999986,0.5,2.941180000000003,-22.279999999999994,-0.11499999999999999,-1
2017,1187,32,Northwestern,634,8,73,Gonzaga,658,1,79,0,15.511,111.189,95.6778,16.4,111.1,94.7,0.863,49.7,46.0,15.9,18.0,30.9,69.3,30.8,35.5,28.272,2.0,1.685,54.109,67.64706,33.0538,120.711,87.6571,31.8,119.8,88.0,0.972,58.0,41.6,15.9,17.7,29.9,74.6,38.2,26.0,19.459,7.7,1.78,68.782,96.9697,-17.542800000000003,-9.522000000000006,8.020700000000005,-15.400000000000002,-8.700000000000003,6.700000000000003,-0.10899999999999999,-8.299999999999997,4.399999999999999,0.0,0.3000000000000007,1.0,-5.299999999999997,8.812999999999999,-5.7,-29.322640000000007,-14.672999999999995,-0.09499999999999997,7
2017,1189,32,Duke,663,2,81,South Carolina,623,7,88,0,25.0887,120.988,95.8991,26.2,121.1,94.9,0.943,54.8,47.5,16.2,17.2,31.5,70.6,38.9,30.9,37.527,8.6,1.414,94.782,77.14286,17.0302,105.546,88.5163,16.9,105.2,88.3,0.882,46.7,45.0,19.0,24.5,33.8,68.4,39.9,46.7,27.468,1.7,1.537,50.958,67.74194,8.058499999999999,15.441999999999993,7.382800000000003,9.3,15.899999999999991,6.6000000000000085,0.06099999999999994,8.099999999999994,2.5,-2.8000000000000007,-7.300000000000001,-2.299999999999997,2.1999999999999886,10.059000000000001,6.8999999999999995,9.40092,43.824,-0.123,-5
2017,1191,32,Baylor,669,3,82,USC,616,11,78,1,25.0078,117.289,92.281,23.5,116.0,92.5,0.931,52.7,45.2,20.7,16.9,40.0,70.3,34.2,30.4,37.002,7.9,1.908,43.215,77.41935,12.3407,112.508,100.168,11.6,111.2,99.6,0.78,51.9,49.7,15.7,18.0,30.8,68.8,37.2,23.9,23.057,1.3,1.068,81.237,72.72727,12.6671,4.781000000000006,-7.8870000000000005,11.9,4.799999999999997,-7.099999999999994,0.15100000000000002,0.8000000000000043,-4.5,5.0,-1.1000000000000014,9.2,1.5,13.945000000000004,6.6000000000000005,4.69207999999999,-38.02199999999999,0.8399999999999999,-8
2017,1193,32,Florida,661,4,65,Virginia,611,5,39,1,26.3891,115.851,89.4618,26.4,115.7,89.3,0.952,51.5,45.6,16.6,21.1,31.9,70.8,40.4,33.9,33.955,6.3,1.974,70.37,75.0,26.6671,113.686,87.0194,27.4,114.1,86.7,0.959,52.9,45.7,15.6,21.0,28.7,75.8,25.7,34.0,35.989,5.0,1.562,71.089,68.75,-0.27800000000000225,2.164999999999992,2.442399999999992,-1.0,1.6000000000000085,2.5999999999999943,-0.007000000000000006,-1.3999999999999986,-0.10000000000000142,1.0000000000000018,0.10000000000000142,3.1999999999999993,-5.0,-2.033999999999999,1.2999999999999998,6.25,-0.7189999999999941,0.4119999999999999,-1
2017,1195,32,Wisconsin,605,8,65,Villanova,612,1,62,1,22.2926,113.589,91.2963,22.0,113.5,91.5,0.923,51.7,47.3,16.8,19.9,35.5,74.6,32.0,26.4,31.468,5.1,2.056,56.744,73.52941,30.7772,122.753,91.9756,30.0,122.2,92.2,0.962,57.9,48.1,17.1,20.2,29.6,72.4,35.3,21.8,30.578,11.1,1.845,75.837,91.17647,-8.4846,-9.164000000000001,-0.6792999999999978,-8.0,-8.700000000000003,-0.7000000000000028,-0.038999999999999924,-6.199999999999996,-0.8000000000000043,-0.3000000000000007,-0.3000000000000007,5.899999999999999,2.1999999999999886,0.8900000000000006,-6.0,-17.647059999999996,-19.093000000000004,0.21100000000000008,7
2017,1197,64,Northern Kentucky,635,15,70,Kentucky,651,2,79,0,1.33605,106.647,105.311,1.3,105.6,104.3,0.536,52.9,49.8,19.0,17.0,31.3,73.7,37.3,30.0,10.902,-4.9,1.277,10.36,68.75,27.2664,119.139,91.8728,27.7,119.2,91.5,0.954,53.2,47.4,16.0,19.4,34.0,72.8,41.7,34.7,30.841,9.0,0.935,86.539,85.29412,-25.93035,-12.49199999999999,13.438200000000009,-26.4,-13.600000000000009,12.799999999999997,-0.4179999999999999,-0.30000000000000426,2.3999999999999986,3.0,-2.3999999999999986,-2.6999999999999993,0.9000000000000057,-19.939,-13.9,-16.544120000000007,-76.179,0.34199999999999986,13
2017,1199,64,Wichita St.,607,10,64,Dayton,664,7,58,1,26.4121,119.636,93.2236,24.1,116.9,92.8,0.934,54.7,43.9,15.9,19.8,33.9,75.8,40.9,35.2,17.09,4.1,1.45,40.472,87.87879,15.6735,112.3,96.6262,14.0,110.5,96.5,0.826,54.2,47.7,17.1,20.8,25.8,73.0,43.7,34.6,19.632,1.5,2.164,40.751,76.66667,10.738599999999998,7.3359999999999985,-3.4025999999999925,10.100000000000001,6.400000000000006,-3.700000000000003,0.1080000000000001,0.5,-3.8000000000000043,-1.200000000000001,-1.0,8.099999999999998,2.799999999999997,-2.5420000000000016,2.5999999999999996,11.212119999999999,-0.27899999999999636,-0.7140000000000002,3
2017,1201,64,Kent St.,652,14,80,UCLA,618,3,97,0,1.73415,104.421,102.687,1.3,103.8,102.5,0.536,48.1,49.6,18.1,19.3,38.1,70.0,33.0,34.2,11.162,-7.2,1.629,14.694,61.76471,22.9515,122.757,99.8057,22.5,121.7,99.2,0.913,59.5,48.4,15.4,16.2,29.4,71.7,26.9,25.8,23.941,6.7,1.438,77.967,87.87879,-21.21735,-18.336,2.881299999999996,-21.2,-17.900000000000006,3.299999999999997,-0.377,-11.399999999999999,1.2000000000000028,2.700000000000001,3.1000000000000014,8.700000000000003,-1.7000000000000028,-12.778999999999998,-13.9,-26.114079999999994,-63.272999999999996,0.19100000000000006,11
2017,1203,64,Kansas St.,653,11,61,Cincinnati,666,6,75,0,17.5538,112.038,94.4839,18.2,111.5,93.3,0.886,52.4,48.9,19.2,22.4,29.5,67.5,40.6,32.2,34.368,1.7,1.595,45.961,60.60606,22.3165,114.215,91.8982,22.4,113.6,91.2,0.926,51.7,44.7,15.2,20.8,35.8,70.4,32.5,29.6,23.092,5.6,1.72,72.275,85.29412,-4.762700000000002,-2.1770000000000067,2.5857000000000028,-4.199999999999999,-2.0999999999999943,2.0999999999999943,-0.040000000000000036,0.6999999999999957,4.199999999999996,4.0,1.5999999999999979,-6.299999999999997,-2.9000000000000057,11.276000000000003,-3.8999999999999995,-24.688060000000007,-26.314000000000007,-0.125,5
2017,1205,64,Winthrop,606,13,64,Butler,667,4,76,0,4.62694,106.436,101.809,3.7,105.4,101.7,0.601,53.7,46.4,17.9,18.7,27.0,71.3,38.9,33.8,9.847,-1.8,2.203,5.374,80.0,20.9097,117.971,97.0613,20.5,117.5,97.0,0.901,54.6,50.7,15.1,20.1,28.1,72.2,36.2,37.5,32.565,5.5,2.01,48.146,74.19355,-16.28276,-11.534999999999997,4.747699999999995,-16.8,-12.099999999999994,4.700000000000003,-0.30000000000000004,-0.8999999999999986,-4.300000000000004,2.799999999999999,-1.4000000000000021,-1.1000000000000014,-0.9000000000000057,-22.717999999999996,-7.3,5.806449999999998,-42.772,0.19300000000000006,9
2017,1207,64,Middle Tennessee,644,12,81,Minnesota,643,5,72,1,14.6582,111.64,96.9823,14.1,110.4,96.3,0.828,54.3,47.4,15.6,20.2,30.2,75.7,29.7,37.9,12.053,2.0,2.099,17.718,87.87879,16.5907,109.574,92.9833,16.5,108.3,91.8,0.87,48.6,44.9,16.2,17.7,30.1,70.0,39.5,28.7,28.647,3.7,1.272,59.566,72.72727,-1.9324999999999974,2.0660000000000025,3.9989999999999952,-2.4000000000000004,2.1000000000000085,4.5,-0.04200000000000004,5.699999999999996,2.5,-0.5999999999999996,2.5,0.09999999999999787,5.700000000000003,-16.593999999999998,-1.7000000000000002,15.15151999999999,-41.848,0.8270000000000002,7
2017,1209,64,Seton Hall,625,9,71,Arkansas,670,8,77,0,13.9487,109.8,95.8517,12.8,108.6,95.8,0.809,50.2,49.0,19.4,17.6,35.3,74.6,37.9,36.1,32.687,2.7,1.777,55.205,65.625,15.5987,116.639,101.04,14.3,115.4,101.1,0.821,51.5,48.2,16.4,18.3,32.4,66.5,38.8,39.3,28.939,3.9,2.269,36.848,73.52941,-1.6499999999999986,-6.838999999999999,-5.188300000000012,-1.5,-6.800000000000011,-5.299999999999997,-0.0119999999999999,-1.2999999999999972,0.7999999999999972,3.0,-0.6999999999999993,2.8999999999999986,8.099999999999994,3.7479999999999976,-1.1999999999999997,-7.904409999999999,18.357,-0.4920000000000002,1
2017,1211,64,Texas Southern,621,16,64,North Carolina,638,1,103,0,-3.66476,103.622,107.286,-4.9,101.7,106.6,0.368,48.2,48.9,16.6,19.3,32.3,65.6,44.9,32.2,15.142,-4.4,2.001,5.421,67.64706,28.0091,122.075,94.0654,27.9,121.0,93.1,0.953,52.3,48.5,16.4,18.7,42.0,74.9,33.1,31.4,35.516,8.3,1.917,88.126,78.78788,-31.67386,-18.453000000000003,13.220600000000005,-32.8,-19.299999999999997,13.5,-0.585,-4.099999999999994,0.3999999999999986,0.20000000000000284,0.6000000000000014,-9.700000000000003,-9.300000000000011,-20.374,-12.700000000000001,-11.140820000000005,-82.705,0.08399999999999985,15
2017,1213,64,Jacksonville St.,655,15,63,Louisville,650,2,78,0,0.583245,105.363,104.78,-0.9,104.0,104.9,0.475,52.4,49.3,20.7,16.8,31.5,72.0,33.8,34.8,12.694,-8.1,1.785,4.175,56.25,26.7186,117.179,90.4602,26.5,116.2,89.7,0.952,51.4,45.1,16.1,19.8,36.3,71.3,34.8,39.8,35.79,6.9,1.588,71.596,75.0,-26.135354999999997,-11.816000000000003,14.3198,-27.4,-12.200000000000003,15.200000000000003,-0.477,1.0,4.199999999999996,4.599999999999998,-3.0,-4.799999999999997,0.7000000000000028,-23.095999999999997,-15.0,-18.75,-67.421,0.19699999999999984,13
2017,1215,64,Oklahoma St.,632,10,91,Michigan,646,7,92,0,22.1043,124.834,102.73,23.7,125.1,101.4,0.918,53.8,52.8,18.3,20.8,38.0,67.8,37.8,45.6,38.667,3.3,1.534,54.425,61.29032,22.618,121.592,98.9742,23.7,121.6,97.9,0.924,56.9,51.7,14.6,20.1,25.3,70.6,30.5,27.5,31.879,3.8,2.007,64.639,68.57143,-0.5137,3.2420000000000044,3.755800000000008,0.0,3.5,3.5,-0.006000000000000005,-3.1000000000000014,1.0999999999999943,3.700000000000001,0.6999999999999993,12.7,-2.799999999999997,6.788,-0.5,-7.281110000000005,-10.213999999999999,-0.4730000000000001,3
2017,1217,64,Iona,657,14,77,Oregon,631,3,93,0,4.00176,110.197,106.195,3.4,108.7,105.3,0.59,53.4,49.6,16.5,18.0,26.9,68.3,31.2,33.4,12.569,-5.8,1.928,19.851,64.70588,23.8276,117.728,93.9002,22.3,116.0,93.7,0.921,55.6,46.1,17.0,20.1,32.0,70.2,34.4,26.6,23.71,6.0,1.779,56.758,84.84848,-19.82584,-7.530999999999992,12.294799999999995,-18.900000000000002,-7.299999999999997,11.599999999999994,-0.33100000000000007,-2.200000000000003,3.5,-0.5,-2.1000000000000014,-5.100000000000001,-1.9000000000000057,-11.141,-11.8,-20.1426,-36.907000000000004,0.14900000000000002,11
2017,1219,64,Rhode Island,627,11,84,Creighton,665,6,72,1,15.6156,110.668,95.0527,15.3,110.2,94.9,0.848,50.7,44.7,16.6,19.5,33.1,70.7,39.6,45.4,20.094,0.4,1.795,64.496,72.72727,19.5902,115.639,96.0487,20.3,115.6,95.3,0.902,58.0,50.0,17.1,19.6,24.1,70.3,27.9,28.6,29.959,4.3,1.718,45.608,72.72727,-3.974599999999999,-4.970999999999989,-0.9959999999999951,-5.0,-5.3999999999999915,-0.3999999999999915,-0.05400000000000005,-7.299999999999997,-5.299999999999997,-0.5,-0.10000000000000142,9.0,0.4000000000000057,-9.864999999999998,-3.9,0.0,18.887999999999998,0.07699999999999996,5
2017,1221,64,Vermont,613,13,70,Purdue,628,4,80,0,11.8847,110.832,98.9477,10.9,109.5,98.6,0.77,55.4,48.2,17.1,19.7,30.1,73.1,34.9,26.6,12.311,0.7,1.935,6.681,84.84848,24.2236,116.912,92.6889,23.8,116.1,92.3,0.933,55.7,46.7,18.4,17.0,30.9,75.5,34.3,22.7,29.59,5.6,1.555,67.524,78.125,-12.3389,-6.0800000000000125,6.258799999999994,-12.9,-6.599999999999994,6.299999999999997,-0.16300000000000003,-0.30000000000000426,1.5,-1.2999999999999972,2.6999999999999993,-0.7999999999999972,-2.4000000000000057,-17.279,-4.8999999999999995,6.723479999999995,-60.843,0.3800000000000001,9
2017,1223,64,Nevada,641,12,73,Iowa St.,656,5,84,0,13.3415,114.477,101.135,12.4,113.5,101.1,0.791,52.7,47.9,15.7,15.9,30.6,73.8,41.8,28.1,15.312,1.7,1.63,31.488,82.35294,23.113,119.541,96.4283,22.5,118.1,95.6,0.919,54.8,49.0,14.1,20.0,26.1,68.0,27.6,25.7,39.139,6.5,2.508,54.193,69.69697,-9.7715,-5.063999999999993,4.706700000000012,-10.1,-4.599999999999994,5.5,-0.128,-2.0999999999999943,-1.1000000000000014,1.5999999999999996,-4.1,4.5,5.799999999999997,-23.827000000000005,-4.8,12.65597000000001,-22.705,-0.8780000000000001,7
2017,1225,64,Michigan St.,645,9,78,Miami FL,647,8,58,1,14.9753,110.569,95.5936,15.1,109.7,94.6,0.846,53.9,46.3,20.7,16.1,29.3,72.7,33.8,35.1,33.378,0.4,1.115,70.413,57.57576,16.9602,110.386,93.4254,18.4,110.7,92.3,0.89,51.2,47.2,19.6,18.3,33.7,72.1,34.3,28.8,33.96,2.9,1.45,74.813,65.625,-1.9848999999999997,0.18300000000000693,2.168199999999999,-3.299999999999999,-1.0,2.299999999999997,-0.04400000000000004,2.6999999999999957,-0.9000000000000057,1.0999999999999979,-2.1999999999999993,-4.400000000000002,0.6000000000000085,-0.5820000000000007,-2.5,-8.049239999999998,-4.400000000000006,-0.33499999999999996,1
2017,1227,64,UC Davis,619,16,62,Kansas,654,1,100,0,-4.75235,97.8508,102.603,-3.1,97.9,101.0,0.411,48.7,48.4,20.2,20.0,29.6,71.7,41.1,33.6,9.044,-7.5,2.206,5.789,62.5,25.975,120.833,94.8585,26.0,120.4,94.4,0.943,55.9,47.9,18.1,18.6,34.3,69.6,36.8,30.8,35.994,11.0,1.763,75.629,87.5,-30.72735,-22.98219999999999,7.744499999999988,-29.1,-22.5,6.599999999999994,-0.532,-7.199999999999996,0.5,2.099999999999998,1.3999999999999986,-4.699999999999996,2.1000000000000085,-26.95,-18.5,-25.0,-69.84,0.44300000000000006,15
2017,1229,64,North Dakota,636,15,82,Arizona,671,2,100,0,-0.31127,102.854,103.166,-0.5,102.1,102.6,0.486,53.4,50.3,18.7,20.0,26.2,72.1,36.6,39.4,8.396,-5.3,1.823,0.2,67.85714,22.7427,117.585,94.8418,22.0,116.3,94.3,0.918,53.7,47.1,17.0,17.7,33.3,73.8,41.0,29.2,25.711,7.9,1.133,71.921,88.23529,-23.05397,-14.730999999999995,8.32419999999999,-22.5,-14.200000000000003,8.299999999999997,-0.43200000000000005,-0.30000000000000426,3.1999999999999957,1.6999999999999993,2.3000000000000007,-7.099999999999998,-1.7000000000000028,-17.314999999999998,-13.2,-20.378150000000005,-71.721,0.69,13
2017,1231,64,VCU,614,10,77,Saint Mary's,626,7,85,0,14.3025,110.018,95.716,12.1,107.9,95.8,0.797,51.1,47.1,17.9,21.0,31.4,72.5,36.3,39.8,18.914,1.3,2.26,42.055,76.47059,24.6377,118.894,94.2568,24.1,118.3,94.2,0.932,57.9,45.2,17.3,15.4,33.4,78.6,26.6,25.5,18.282,3.9,1.957,24.566,87.5,-10.335199999999999,-8.876000000000005,1.4591999999999956,-12.000000000000002,-10.399999999999991,1.5999999999999943,-0.135,-6.799999999999997,1.8999999999999986,0.5999999999999979,5.6,-2.0,-6.099999999999994,0.6320000000000014,-2.5999999999999996,-11.029409999999999,17.489,0.3029999999999997,3
2017,1233,64,Florida Gulf Coast,660,14,80,Florida St.,659,3,86,0,5.016,109.563,104.547,4.6,108.5,103.9,0.622,54.1,49.1,18.1,17.3,34.6,70.4,34.0,34.8,12.991,-1.7,1.801,28.624,76.66667,22.7426,116.738,93.9951,21.7,116.0,94.3,0.915,53.9,47.4,16.3,19.8,34.0,69.6,37.7,37.3,32.378,5.9,1.262,70.581,75.75758,-17.726599999999998,-7.174999999999997,10.551900000000003,-17.1,-7.5,9.600000000000009,-0.29300000000000004,0.20000000000000284,1.7000000000000028,1.8000000000000007,-2.5,0.6000000000000014,0.8000000000000114,-19.387,-7.6000000000000005,0.909089999999992,-41.95700000000001,0.5389999999999999,11
2017,1235,64,Xavier,604,11,76,Maryland,648,6,65,1,15.3189,114.744,99.4255,17.2,114.5,97.3,0.867,51.6,51.8,18.6,17.8,35.2,75.0,41.2,33.7,32.401,1.6,1.708,61.847,61.76471,14.838,113.565,98.7271,15.6,113.0,97.4,0.847,52.6,47.1,19.1,17.9,30.6,67.7,38.6,32.2,27.505,3.7,1.171,72.827,74.19355,0.4809000000000001,1.179000000000002,0.6984000000000066,1.5999999999999996,1.5,-0.10000000000000853,0.020000000000000018,-1.0,4.699999999999996,-0.5,-0.09999999999999787,4.600000000000001,7.299999999999997,4.896000000000004,-2.1,-12.428840000000001,-10.979999999999997,0.5369999999999999,5
2017,1237,64,Bucknell,668,13,80,West Virginia,608,4,86,0,8.71601,109.074,100.358,7.9,107.5,99.6,0.706,55.4,48.0,18.8,19.7,26.8,72.6,37.2,32.7,12.194,-2.1,1.413,0.2,76.47059,26.7991,116.472,89.6731,26.3,116.1,89.8,0.951,51.8,48.7,16.9,28.1,37.7,67.6,38.2,42.2,32.564,6.4,1.953,43.642,76.47059,-18.08309,-7.397999999999996,10.684899999999999,-18.4,-8.599999999999994,9.799999999999997,-0.245,3.6000000000000014,-0.7000000000000028,1.9000000000000021,-8.400000000000002,-10.900000000000002,5.0,-20.369999999999997,-8.5,0.0,-43.442,-0.54,9
2017,1239,64,Princeton,630,12,58,Notre Dame,633,5,60,0,12.5002,109.396,96.8962,11.5,108.1,96.6,0.785,53.5,48.9,15.2,20.6,24.2,75.3,24.9,31.7,13.417,-0.4,2.006,8.705,78.57143,21.0939,118.891,97.7973,23.1,119.5,96.4,0.922,54.0,49.0,13.9,18.8,27.4,69.0,28.2,26.6,34.028,5.9,2.068,65.922,73.52941,-8.593700000000002,-9.495000000000005,-0.9011000000000138,-11.600000000000001,-11.400000000000006,0.19999999999998863,-0.137,-0.5,-0.10000000000000142,1.299999999999999,1.8000000000000007,-3.1999999999999993,6.299999999999997,-20.610999999999997,-6.300000000000001,5.042020000000008,-57.217,-0.06200000000000028,7
2017,1241,64,Vanderbilt,615,9,66,Northwestern,634,8,68,0,16.2376,112.303,96.065,17.6,112.8,95.2,0.876,52.3,47.9,18.3,16.0,25.0,72.9,34.9,30.6,33.443,0.1,1.834,53.364,55.88235,15.511,111.189,95.6778,16.4,111.1,94.7,0.863,49.7,46.0,15.9,18.0,30.9,69.3,30.8,35.5,28.272,2.0,1.685,54.109,67.64706,0.7266000000000012,1.1140000000000043,0.3871999999999929,1.2000000000000028,1.7000000000000028,0.5,0.013000000000000012,2.5999999999999943,1.8999999999999986,2.4000000000000004,-2.0,-5.899999999999999,3.6000000000000085,5.170999999999999,-1.9,-11.764709999999994,-0.7450000000000045,0.14900000000000002,1
2017,1243,64,South Dakota St.,622,16,46,Gonzaga,658,1,66,0,-1.33359,110.782,112.116,-3.1,108.6,111.7,0.42,53.8,54.0,18.3,16.3,27.4,71.2,40.6,27.1,13.118,-9.8,1.779,6.456,50.0,33.0538,120.711,87.6571,31.8,119.8,88.0,0.972,58.0,41.6,15.9,17.7,29.9,74.6,38.2,26.0,19.459,7.7,1.78,68.782,96.9697,-34.38739,-9.929000000000002,24.4589,-34.9,-11.200000000000003,23.700000000000003,-0.552,-4.200000000000003,12.399999999999999,2.4000000000000004,-1.3999999999999986,-2.5,-3.3999999999999915,-6.340999999999999,-17.5,-46.9697,-62.32599999999999,-0.001000000000000112,15
2017,1245,64,Troy,620,15,65,Duke,663,2,87,0,2.67571,109.892,107.217,1.8,108.8,107.0,0.548,51.8,49.9,17.6,17.7,30.6,70.4,40.6,32.6,11.532,-8.1,2.045,10.042,58.82353,25.0887,120.988,95.8991,26.2,121.1,94.9,0.943,54.8,47.5,16.2,17.2,31.5,70.6,38.9,30.9,37.527,8.6,1.414,94.782,77.14286,-22.41299,-11.096000000000004,11.317899999999995,-24.4,-12.299999999999997,12.099999999999994,-0.3949999999999999,-3.0,2.3999999999999986,1.4000000000000021,0.5,-0.8999999999999986,-0.19999999999998863,-25.995,-16.7,-18.31933,-84.74,0.631,13
2017,1247,64,Marquette,649,10,73,South Carolina,623,7,93,0,17.5711,120.943,103.371,19.8,121.4,101.6,0.886,57.6,51.9,17.1,18.5,27.3,71.1,31.1,35.9,30.575,0.6,1.671,76.631,61.29032,17.0302,105.546,88.5163,16.9,105.2,88.3,0.882,46.7,45.0,19.0,24.5,33.8,68.4,39.9,46.7,27.468,1.7,1.537,50.958,67.74194,0.5409000000000006,15.396999999999991,14.854699999999994,2.900000000000002,16.200000000000003,13.299999999999997,0.0040000000000000036,10.899999999999999,6.899999999999999,-1.8999999999999986,-6.0,-6.4999999999999964,2.6999999999999886,3.1069999999999993,-1.1,-6.451619999999998,25.673000000000002,0.13400000000000012,3
2017,1249,64,New Mexico St.,640,14,73,Baylor,669,3,91,0,7.31463,110.052,102.738,7.2,109.0,101.8,0.687,52.8,47.4,19.7,19.2,36.0,71.7,44.1,35.3,10.347,-0.3,1.778,1.948,83.33333,25.0078,117.289,92.281,23.5,116.0,92.5,0.931,52.7,45.2,20.7,16.9,40.0,70.3,34.2,30.4,37.002,7.9,1.908,43.215,77.41935,-17.69317,-7.236999999999995,10.456999999999994,-16.3,-7.0,9.299999999999997,-0.244,0.09999999999999432,2.1999999999999957,-1.0,2.3000000000000007,-4.0,1.4000000000000057,-26.655,-8.200000000000001,5.913980000000009,-41.267,-0.1299999999999999,11
2017,1251,64,USC,616,11,66,SMU,624,6,65,1,12.3407,112.508,100.168,11.6,111.2,99.6,0.78,51.9,49.7,15.7,18.0,30.8,68.8,37.2,23.9,23.057,1.3,1.068,81.237,72.72727,25.2591,120.073,94.8141,25.1,118.8,93.7,0.939,54.7,45.7,17.0,18.3,37.5,73.7,36.5,24.5,22.062,6.4,1.875,64.748,88.23529,-12.9184,-7.564999999999998,5.35390000000001,-13.500000000000002,-7.599999999999994,5.8999999999999915,-0.15899999999999992,-2.8000000000000043,4.0,-1.3000000000000007,-0.3000000000000007,-6.699999999999999,-4.900000000000006,0.9949999999999974,-5.1000000000000005,-15.508020000000002,16.48899999999999,-0.8069999999999999,5
2017,1253,64,East Tennessee St.,662,13,65,Florida,661,4,80,0,11.4836,107.974,96.4902,10.1,106.9,96.8,0.758,56.1,48.5,20.6,22.0,30.0,72.9,43.8,37.8,13.051,-0.7,2.526,10.643,78.125,26.3891,115.851,89.4618,26.4,115.7,89.3,0.952,51.5,45.6,16.6,21.1,31.9,70.8,40.4,33.9,33.955,6.3,1.974,70.37,75.0,-14.9055,-7.876999999999995,7.028400000000005,-16.299999999999997,-8.799999999999997,7.5,-0.19399999999999995,4.600000000000001,2.8999999999999986,4.0,0.8999999999999986,-1.8999999999999986,2.1000000000000085,-20.903999999999996,-7.0,3.125,-59.727000000000004,0.5519999999999998,9
2017,1255,64,UNC Wilmington,617,12,71,Virginia,611,5,76,0,12.3867,117.706,105.319,12.5,117.1,104.6,0.786,55.2,53.1,13.9,20.3,32.5,71.2,30.9,39.4,13.569,1.5,2.068,5.2,84.375,26.6671,113.686,87.0194,27.4,114.1,86.7,0.959,52.9,45.7,15.6,21.0,28.7,75.8,25.7,34.0,35.989,5.0,1.562,71.089,68.75,-14.280400000000002,4.019999999999996,18.299599999999998,-14.899999999999999,3.0,17.89999999999999,-0.17299999999999993,2.3000000000000043,7.399999999999999,-1.6999999999999993,-0.6999999999999993,3.8000000000000007,-4.599999999999994,-22.419999999999995,-3.5,15.625,-65.889,0.506,7
2017,1257,64,Virginia Tech,610,9,74,Wisconsin,605,8,84,0,14.9395,117.358,102.419,15.0,116.4,101.4,0.83,57.0,50.9,17.2,16.6,23.4,70.1,40.5,26.9,32.173,3.3,1.923,67.076,68.75,22.2926,113.589,91.2963,22.0,113.5,91.5,0.923,51.7,47.3,16.8,19.9,35.5,74.6,32.0,26.4,31.468,5.1,2.056,56.744,73.52941,-7.3530999999999995,3.7690000000000055,11.122699999999995,-7.0,2.9000000000000057,9.900000000000006,-0.09300000000000008,5.299999999999997,3.6000000000000014,0.3999999999999986,-3.299999999999997,-12.100000000000001,-4.5,0.7050000000000018,-1.7999999999999998,-4.779409999999999,10.331999999999994,-0.133,1
2017,1259,64,Mount St. Mary's,642,16,56,Villanova,612,1,76,0,-4.23312,98.9775,103.211,-3.4,98.2,101.6,0.403,50.9,49.6,19.2,21.7,23.0,65.5,32.8,33.3,15.979,-7.9,1.461,4.25,55.88235,30.7772,122.753,91.9756,30.0,122.2,92.2,0.962,57.9,48.1,17.1,20.2,29.6,72.4,35.3,21.8,30.578,11.1,1.845,75.837,91.17647,-35.01032,-23.775499999999994,11.235399999999998,-33.4,-24.0,9.399999999999991,-0.5589999999999999,-7.0,1.5,2.099999999999998,1.5,-6.600000000000001,-6.900000000000006,-14.599,-19.0,-35.29411999999999,-71.587,-0.3839999999999999,15
2018,1261,2,Villanova,678,1,79,Michigan,710,3,62,1,31.4091,127.384,95.9749,32.3,127.7,95.4,0.966,59.7,49.2,14.6,18.5,28.8,73.3,28.6,25.5,32.489,10.6,1.313,80.592,88.23529,23.1909,115.9,92.7095,21.8,114.3,92.5,0.919,54.4,48.4,13.9,19.4,26.0,75.6,30.3,30.2,32.027,6.9,1.626,56.368,79.41176,8.2182,11.483999999999995,3.2653999999999996,10.499999999999996,13.400000000000006,2.9000000000000057,0.04699999999999993,5.300000000000004,0.8000000000000043,0.6999999999999993,-0.8999999999999986,2.8000000000000007,-2.299999999999997,0.4619999999999962,3.6999999999999993,8.823530000000005,24.223999999999997,-0.31299999999999994,-2
2018,1263,4,Kansas,718,1,79,Villanova,678,1,95,0,23.2388,120.933,97.6938,26.0,121.7,95.7,0.941,58.1,48.5,16.6,18.5,29.1,68.3,26.2,24.8,34.024,8.2,1.783,80.44,79.41176,31.4091,127.384,95.9749,32.3,127.7,95.4,0.966,59.7,49.2,14.6,18.5,28.8,73.3,28.6,25.5,32.489,10.6,1.313,80.592,88.23529,-8.170299999999997,-6.450999999999993,1.7188999999999908,-6.299999999999997,-6.0,0.29999999999999716,-0.025000000000000022,-1.6000000000000014,-0.7000000000000028,2.0000000000000018,0.0,0.3000000000000007,-5.0,1.5350000000000037,-2.4000000000000004,-8.823530000000005,-0.15200000000000102,0.47,0
2018,1265,4,Michigan,710,3,69,Loyola Chicago,713,11,57,1,23.1909,115.9,92.7095,21.8,114.3,92.5,0.919,54.4,48.4,13.9,19.4,26.0,75.6,30.3,30.2,32.027,6.9,1.626,56.368,79.41176,15.1402,111.331,96.1911,12.2,109.0,96.8,0.797,57.8,47.3,18.8,20.0,22.1,74.1,33.2,25.7,14.914,2.0,1.803,16.801,84.375,8.050699999999999,4.569000000000003,-3.4816000000000003,9.600000000000001,5.299999999999997,-4.299999999999997,0.122,-3.3999999999999986,1.1000000000000014,-4.9,-0.6000000000000014,3.8999999999999986,1.5,17.113,4.9,-4.963239999999999,39.56700000000001,-0.17700000000000005,-8
2018,1267,8,Duke,725,2,81,Kansas,718,1,85,0,29.1348,122.602,93.467,29.3,123.2,93.9,0.958,56.0,46.0,17.7,16.9,39.1,70.8,34.9,22.0,31.36,6.6,0.688,92.943,78.78788,23.2388,120.933,97.6938,26.0,121.7,95.7,0.941,58.1,48.5,16.6,18.5,29.1,68.3,26.2,24.8,34.024,8.2,1.783,80.44,79.41176,5.895999999999997,1.668999999999997,-4.226799999999997,3.3000000000000007,1.5,-1.7999999999999972,0.017000000000000015,-2.1000000000000014,-2.5,1.0999999999999979,-1.6000000000000014,10.0,2.5,-2.6640000000000015,-1.5999999999999996,-0.6238799999999998,12.503,-1.095,1
2018,1269,8,Texas Tech,682,3,59,Villanova,678,1,71,0,21.9424,114.03,92.0873,21.8,112.9,91.1,0.922,52.7,46.7,18.1,22.0,33.3,71.6,40.3,38.1,31.897,4.7,1.786,36.705,72.72727,31.4091,127.384,95.9749,32.3,127.7,95.4,0.966,59.7,49.2,14.6,18.5,28.8,73.3,28.6,25.5,32.489,10.6,1.313,80.592,88.23529,-9.4667,-13.354,-3.887600000000006,-10.499999999999996,-14.799999999999997,-4.300000000000011,-0.04399999999999993,-7.0,-2.5,3.5000000000000018,3.5,4.4999999999999964,-1.7000000000000028,-0.5919999999999987,-5.8999999999999995,-15.508020000000002,-43.887,0.4730000000000001,2
2018,1271,8,Michigan,710,3,58,Florida St.,723,9,54,1,23.1909,115.9,92.7095,21.8,114.3,92.5,0.919,54.4,48.4,13.9,19.4,26.0,75.6,30.3,30.2,32.027,6.9,1.626,56.368,79.41176,15.8239,115.822,99.9984,16.1,114.5,98.4,0.851,53.9,48.9,17.6,19.1,33.2,69.9,36.1,30.7,29.762,1.0,1.607,59.86,64.51613,7.366999999999999,0.07800000000000296,-7.288899999999998,5.699999999999999,-0.20000000000000284,-5.900000000000006,0.06800000000000006,0.5,-0.5,-3.700000000000001,0.29999999999999716,-7.200000000000003,5.699999999999989,2.2650000000000006,5.9,14.895629999999997,-3.4919999999999973,0.018999999999999906,-6
2018,1273,8,Loyola Chicago,713,11,78,Kansas St.,717,9,62,1,15.1402,111.331,96.1911,12.2,109.0,96.8,0.797,57.8,47.3,18.8,20.0,22.1,74.1,33.2,25.7,14.914,2.0,1.803,16.801,84.375,14.7543,112.178,97.4236,16.5,112.3,95.8,0.862,53.5,49.5,17.2,21.4,26.1,67.8,33.6,36.6,31.68,2.6,1.344,47.73,66.66667,0.38589999999999947,-0.8469999999999942,-1.2324999999999875,-4.300000000000001,-3.299999999999997,1.0,-0.06499999999999995,4.299999999999997,-2.200000000000003,1.6000000000000014,-1.3999999999999986,-4.0,6.299999999999997,-16.766,-0.6000000000000001,17.708330000000004,-30.929,0.45899999999999985,2
2018,1275,16,Duke,725,2,69,Syracuse,688,11,65,1,29.1348,122.602,93.467,29.3,123.2,93.9,0.958,56.0,46.0,17.7,16.9,39.1,70.8,34.9,22.0,31.36,6.6,0.688,92.943,78.78788,13.5929,107.705,94.1122,13.3,106.3,93.0,0.823,47.2,46.8,19.1,19.6,35.1,70.7,40.2,31.3,29.15,-0.4,0.961,81.271,60.60606,15.541899999999998,14.897000000000006,-0.6452000000000027,16.0,16.900000000000006,0.9000000000000057,0.135,8.799999999999997,-0.7999999999999972,-1.4000000000000021,-2.700000000000003,4.0,0.09999999999999432,2.210000000000001,7.0,18.181820000000002,11.671999999999997,-0.273,-9
2018,1277,16,Clemson,729,5,76,Kansas,718,1,80,0,20.2693,113.774,93.5052,17.9,111.6,93.7,0.882,52.7,47.6,17.9,17.7,27.4,73.3,34.1,27.0,31.364,4.0,2.022,54.866,71.875,23.2388,120.933,97.6938,26.0,121.7,95.7,0.941,58.1,48.5,16.6,18.5,29.1,68.3,26.2,24.8,34.024,8.2,1.783,80.44,79.41176,-2.9695,-7.159000000000006,-4.188599999999994,-8.100000000000001,-10.100000000000009,-2.0,-0.05899999999999994,-5.399999999999999,-0.8999999999999986,1.2999999999999972,-0.8000000000000007,-1.7000000000000028,5.0,-2.66,-4.199999999999999,-7.536760000000001,-25.573999999999998,0.23899999999999988,4
2018,1279,16,Purdue,696,2,65,Texas Tech,682,3,78,0,26.6663,123.248,96.5818,29.2,123.6,94.4,0.957,58.1,46.8,15.6,17.7,27.7,71.8,36.1,23.8,30.493,7.6,2.106,59.458,82.35294,21.9424,114.03,92.0873,21.8,112.9,91.1,0.922,52.7,46.7,18.1,22.0,33.3,71.6,40.3,38.1,31.897,4.7,1.786,36.705,72.72727,4.7239,9.218000000000004,4.494500000000002,7.399999999999999,10.699999999999989,3.3000000000000114,0.03499999999999992,5.399999999999999,0.09999999999999432,-2.5000000000000018,-4.300000000000001,-5.599999999999998,0.20000000000000284,-1.404,2.8999999999999995,9.62567,22.753,0.31999999999999984,-1
2018,1281,16,West Virginia,675,5,78,Villanova,678,1,90,0,21.7748,119.151,97.3766,23.8,119.1,95.3,0.929,50.3,49.6,16.5,23.3,36.6,70.0,31.2,44.1,33.146,4.6,1.669,38.54,70.58824,31.4091,127.384,95.9749,32.3,127.7,95.4,0.966,59.7,49.2,14.6,18.5,28.8,73.3,28.6,25.5,32.489,10.6,1.313,80.592,88.23529,-9.6343,-8.233000000000004,1.401699999999991,-8.499999999999996,-8.600000000000009,-0.10000000000000853,-0.03699999999999992,-9.400000000000006,0.3999999999999986,1.9000000000000004,4.800000000000001,7.800000000000001,-3.299999999999997,0.6570000000000036,-6.0,-17.647050000000007,-42.052,0.3560000000000001,4
2018,1283,16,Texas A&M,684,7,72,Michigan,710,3,99,0,16.9086,111.204,94.2949,16.7,110.3,93.6,0.869,51.1,46.4,19.2,15.9,34.3,71.7,32.0,29.0,33.417,1.9,1.551,82.201,62.5,23.1909,115.9,92.7095,21.8,114.3,92.5,0.919,54.4,48.4,13.9,19.4,26.0,75.6,30.3,30.2,32.027,6.9,1.626,56.368,79.41176,-6.282299999999999,-4.696000000000012,1.5853999999999928,-5.100000000000001,-4.0,1.0999999999999943,-0.050000000000000044,-3.299999999999997,-2.0,5.299999999999999,-3.4999999999999982,8.299999999999997,-3.8999999999999915,1.3900000000000006,-5.0,-16.91176,25.83299999999999,-0.07499999999999996,4
2018,1285,16,Gonzaga,721,4,60,Florida St.,723,9,75,0,24.7352,119.824,95.0891,23.1,118.3,95.2,0.924,57.7,46.9,16.0,17.4,33.0,77.3,30.9,29.4,19.117,4.9,1.51,73.63,88.23529,15.8239,115.822,99.9984,16.1,114.5,98.4,0.851,53.9,48.9,17.6,19.1,33.2,69.9,36.1,30.7,29.762,1.0,1.607,59.86,64.51613,8.911299999999999,4.001999999999995,-4.909300000000002,7.0,3.799999999999997,-3.200000000000003,0.07300000000000006,3.8000000000000043,-2.0,-1.6000000000000014,-1.7000000000000028,-0.20000000000000284,7.3999999999999915,-10.645,3.9000000000000004,23.719160000000002,13.769999999999996,-0.09699999999999998,-5
2018,1287,16,Nevada,705,7,68,Loyola Chicago,713,11,69,0,18.1814,119.901,101.72,16.5,118.0,101.5,0.85,54.9,49.2,13.9,18.2,27.4,70.9,37.1,30.7,19.663,2.5,2.161,57.081,79.41176,15.1402,111.331,96.1911,12.2,109.0,96.8,0.797,57.8,47.3,18.8,20.0,22.1,74.1,33.2,25.7,14.914,2.0,1.803,16.801,84.375,3.0412,8.569999999999993,5.528899999999993,4.300000000000001,9.0,4.700000000000003,0.052999999999999936,-2.8999999999999986,1.9000000000000057,-4.9,-1.8000000000000007,5.299999999999997,-3.1999999999999886,4.7490000000000006,0.5,-4.963239999999999,40.28,0.3580000000000001,-4
2018,1289,16,Kentucky,716,5,58,Kansas St.,717,9,61,0,20.4069,116.426,96.019,19.4,115.1,95.7,0.893,51.7,46.9,18.6,17.1,35.6,68.7,42.8,32.2,31.972,4.3,0.189,95.962,70.58824,14.7543,112.178,97.4236,16.5,112.3,95.8,0.862,53.5,49.5,17.2,21.4,26.1,67.8,33.6,36.6,31.68,2.6,1.344,47.73,66.66667,5.6526,4.248000000000005,-1.4045999999999879,2.8999999999999986,2.799999999999997,-0.09999999999999432,0.031000000000000028,-1.7999999999999972,-2.6000000000000014,1.4000000000000021,-4.299999999999997,9.5,0.9000000000000057,0.2920000000000016,1.6999999999999997,3.9215700000000027,48.232000000000006,-1.155,-4
2018,1291,32,Duke,725,2,87,Rhode Island,694,7,62,1,29.1348,122.602,93.467,29.3,123.2,93.9,0.958,56.0,46.0,17.7,16.9,39.1,70.8,34.9,22.0,31.36,6.6,0.688,92.943,78.78788,14.3818,111.71,97.328,13.7,110.2,96.5,0.822,51.5,50.1,15.5,22.9,31.0,72.5,30.5,40.7,19.269,1.6,2.171,56.579,78.125,14.752999999999998,10.89200000000001,-3.861000000000004,15.600000000000001,13.0,-2.5999999999999943,0.136,4.5,-4.100000000000001,2.1999999999999993,-6.0,8.100000000000001,-1.7000000000000028,12.091000000000001,5.0,0.6628800000000012,36.364,-1.4829999999999999,-5
2018,1293,32,Michigan St.,709,3,53,Syracuse,688,11,55,0,26.3461,119.983,93.6364,25.7,119.4,93.7,0.942,57.8,42.6,19.2,14.5,36.1,73.2,36.3,29.2,27.212,8.0,1.323,84.499,87.87879,13.5929,107.705,94.1122,13.3,106.3,93.0,0.823,47.2,46.8,19.1,19.6,35.1,70.7,40.2,31.3,29.15,-0.4,0.961,81.271,60.60606,12.7532,12.278000000000006,-0.47580000000000666,12.399999999999999,13.100000000000009,0.7000000000000028,0.119,10.599999999999994,-4.199999999999996,0.09999999999999787,-5.100000000000001,1.0,2.5,-1.9379999999999988,8.4,27.272729999999996,3.2279999999999944,0.362,-8
2018,1295,32,Auburn,735,4,53,Clemson,729,5,84,0,20.6348,118.196,97.5614,19.9,117.0,97.1,0.895,51.8,49.5,16.7,20.8,33.0,71.7,39.9,38.4,25.991,4.3,1.241,58.941,78.125,20.2693,113.774,93.5052,17.9,111.6,93.7,0.882,52.7,47.6,17.9,17.7,27.4,73.3,34.1,27.0,31.364,4.0,2.022,54.866,71.875,0.36549999999999727,4.421999999999997,4.056200000000004,2.0,5.400000000000006,3.3999999999999915,0.013000000000000012,-0.9000000000000057,1.8999999999999986,-1.1999999999999993,3.1000000000000014,5.600000000000001,-1.5999999999999943,-5.373000000000001,0.2999999999999998,6.25,4.075000000000003,-0.7809999999999997,-1
2018,1297,32,Seton Hall,692,8,79,Kansas,718,1,83,0,17.3352,116.335,98.9994,19.1,116.5,97.4,0.887,52.8,49.9,17.9,17.9,34.2,71.5,34.6,28.9,32.678,2.5,2.043,61.137,65.625,23.2388,120.933,97.6938,26.0,121.7,95.7,0.941,58.1,48.5,16.6,18.5,29.1,68.3,26.2,24.8,34.024,8.2,1.783,80.44,79.41176,-5.903600000000001,-4.598000000000013,1.3055999999999983,-6.899999999999999,-5.200000000000003,1.7000000000000028,-0.05399999999999994,-5.300000000000004,1.3999999999999986,1.2999999999999972,-0.6000000000000014,5.100000000000001,3.200000000000003,-1.3460000000000036,-5.699999999999999,-13.786760000000001,-19.302999999999997,0.26000000000000023,7
2018,1299,32,Purdue,696,2,76,Butler,732,10,73,1,26.6663,123.248,96.5818,29.2,123.6,94.4,0.957,58.1,46.8,15.6,17.7,27.7,71.8,36.1,23.8,30.493,7.6,2.106,59.458,82.35294,17.8667,115.758,97.8916,19.9,115.4,95.5,0.898,53.8,52.0,15.7,19.8,27.3,75.3,26.3,35.1,35.194,1.7,1.614,52.743,60.60606,8.799599999999998,7.490000000000009,-1.3097999999999956,9.3,8.199999999999989,-1.0999999999999943,0.05899999999999994,4.300000000000004,-5.200000000000003,-0.09999999999999964,-2.1000000000000014,0.3999999999999986,-3.5,-4.701000000000004,5.8999999999999995,21.746880000000004,6.714999999999996,0.49199999999999977,-8
2018,1301,32,Texas Tech,682,3,69,Florida,724,6,66,1,21.9424,114.03,92.0873,21.8,112.9,91.1,0.922,52.7,46.7,18.1,22.0,33.3,71.6,40.3,38.1,31.897,4.7,1.786,36.705,72.72727,18.7137,115.14,96.4262,20.8,116.0,95.2,0.907,51.1,48.9,14.3,20.1,28.8,69.2,33.1,31.7,31.853,1.4,1.885,69.428,62.5,3.2287,-1.1099999999999994,-4.338899999999995,1.0,-3.0999999999999943,-4.1000000000000085,0.015000000000000013,1.6000000000000014,-2.1999999999999957,3.8000000000000007,1.8999999999999986,4.4999999999999964,2.3999999999999915,0.04399999999999693,3.3000000000000003,10.227270000000004,-32.723,-0.09899999999999998,-3
2018,1303,32,Marshall,712,13,71,West Virginia,675,5,94,0,5.38402,109.328,103.944,4.4,107.8,103.4,0.618,54.9,49.7,17.2,18.2,22.3,68.4,32.9,29.0,16.115,-2.5,1.443,2.18,69.69697,21.7748,119.151,97.3766,23.8,119.1,95.3,0.929,50.3,49.6,16.5,23.3,36.6,70.0,31.2,44.1,33.146,4.6,1.669,38.54,70.58824,-16.39078,-9.822999999999993,6.567400000000006,-19.4,-11.299999999999997,8.100000000000009,-0.31100000000000005,4.600000000000001,0.10000000000000142,0.6999999999999993,-5.100000000000001,-14.3,-1.5999999999999943,-17.031000000000002,-7.1,-0.8912700000000058,-36.36,-0.22599999999999998,8
2018,1305,32,Alabama,739,9,58,Villanova,678,1,81,0,13.8252,108.459,94.6334,12.2,107.0,94.8,0.801,51.6,47.2,20.1,18.7,29.1,69.4,41.5,36.8,30.311,-1.1,0.744,73.914,55.88235,31.4091,127.384,95.9749,32.3,127.7,95.4,0.966,59.7,49.2,14.6,18.5,28.8,73.3,28.6,25.5,32.489,10.6,1.313,80.592,88.23529,-17.5839,-18.924999999999997,-1.3415000000000106,-20.099999999999998,-20.700000000000003,-0.6000000000000085,-0.16499999999999992,-8.100000000000001,-2.0,5.500000000000002,0.1999999999999993,0.3000000000000007,-3.8999999999999915,-2.1779999999999973,-11.7,-32.352940000000004,-6.677999999999997,-0.569,8
2018,1307,32,North Carolina,703,2,65,Texas A&M,684,7,86,0,25.0348,121.959,96.9241,24.4,121.2,96.8,0.93,52.3,50.1,16.8,16.2,38.4,74.0,28.6,25.8,39.014,7.1,1.844,77.447,71.42857,16.9086,111.204,94.2949,16.7,110.3,93.6,0.869,51.1,46.4,19.2,15.9,34.3,71.7,32.0,29.0,33.417,1.9,1.551,82.201,62.5,8.1262,10.75500000000001,2.6291999999999973,7.699999999999999,10.900000000000006,3.200000000000003,0.061000000000000054,1.1999999999999957,3.700000000000003,-2.3999999999999986,0.29999999999999893,4.100000000000001,2.299999999999997,5.597000000000001,5.199999999999999,8.928569999999993,-4.753999999999991,0.29300000000000015,-5
2018,1309,32,Michigan,710,3,64,Houston,720,6,63,1,23.1909,115.9,92.7095,21.8,114.3,92.5,0.919,54.4,48.4,13.9,19.4,26.0,75.6,30.3,30.2,32.027,6.9,1.626,56.368,79.41176,20.5396,115.787,95.2473,19.5,114.6,95.1,0.895,53.9,45.8,17.8,19.4,34.7,74.2,32.2,41.1,20.996,2.4,2.125,24.411,78.78788,2.651299999999999,0.11299999999999955,-2.53779999999999,2.3000000000000007,-0.29999999999999716,-2.5999999999999943,0.02400000000000002,0.5,2.6000000000000014,-3.9000000000000004,0.0,-8.700000000000003,1.3999999999999915,11.031000000000002,4.5,0.6238799999999998,31.957,-0.4990000000000001,-3
2018,1311,32,Gonzaga,721,4,90,Ohio St.,700,5,84,1,24.7352,119.824,95.0891,23.1,118.3,95.2,0.924,57.7,46.9,16.0,17.4,33.0,77.3,30.9,29.4,19.117,4.9,1.51,73.63,88.23529,21.1094,116.15,95.0408,22.5,116.1,93.6,0.923,54.4,48.3,17.3,18.0,30.3,75.1,31.5,29.0,29.904,4.5,1.815,59.776,75.0,3.625799999999998,3.6739999999999924,0.04829999999999757,0.6000000000000014,2.200000000000003,1.6000000000000085,0.0010000000000000009,3.3000000000000043,-1.3999999999999986,-1.3000000000000007,-0.6000000000000014,2.6999999999999993,2.200000000000003,-10.786999999999999,0.40000000000000036,13.235290000000006,13.853999999999992,-0.30499999999999994,-1
2018,1313,32,Florida St.,723,9,75,Xavier,672,1,70,1,15.8239,115.822,99.9984,16.1,114.5,98.4,0.851,53.9,48.9,17.6,19.1,33.2,69.9,36.1,30.7,29.762,1.0,1.607,59.86,64.51613,21.6909,120.74,99.0492,24.1,121.4,97.3,0.927,55.7,50.0,17.0,15.7,30.0,77.1,40.2,24.8,31.853,8.8,1.844,76.28,84.84848,-5.866999999999999,-4.917999999999992,0.9492000000000047,-8.0,-6.900000000000006,1.1000000000000085,-0.07600000000000007,-1.8000000000000043,-1.1000000000000014,0.6000000000000014,3.400000000000002,3.200000000000003,-7.199999999999989,-2.091000000000001,-7.800000000000001,-20.33234999999999,-16.42,-0.2370000000000001,8
2018,1315,32,Cincinnati,730,2,73,Nevada,705,7,75,0,26.9966,113.155,86.158,24.6,111.1,86.5,0.947,51.6,42.8,17.3,22.3,38.1,71.3,36.8,27.4,21.576,5.9,1.731,63.963,88.23529,18.1814,119.901,101.72,16.5,118.0,101.5,0.85,54.9,49.2,13.9,18.2,27.4,70.9,37.1,30.7,19.663,2.5,2.161,57.081,79.41176,8.8152,-6.745999999999995,-15.561999999999998,8.100000000000001,-6.900000000000006,-15.0,0.09699999999999998,-3.299999999999997,-6.400000000000006,3.4000000000000004,4.100000000000001,10.700000000000003,0.3999999999999915,1.9130000000000003,3.4000000000000004,8.823530000000005,6.881999999999998,-0.42999999999999994,-5
2018,1317,32,Tennessee,686,3,62,Loyola Chicago,713,11,63,0,22.1486,114.839,92.6901,22.0,114.3,92.3,0.921,50.7,46.8,18.0,20.6,33.6,68.5,36.5,38.3,32.934,6.4,1.393,47.881,75.75758,15.1402,111.331,96.1911,12.2,109.0,96.8,0.797,57.8,47.3,18.8,20.0,22.1,74.1,33.2,25.7,14.914,2.0,1.803,16.801,84.375,7.008399999999998,3.5079999999999956,-3.5010000000000048,9.8,5.299999999999997,-4.5,0.124,-7.099999999999994,-0.5,-0.8000000000000007,0.6000000000000014,11.5,-5.599999999999994,18.019999999999996,4.4,-8.617419999999996,31.080000000000002,-0.4099999999999999,-8
2018,1319,32,Buffalo,733,13,75,Kentucky,716,5,95,0,10.4931,114.284,103.791,11.0,113.6,102.6,0.763,54.8,48.5,16.6,18.2,32.0,71.4,30.3,40.4,14.057,-1.3,1.751,10.891,75.75758,20.4069,116.426,96.019,19.4,115.1,95.7,0.893,51.7,46.9,18.6,17.1,35.6,68.7,42.8,32.2,31.972,4.3,0.189,95.962,70.58824,-9.9138,-2.141999999999996,7.771999999999991,-8.399999999999999,-1.5,6.8999999999999915,-0.13,3.0999999999999943,1.6000000000000014,-2.0,1.0999999999999979,-3.6000000000000014,2.700000000000003,-17.915,-5.6,5.169340000000005,-85.071,1.5619999999999998,8
2018,1321,32,Kansas St.,717,9,50,UMBC,680,16,43,1,14.7543,112.178,97.4236,16.5,112.3,95.8,0.862,53.5,49.5,17.2,21.4,26.1,67.8,33.6,36.6,31.68,2.6,1.344,47.73,66.66667,-1.9086,103.389,105.297,-3.0,102.5,105.5,0.418,52.2,52.1,16.9,20.7,26.4,71.0,30.0,31.1,11.536,-4.9,1.951,10.296,67.74194,16.6629,8.789000000000001,-7.873400000000004,19.5,9.799999999999997,-9.700000000000003,0.444,1.2999999999999972,-2.6000000000000014,0.3000000000000007,0.6999999999999993,-0.29999999999999716,-3.200000000000003,20.144,7.5,-1.0752700000000033,37.434,-0.607,-7
2018,1323,64,Iona,719,15,67,Duke,725,2,89,0,2.87263,110.261,107.388,1.5,108.8,107.3,0.54,54.1,52.1,16.0,18.8,24.4,69.5,30.4,29.2,11.688,-7.3,2.223,0.2,60.60606,29.1348,122.602,93.467,29.3,123.2,93.9,0.958,56.0,46.0,17.7,16.9,39.1,70.8,34.9,22.0,31.36,6.6,0.688,92.943,78.78788,-26.262169999999998,-12.341000000000008,13.921000000000006,-27.8,-14.400000000000006,13.399999999999991,-0.4179999999999999,-1.8999999999999986,6.100000000000001,-1.6999999999999993,1.9000000000000021,-14.700000000000003,-1.2999999999999972,-19.671999999999997,-13.899999999999999,-18.181820000000002,-92.743,1.535,13
2018,1325,64,Oklahoma,699,10,78,Rhode Island,694,7,83,0,14.419,115.128,100.709,16.6,115.9,99.3,0.855,53.8,51.2,17.3,17.1,27.9,70.0,33.1,25.6,35.193,1.1,1.253,70.869,58.06452,14.3818,111.71,97.328,13.7,110.2,96.5,0.822,51.5,50.1,15.5,22.9,31.0,72.5,30.5,40.7,19.269,1.6,2.171,56.579,78.125,0.037200000000000344,3.4180000000000064,3.3810000000000002,2.900000000000002,5.700000000000003,2.799999999999997,0.03300000000000003,2.299999999999997,1.1000000000000014,1.8000000000000007,-5.799999999999997,-3.1000000000000014,-2.5,15.924,-0.5,-20.06048,14.29,-0.9179999999999999,3
2018,1327,64,Bucknell,734,14,78,Michigan St.,709,3,82,0,6.8137,109.182,102.368,5.7,107.6,101.9,0.652,54.0,47.6,17.1,17.1,27.2,72.6,42.4,34.4,12.477,-3.0,1.977,0.2,73.52941,26.3461,119.983,93.6364,25.7,119.4,93.7,0.942,57.8,42.6,19.2,14.5,36.1,73.2,36.3,29.2,27.212,8.0,1.323,84.499,87.87879,-19.5324,-10.801000000000002,8.7316,-20.0,-11.800000000000011,8.200000000000003,-0.2899999999999999,-3.799999999999997,5.0,-2.099999999999998,2.6000000000000014,-8.900000000000002,-0.6000000000000085,-14.735,-11.0,-14.349379999999996,-84.29899999999999,0.6540000000000001,11
2018,1329,64,Syracuse,688,11,57,TCU,687,6,52,1,13.5929,107.705,94.1122,13.3,106.3,93.0,0.823,47.2,46.8,19.1,19.6,35.1,70.7,40.2,31.3,29.15,-0.4,0.961,81.271,60.60606,18.9201,120.625,101.705,19.3,120.4,101.1,0.882,56.9,52.7,17.7,17.6,34.5,74.1,34.1,30.7,31.458,2.2,2.036,29.047,65.625,-5.327200000000001,-12.920000000000002,-7.592799999999997,-6.0,-14.100000000000009,-8.099999999999994,-0.05900000000000005,-9.699999999999996,-5.900000000000006,1.4000000000000021,2.0,0.6000000000000014,-3.3999999999999915,-2.308,-2.6,-5.018940000000001,52.224000000000004,-1.0750000000000002,5
2018,1331,64,College of Charleston,728,13,58,Auburn,735,4,62,0,4.73418,109.887,105.153,1.6,106.7,105.1,0.543,52.8,50.2,14.7,17.8,25.6,72.0,36.8,31.3,10.655,-2.1,2.061,4.156,77.41935,20.6348,118.196,97.5614,19.9,117.0,97.1,0.895,51.8,49.5,16.7,20.8,33.0,71.7,39.9,38.4,25.991,4.3,1.241,58.941,78.125,-15.900619999999998,-8.308999999999997,7.5916,-18.299999999999997,-10.299999999999997,8.0,-0.352,1.0,0.7000000000000028,-2.0,-3.0,-7.399999999999999,0.29999999999999716,-15.336,-6.4,-0.7056500000000057,-54.785000000000004,0.8199999999999998,9
2018,1333,64,New Mexico St.,704,12,68,Clemson,729,5,79,0,13.5573,108.457,94.9001,12.7,106.9,94.2,0.811,51.8,45.5,17.4,19.3,34.2,77.2,29.1,33.6,14.546,1.3,2.012,16.867,83.33333,20.2693,113.774,93.5052,17.9,111.6,93.7,0.882,52.7,47.6,17.9,17.7,27.4,73.3,34.1,27.0,31.364,4.0,2.022,54.866,71.875,-6.7120000000000015,-5.317000000000007,1.3948999999999927,-5.199999999999999,-4.699999999999989,0.5,-0.07099999999999995,-0.9000000000000057,-2.1000000000000014,-0.5,1.6000000000000014,6.800000000000004,3.9000000000000057,-16.818,-2.7,11.458330000000004,-37.998999999999995,-0.009999999999999787,7
2018,1335,64,North Carolina St.,701,9,83,Seton Hall,692,8,94,0,15.1323,116.426,101.294,13.7,114.8,101.1,0.812,53.3,51.5,16.9,20.7,33.6,68.1,33.9,32.6,28.427,0.9,1.734,43.838,65.625,17.3352,116.335,98.9994,19.1,116.5,97.4,0.887,52.8,49.9,17.9,17.9,34.2,71.5,34.6,28.9,32.678,2.5,2.043,61.137,65.625,-2.2028999999999996,0.09100000000000819,2.2946000000000026,-5.400000000000002,-1.7000000000000028,3.6999999999999886,-0.07499999999999996,0.5,1.6000000000000014,-1.0,2.8000000000000007,-0.6000000000000014,-3.4000000000000057,-4.250999999999998,-1.6,0.0,-17.299,-0.30900000000000016,1
2018,1337,64,Penn,698,16,60,Kansas,718,1,76,0,3.69539,103.553,99.8577,5.5,103.1,97.6,0.653,53.0,46.9,16.6,17.1,24.2,77.3,33.6,31.9,10.435,-3.3,1.833,14.406,74.19355,23.2388,120.933,97.6938,26.0,121.7,95.7,0.941,58.1,48.5,16.6,18.5,29.1,68.3,26.2,24.8,34.024,8.2,1.783,80.44,79.41176,-19.54341,-17.38000000000001,2.163899999999998,-20.5,-18.60000000000001,1.8999999999999915,-0.2879999999999999,-5.100000000000001,-1.6000000000000014,0.0,-1.3999999999999986,-4.900000000000002,9.0,-23.589,-11.5,-5.218209999999999,-66.03399999999999,0.050000000000000044,15
2018,1339,64,Cal St. Fullerton,731,15,48,Purdue,696,2,74,0,1.3154,104.984,103.669,-1.2,102.6,103.8,0.467,52.0,48.3,20.6,18.4,26.5,71.1,46.0,34.8,12.991,-5.5,1.488,0.2,62.06897,26.6663,123.248,96.5818,29.2,123.6,94.4,0.957,58.1,46.8,15.6,17.7,27.7,71.8,36.1,23.8,30.493,7.6,2.106,59.458,82.35294,-25.3509,-18.26400000000001,7.087199999999996,-30.4,-21.0,9.399999999999991,-0.48999999999999994,-6.100000000000001,1.5,5.000000000000002,0.6999999999999993,-1.1999999999999993,-0.7000000000000028,-17.502,-13.1,-20.283970000000004,-59.257999999999996,-0.6179999999999999,13
2018,1341,64,Butler,732,10,79,Arkansas,736,7,62,1,17.8667,115.758,97.8916,19.9,115.4,95.5,0.898,53.8,52.0,15.7,19.8,27.3,75.3,26.3,35.1,35.194,1.7,1.614,52.743,60.60606,15.635,117.32,101.685,16.7,117.0,100.3,0.855,54.2,50.2,15.3,19.4,29.4,68.4,37.3,41.4,30.695,2.8,2.109,39.343,67.64706,2.231700000000002,-1.5619999999999976,-3.7934000000000054,3.1999999999999993,-1.5999999999999943,-4.799999999999997,0.04300000000000004,-0.4000000000000057,1.7999999999999972,0.3999999999999986,0.40000000000000213,-2.099999999999998,6.8999999999999915,4.499000000000002,-1.0999999999999999,-7.040999999999997,13.399999999999999,-0.4949999999999999,3
2018,1343,64,Stephen F. Austin,689,14,60,Texas Tech,682,3,70,0,5.56289,104.983,99.4206,5.8,104.1,98.3,0.659,53.4,49.7,20.8,26.1,32.7,71.4,40.0,50.5,9.583,-1.9,1.934,16.014,80.0,21.9424,114.03,92.0873,21.8,112.9,91.1,0.922,52.7,46.7,18.1,22.0,33.3,71.6,40.3,38.1,31.897,4.7,1.786,36.705,72.72727,-16.37951,-9.046999999999997,7.333299999999994,-16.0,-8.800000000000011,7.200000000000003,-0.263,0.6999999999999957,3.0,2.6999999999999993,4.100000000000001,-0.5999999999999943,-0.19999999999998863,-22.314,-6.6,7.272729999999996,-20.691,0.1479999999999999,11
2018,1345,64,St. Bonaventure,690,11,62,Florida,724,6,77,0,11.1954,112.288,101.093,9.8,110.4,100.6,0.744,52.3,48.9,16.3,20.4,30.1,70.4,39.9,39.3,18.499,1.4,2.209,5.279,78.125,18.7137,115.14,96.4262,20.8,116.0,95.2,0.907,51.1,48.9,14.3,20.1,28.8,69.2,33.1,31.7,31.853,1.4,1.885,69.428,62.5,-7.5183,-2.852000000000004,4.666800000000009,-11.0,-5.599999999999994,5.3999999999999915,-0.16300000000000003,1.1999999999999957,0.0,2.0,0.29999999999999716,1.3000000000000007,1.2000000000000028,-13.354000000000003,0.0,15.625,-64.149,0.32400000000000007,5
2018,1347,64,Marshall,712,13,81,Wichita St.,674,4,75,1,5.38402,109.328,103.944,4.4,107.8,103.4,0.618,54.9,49.7,17.2,18.2,22.3,68.4,32.9,29.0,16.115,-2.5,1.443,2.18,69.69697,20.068,121.925,101.857,18.9,120.4,101.5,0.877,55.3,49.3,16.4,16.4,35.2,77.3,35.1,33.1,24.125,3.4,2.303,38.199,78.125,-14.683980000000002,-12.596999999999994,2.0870000000000033,-14.499999999999998,-12.600000000000009,1.9000000000000057,-0.259,-0.3999999999999986,0.4000000000000057,0.8000000000000007,1.8000000000000007,-12.900000000000002,-8.899999999999991,-8.010000000000002,-5.9,-8.428030000000007,-36.019,-0.8599999999999999,9
2018,1349,64,Murray St.,706,12,68,West Virginia,675,5,85,0,12.6951,113.139,100.444,9.9,111.1,101.2,0.745,55.2,46.9,17.3,18.2,32.5,72.8,37.1,30.2,10.363,-0.4,1.887,0.2,82.75862,21.7748,119.151,97.3766,23.8,119.1,95.3,0.929,50.3,49.6,16.5,23.3,36.6,70.0,31.2,44.1,33.146,4.6,1.669,38.54,70.58824,-9.079699999999999,-6.0120000000000005,3.0674000000000063,-13.9,-8.0,5.900000000000006,-0.18400000000000005,4.900000000000006,-2.700000000000003,0.8000000000000007,-5.100000000000001,-4.100000000000001,2.799999999999997,-22.783,-5.0,12.170379999999994,-38.339999999999996,0.21799999999999997,7
2018,1351,64,Alabama,739,9,86,Virginia Tech,676,8,83,1,13.8252,108.459,94.6334,12.2,107.0,94.8,0.801,51.6,47.2,20.1,18.7,29.1,69.4,41.5,36.8,30.311,-1.1,0.744,73.914,55.88235,16.6388,115.016,98.3773,16.0,114.4,98.4,0.85,57.5,49.9,16.9,18.4,23.5,70.9,36.5,28.7,29.946,1.3,1.785,75.538,65.625,-2.813599999999999,-6.557000000000002,-3.7439000000000107,-3.8000000000000007,-7.400000000000006,-3.6000000000000085,-0.04899999999999993,-5.899999999999999,-2.6999999999999957,3.200000000000003,0.3000000000000007,5.600000000000001,-1.5,0.36499999999999844,-2.4000000000000004,-9.742649999999998,-1.6239999999999952,-1.041,1
2018,1353,64,Radford,695,16,61,Villanova,678,1,87,0,-0.04778,103.581,103.629,-1.7,101.8,103.5,0.453,49.4,49.5,18.6,20.2,32.2,71.7,31.6,31.4,12.213,-6.5,1.584,1.613,62.5,31.4091,127.384,95.9749,32.3,127.7,95.4,0.966,59.7,49.2,14.6,18.5,28.8,73.3,28.6,25.5,32.489,10.6,1.313,80.592,88.23529,-31.456879999999998,-23.802999999999997,7.6541,-34.0,-25.900000000000006,8.099999999999994,-0.5129999999999999,-10.300000000000004,0.29999999999999716,4.000000000000002,1.6999999999999993,3.400000000000002,-1.5999999999999943,-20.275999999999996,-17.1,-25.735290000000006,-78.979,0.27100000000000013,15
2018,1355,64,Lipscomb,715,15,66,North Carolina,703,2,84,0,0.363623,103.793,103.43,0.8,102.6,101.8,0.523,51.9,51.7,20.1,19.8,28.0,75.9,41.2,38.7,15.067,-3.2,1.601,5.68,68.96552,25.0348,121.959,96.9241,24.4,121.2,96.8,0.93,52.3,50.1,16.8,16.2,38.4,74.0,28.6,25.8,39.014,7.1,1.844,77.447,71.42857,-24.671177,-18.165999999999997,6.505900000000011,-23.599999999999998,-18.60000000000001,5.0,-0.40700000000000003,-0.3999999999999986,1.6000000000000014,3.3000000000000007,3.6000000000000014,-10.399999999999999,1.9000000000000057,-23.947000000000003,-10.3,-2.4630499999999955,-71.767,-0.2430000000000001,13
2018,1357,64,Providence,697,10,69,Texas A&M,684,7,73,0,11.9189,108.926,97.0075,12.2,108.7,96.5,0.797,49.6,50.1,17.6,18.9,29.4,71.1,39.2,31.4,34.553,1.9,1.894,60.949,61.76471,16.9086,111.204,94.2949,16.7,110.3,93.6,0.869,51.1,46.4,19.2,15.9,34.3,71.7,32.0,29.0,33.417,1.9,1.551,82.201,62.5,-4.989699999999999,-2.2779999999999916,2.712599999999995,-4.5,-1.5999999999999943,2.9000000000000057,-0.07199999999999995,-1.5,3.700000000000003,-1.5999999999999979,2.9999999999999982,-4.899999999999999,-0.6000000000000085,1.1359999999999957,0.0,-0.7352899999999991,-21.251999999999995,0.34299999999999997,3
2018,1359,64,Montana,707,14,47,Michigan,710,3,61,0,10.8304,110.144,99.3132,8.5,107.6,99.1,0.72,51.7,48.3,17.4,21.2,34.0,73.6,38.9,41.3,13.047,-1.1,1.738,16.392,77.41935,23.1909,115.9,92.7095,21.8,114.3,92.5,0.919,54.4,48.4,13.9,19.4,26.0,75.6,30.3,30.2,32.027,6.9,1.626,56.368,79.41176,-12.3605,-5.756,6.603699999999989,-13.3,-6.700000000000003,6.599999999999994,-0.19900000000000007,-2.6999999999999957,-0.10000000000000142,3.4999999999999982,1.8000000000000007,8.0,-2.0,-18.98,-8.0,-1.9924100000000067,-39.976,0.1120000000000001,11
2018,1361,64,San Diego St.,693,11,65,Houston,720,6,67,0,14.1504,111.286,97.1358,14.9,110.6,95.7,0.841,52.0,48.8,17.0,19.3,31.8,74.7,34.3,29.2,19.129,-1.5,1.608,61.723,67.74194,20.5396,115.787,95.2473,19.5,114.6,95.1,0.895,53.9,45.8,17.8,19.4,34.7,74.2,32.2,41.1,20.996,2.4,2.125,24.411,78.78788,-6.389200000000001,-4.501000000000005,1.8885000000000076,-4.6,-4.0,0.6000000000000085,-0.05400000000000005,-1.8999999999999986,3.0,-0.8000000000000007,-0.09999999999999787,-2.900000000000002,0.5,-1.8669999999999973,-3.9,-11.045940000000002,37.312,-0.5169999999999999,5
2018,1363,64,UNC Greensboro,679,13,64,Gonzaga,721,4,68,0,9.0562,105.672,96.6156,7.3,103.5,96.2,0.699,52.0,47.6,19.8,21.6,33.7,76.2,26.4,39.1,12.559,-1.6,1.785,0.208,77.41935,24.7352,119.824,95.0891,23.1,118.3,95.2,0.924,57.7,46.9,16.0,17.4,33.0,77.3,30.9,29.4,19.117,4.9,1.51,73.63,88.23529,-15.678999999999998,-14.152000000000001,1.5264999999999986,-15.8,-14.799999999999997,1.0,-0.2250000000000001,-5.700000000000003,0.7000000000000028,3.8000000000000007,4.200000000000003,0.7000000000000028,-1.0999999999999943,-6.558000000000002,-6.5,-10.815940000000012,-73.422,0.2749999999999999,9
2018,1365,64,South Dakota St.,691,12,73,Ohio St.,700,5,81,0,10.5907,114.629,104.038,12.4,114.0,101.6,0.79,54.5,50.2,13.8,14.3,24.7,77.1,35.8,25.5,15.634,0.6,2.117,2.923,80.0,21.1094,116.15,95.0408,22.5,116.1,93.6,0.923,54.4,48.3,17.3,18.0,30.3,75.1,31.5,29.0,29.904,4.5,1.815,59.776,75.0,-10.5187,-1.5210000000000008,8.997199999999992,-10.1,-2.0999999999999943,8.0,-0.133,0.10000000000000142,1.9000000000000057,-3.5,-3.6999999999999993,-5.600000000000001,2.0,-14.27,-3.9,5.0,-56.853,0.30200000000000005,7
2018,1367,64,Florida St.,723,9,67,Missouri,708,8,54,1,15.8239,115.822,99.9984,16.1,114.5,98.4,0.851,53.9,48.9,17.6,19.1,33.2,69.9,36.1,30.7,29.762,1.0,1.607,59.86,64.51613,15.4717,113.275,97.803,16.7,113.0,96.3,0.863,54.5,46.6,20.7,16.0,30.8,71.7,38.2,29.4,29.725,0.4,1.805,45.402,61.29032,0.35219999999999985,2.546999999999997,2.1954000000000065,-0.5999999999999979,1.5,2.1000000000000085,-0.01200000000000001,-0.6000000000000014,2.299999999999997,-3.099999999999998,3.1000000000000014,2.400000000000002,-1.7999999999999972,0.036999999999999034,0.6,3.2258100000000027,14.457999999999998,-0.19799999999999995,1
2018,1369,64,Texas Southern,683,16,83,Xavier,672,1,102,0,-7.659,105.281,112.94,-8.1,104.8,112.9,0.298,50.8,51.5,17.2,16.0,28.5,67.8,43.2,31.4,18.818,-10.9,2.025,30.177,44.11765,21.6909,120.74,99.0492,24.1,121.4,97.3,0.927,55.7,50.0,17.0,15.7,30.0,77.1,40.2,24.8,31.853,8.8,1.844,76.28,84.84848,-29.349899999999998,-15.458999999999989,13.890799999999999,-32.2,-16.60000000000001,15.600000000000009,-0.629,-4.900000000000006,1.5,0.1999999999999993,0.3000000000000007,-1.5,-9.299999999999997,-13.035,-19.700000000000003,-40.73083,-46.103,0.18099999999999983,15
2018,1371,64,Georgia St.,722,15,53,Cincinnati,730,2,68,0,7.20921,109.045,101.835,6.5,107.2,100.7,0.673,54.1,47.1,16.7,20.8,25.8,67.2,31.6,39.1,9.801,-5.1,1.916,31.565,68.75,26.9966,113.155,86.158,24.6,111.1,86.5,0.947,51.6,42.8,17.3,22.3,38.1,71.3,36.8,27.4,21.576,5.9,1.731,63.963,88.23529,-19.787390000000002,-4.109999999999999,15.676999999999992,-18.1,-3.8999999999999915,14.200000000000003,-0.2739999999999999,2.5,4.300000000000004,-0.6000000000000014,-1.5,-12.3,-4.099999999999994,-11.775,-11.0,-19.485290000000006,-32.397999999999996,0.18499999999999983,13
2018,1373,64,Texas,685,10,83,Nevada,705,7,87,0,15.4577,109.372,93.914,15.9,108.6,92.7,0.861,49.8,47.9,17.1,18.3,29.4,70.5,33.2,26.1,36.484,1.4,0.957,74.625,57.57576,18.1814,119.901,101.72,16.5,118.0,101.5,0.85,54.9,49.2,13.9,18.2,27.4,70.9,37.1,30.7,19.663,2.5,2.161,57.081,79.41176,-2.723699999999999,-10.528999999999996,-7.805999999999997,-0.5999999999999996,-9.400000000000006,-8.799999999999997,0.01100000000000001,-5.100000000000001,-1.3000000000000043,3.200000000000001,0.10000000000000142,2.0,-0.4000000000000057,16.821,-1.1,-21.836,17.543999999999997,-1.2040000000000002,3
2018,1375,64,Wright St.,673,14,47,Tennessee,686,3,73,0,2.81674,101.068,98.251,3.1,99.6,96.5,0.59,49.0,48.3,18.6,21.1,28.8,75.1,36.0,30.0,11.684,-3.5,1.455,0.375,71.875,22.1486,114.839,92.6901,22.0,114.3,92.3,0.921,50.7,46.8,18.0,20.6,33.6,68.5,36.5,38.3,32.934,6.4,1.393,47.881,75.75758,-19.33186,-13.771,5.560900000000004,-18.9,-14.700000000000003,4.200000000000003,-0.33100000000000007,-1.7000000000000028,1.5,0.6000000000000014,0.5,-4.800000000000001,6.599999999999994,-21.25,-9.9,-3.8825800000000044,-47.506,0.062000000000000055,11
2018,1377,64,Loyola Chicago,713,11,64,Miami FL,711,6,62,1,15.1402,111.331,96.1911,12.2,109.0,96.8,0.797,57.8,47.3,18.8,20.0,22.1,74.1,33.2,25.7,14.914,2.0,1.803,16.801,84.375,15.7103,113.309,97.5988,17.1,112.6,95.5,0.869,53.0,48.8,16.5,18.9,29.0,71.7,29.1,28.4,28.51,2.7,1.249,81.652,70.96774,-0.5701,-1.9779999999999944,-1.4076999999999913,-4.900000000000002,-3.5999999999999943,1.2999999999999972,-0.07199999999999995,4.799999999999997,-1.5,2.3000000000000007,1.1000000000000014,-6.899999999999999,2.3999999999999915,-13.596000000000002,-0.7000000000000002,13.407259999999994,-64.851,0.5539999999999998,5
2018,1379,64,Buffalo,733,13,89,Arizona,738,4,68,1,10.4931,114.284,103.791,11.0,113.6,102.6,0.763,54.8,48.5,16.6,18.2,32.0,71.4,30.3,40.4,14.057,-1.3,1.751,10.891,75.75758,19.3692,119.012,99.6425,17.3,117.4,100.1,0.862,56.6,49.3,17.6,16.7,33.2,75.0,37.6,31.8,22.509,3.8,1.51,82.727,79.41176,-8.8761,-4.727999999999994,4.1484999999999985,-6.300000000000001,-3.8000000000000114,2.5,-0.09899999999999998,-1.8000000000000043,-0.7999999999999972,-1.0,1.5,-1.2000000000000028,-3.5999999999999943,-8.452,-5.1,-3.6541799999999967,-71.836,0.24099999999999988,9
2018,1381,64,Davidson,726,12,73,Kentucky,716,5,78,0,14.9051,117.399,102.494,14.2,116.7,102.5,0.816,57.7,51.2,14.5,16.2,22.7,76.6,24.5,28.6,18.185,-2.9,1.744,20.885,65.625,20.4069,116.426,96.019,19.4,115.1,95.7,0.893,51.7,46.9,18.6,17.1,35.6,68.7,42.8,32.2,31.972,4.3,0.189,95.962,70.58824,-5.501800000000001,0.972999999999999,6.474999999999994,-5.199999999999999,1.6000000000000085,6.799999999999997,-0.07700000000000007,6.0,4.300000000000004,-4.100000000000001,-0.9000000000000021,-12.900000000000002,7.8999999999999915,-13.787000000000003,-7.199999999999999,-4.963239999999999,-75.077,1.555,7
2018,1383,64,Kansas St.,717,9,69,Creighton,727,8,59,1,14.7543,112.178,97.4236,16.5,112.3,95.8,0.862,53.5,49.5,17.2,21.4,26.1,67.8,33.6,36.6,31.68,2.6,1.344,47.73,66.66667,17.2792,116.454,99.1744,20.3,117.3,97.0,0.899,58.0,50.0,15.4,15.8,21.8,75.3,27.1,24.2,32.808,2.0,1.695,48.746,64.51613,-2.524899999999999,-4.275999999999996,-1.7508000000000123,-3.8000000000000007,-5.0,-1.2000000000000028,-0.03700000000000003,-4.5,-0.5,1.799999999999999,5.599999999999998,4.300000000000001,-7.5,-1.1280000000000001,0.6000000000000001,2.1505399999999923,-1.0160000000000053,-0.351,1
2018,1385,64,UMBC,680,16,74,Virginia,677,1,54,1,-1.9086,103.389,105.297,-3.0,102.5,105.5,0.418,52.2,52.1,16.9,20.7,26.4,71.0,30.0,31.1,11.536,-4.9,1.951,10.296,67.74194,32.1527,116.528,84.3753,30.2,115.2,85.0,0.971,52.9,43.7,14.1,21.0,27.4,74.3,24.8,26.2,30.429,11.3,1.72,71.072,93.93939,-34.0613,-13.13900000000001,20.9217,-33.2,-12.700000000000003,20.5,-0.5529999999999999,-0.6999999999999957,8.399999999999999,2.799999999999999,-0.3000000000000007,-1.0,-3.299999999999997,-18.893,-16.200000000000003,-26.197450000000003,-60.776,0.2310000000000001,15
2019,1387,2,Virginia ,745,1,85,Texas Tech,752,3,77,1,35.6552,123.571,87.9163,33.9,122.6,88.7,0.976,55.7,43.5,14.7,17.8,30.0,74.1,30.3,27.9,33.411,11.1,1.552,73.381,90.625,26.7476,112.694,85.9468,25.8,112.1,86.3,0.953,53.7,42.8,18.2,23.0,28.6,71.4,33.5,37.6,29.682,7.0,1.87,47.191,81.25,8.907600000000002,10.876999999999995,1.9695000000000107,8.099999999999998,10.5,2.4000000000000057,0.02300000000000002,2.0,0.7000000000000028,-3.5,-5.199999999999999,1.3999999999999986,2.6999999999999886,3.7290000000000028,4.1,9.375,26.189999999999998,-0.31800000000000006,-2
2019,1389,4,Auburn,805,5,62,Virginia ,745,1,63,0,23.3317,119.571,96.2397,23.5,119.4,95.9,0.926,54.2,51.8,17.5,25.3,32.7,67.1,31.0,36.6,32.322,6.1,2.174,57.754,73.52941,35.6552,123.571,87.9163,33.9,122.6,88.7,0.976,55.7,43.5,14.7,17.8,30.0,74.1,30.3,27.9,33.411,11.1,1.552,73.381,90.625,-12.3235,-4.0,8.323399999999992,-10.399999999999999,-3.1999999999999886,7.200000000000003,-0.04999999999999993,-1.5,8.299999999999997,2.8000000000000007,7.5,2.700000000000003,-7.0,-1.0889999999999986,-5.0,-17.09559,-15.627000000000002,0.6219999999999999,4
2019,1391,4,Texas Tech,752,3,61,Michigan St.,778,2,51,1,26.7476,112.694,85.9468,25.8,112.1,86.3,0.953,53.7,42.8,18.2,23.0,28.6,71.4,33.5,37.6,29.682,7.0,1.87,47.191,81.25,31.3607,121.729,90.3679,28.1,120.0,91.9,0.956,55.8,43.7,18.7,14.9,34.1,73.2,35.0,27.7,37.031,10.6,1.768,70.057,82.35294,-4.613100000000003,-9.034999999999997,-4.42110000000001,-2.3000000000000007,-7.900000000000006,-5.6000000000000085,-0.0030000000000000027,-2.0999999999999943,-0.9000000000000057,-0.5,8.1,-5.5,-1.7999999999999972,-7.349,-3.5999999999999996,-1.1029400000000038,-22.866,0.10200000000000009,1
2019,1393,8,Kentucky,785,2,71,Auburn,805,5,77,0,27.4133,118.223,90.8094,25.2,116.9,91.7,0.942,53.3,47.0,18.5,18.4,36.6,74.2,42.5,27.1,33.711,8.8,0.592,95.376,81.81818,23.3317,119.571,96.2397,23.5,119.4,95.9,0.926,54.2,51.8,17.5,25.3,32.7,67.1,31.0,36.6,32.322,6.1,2.174,57.754,73.52941,4.081599999999998,-1.347999999999999,-5.430300000000003,1.6999999999999993,-2.5,-4.200000000000003,0.015999999999999903,-0.9000000000000057,-4.799999999999997,1.0,-6.900000000000002,3.8999999999999986,7.1000000000000085,1.3889999999999958,2.700000000000001,8.28877,37.62200000000001,-1.5819999999999999,-3
2019,1395,8,Purdue,760,3,75,Virginia ,745,1,80,0,26.0512,121.093,95.0422,25.4,121.0,95.6,0.938,52.7,49.5,15.9,19.5,35.0,73.4,29.4,32.7,35.323,6.1,1.565,56.197,71.875,35.6552,123.571,87.9163,33.9,122.6,88.7,0.976,55.7,43.5,14.7,17.8,30.0,74.1,30.3,27.9,33.411,11.1,1.552,73.381,90.625,-9.604,-2.4779999999999944,7.125899999999987,-8.5,-1.5999999999999943,6.8999999999999915,-0.038000000000000034,-3.0,6.0,1.200000000000001,1.6999999999999993,5.0,-0.6999999999999886,1.911999999999999,-5.0,-18.75,-17.183999999999997,0.0129999999999999,2
2019,1397,8,Texas Tech,752,3,75,Gonzaga,792,1,69,1,26.7476,112.694,85.9468,25.8,112.1,86.3,0.953,53.7,42.8,18.2,23.0,28.6,71.4,33.5,37.6,29.682,7.0,1.87,47.191,81.25,32.7887,125.125,92.336,32.5,124.1,91.6,0.971,59.6,44.2,14.5,18.9,30.6,72.9,36.0,25.1,21.704,7.1,1.839,55.473,90.90909,-6.0411,-12.430999999999997,-6.389200000000002,-6.699999999999999,-12.0,-5.299999999999997,-0.018000000000000016,-5.899999999999999,-1.4000000000000057,3.6999999999999993,4.100000000000001,-2.0,-1.5,7.977999999999998,-0.09999999999999964,-9.659090000000006,-8.281999999999996,0.03100000000000014,2
2019,1399,8,Michigan St.,778,2,68,Duke,798,1,67,1,31.3607,121.729,90.3679,28.1,120.0,91.9,0.956,55.8,43.7,18.7,14.9,34.1,73.2,35.0,27.7,37.031,10.6,1.768,70.057,82.35294,31.9925,120.084,88.0911,31.0,119.3,88.3,0.97,53.4,44.6,17.7,19.8,36.1,70.3,34.6,24.0,37.373,11.2,0.687,88.931,85.29412,-0.6317999999999984,1.644999999999996,2.2768000000000086,-2.8999999999999986,0.7000000000000028,3.6000000000000085,-0.014000000000000012,2.3999999999999986,-0.8999999999999986,1.0,-4.9,-2.0,2.9000000000000057,-0.34199999999999875,-0.5999999999999996,-2.941180000000003,-18.873999999999995,1.081,1
2019,1401,16,Kentucky,785,2,62,Houston,791,3,58,1,27.4133,118.223,90.8094,25.2,116.9,91.7,0.942,53.3,47.0,18.5,18.4,36.6,74.2,42.5,27.1,33.711,8.8,0.592,95.376,81.81818,22.4249,114.118,91.6934,23.2,114.1,90.9,0.932,52.1,42.4,16.8,18.2,34.7,73.8,31.9,37.6,21.749,7.9,1.802,36.791,91.17647,4.988399999999999,4.105000000000004,-0.8840000000000003,2.0,2.8000000000000114,0.7999999999999972,0.009999999999999898,1.1999999999999957,4.600000000000001,1.6999999999999993,0.1999999999999993,1.8999999999999986,0.4000000000000057,11.962,0.9000000000000004,-9.358289999999997,58.58500000000001,-1.21,-1
2019,1403,16,Auburn,805,5,97,North Carolina,770,1,80,1,23.3317,119.571,96.2397,23.5,119.4,95.9,0.926,54.2,51.8,17.5,25.3,32.7,67.1,31.0,36.6,32.322,6.1,2.174,57.754,73.52941,29.171,119.872,90.701,28.0,119.2,91.2,0.956,52.9,48.3,17.1,18.5,34.6,76.8,30.9,28.9,36.978,10.0,1.759,76.654,81.81818,-5.839299999999998,-0.30100000000000193,5.538700000000006,-4.5,0.20000000000000284,4.700000000000003,-0.029999999999999916,1.3000000000000043,3.5,0.3999999999999986,6.800000000000001,-1.8999999999999986,-9.700000000000003,-4.655999999999999,-3.9000000000000004,-8.28877,-18.9,0.41500000000000004,4
2019,1405,16,Tennessee,753,2,94,Purdue,760,3,99,0,26.98,122.479,95.4987,27.9,122.9,95.0,0.951,55.3,47.4,15.9,18.2,31.6,69.7,33.4,34.4,34.04,9.8,2.179,55.685,84.84848,26.0512,121.093,95.0422,25.4,121.0,95.6,0.938,52.7,49.5,15.9,19.5,35.0,73.4,29.4,32.7,35.323,6.1,1.565,56.197,71.875,0.928799999999999,1.3859999999999957,0.45650000000000546,2.5,1.9000000000000057,-0.5999999999999943,0.013000000000000012,2.5999999999999943,-2.1000000000000014,0.0,-1.3000000000000007,-3.3999999999999986,-3.700000000000003,-1.2830000000000013,3.700000000000001,12.973479999999995,-0.5120000000000005,0.6139999999999999,-1
2019,1407,16,Oregon,762,12,49,Virginia ,745,1,53,0,15.1521,107.7,92.5481,13.5,106.4,92.9,0.826,51.7,46.8,17.8,21.0,29.7,71.9,30.3,35.3,21.269,-1.0,1.237,80.047,65.71429,35.6552,123.571,87.9163,33.9,122.6,88.7,0.976,55.7,43.5,14.7,17.8,30.0,74.1,30.3,27.9,33.411,11.1,1.552,73.381,90.625,-20.5031,-15.870999999999995,4.631799999999998,-20.4,-16.19999999999999,4.200000000000003,-0.15000000000000002,-4.0,3.299999999999997,3.1000000000000014,3.1999999999999993,-0.3000000000000007,-2.1999999999999886,-12.142000000000003,-12.1,-24.910709999999995,6.665999999999997,-0.31499999999999995,11
2019,1409,16,Michigan,779,2,44,Texas Tech,752,3,63,0,29.4352,115.516,86.081,29.1,115.3,86.2,0.966,52.1,44.1,13.5,18.3,24.5,74.5,27.0,24.9,32.909,9.2,1.42,80.432,82.35294,26.7476,112.694,85.9468,25.8,112.1,86.3,0.953,53.7,42.8,18.2,23.0,28.6,71.4,33.5,37.6,29.682,7.0,1.87,47.191,81.25,2.6875999999999998,2.8220000000000027,0.13420000000000698,3.3000000000000007,3.200000000000003,-0.09999999999999432,0.013000000000000012,-1.6000000000000014,1.3000000000000043,-4.699999999999999,-4.699999999999999,-4.100000000000001,3.0999999999999943,3.2270000000000003,2.1999999999999993,1.1029400000000038,33.241,-0.4500000000000002,-1
2019,1411,16,Florida St.,795,4,58,Gonzaga,792,1,72,0,22.5574,112.987,90.4293,19.2,111.3,92.1,0.898,50.7,47.3,19.2,20.3,33.1,73.1,36.3,36.1,32.314,7.7,1.929,59.895,79.41176,32.7887,125.125,92.336,32.5,124.1,91.6,0.971,59.6,44.2,14.5,18.9,30.6,72.9,36.0,25.1,21.704,7.1,1.839,55.473,90.90909,-10.231299999999997,-12.138000000000005,-1.9067000000000007,-13.3,-12.799999999999997,0.5,-0.07299999999999995,-8.899999999999999,3.0999999999999943,4.699999999999999,1.4000000000000021,2.5,0.19999999999998863,10.61,0.6000000000000005,-11.497330000000005,4.422000000000004,0.09000000000000008,3
2019,1413,16,Michigan St.,778,2,80,LSU,782,3,63,1,31.3607,121.729,90.3679,28.1,120.0,91.9,0.956,55.8,43.7,18.7,14.9,34.1,73.2,35.0,27.7,37.031,10.6,1.768,70.057,82.35294,20.9656,118.485,97.5196,21.2,118.3,97.1,0.907,51.7,50.2,18.2,20.7,37.3,69.6,37.7,34.2,30.387,7.3,1.102,66.287,81.25,10.395100000000003,3.2439999999999998,-7.151699999999991,6.900000000000002,1.7000000000000028,-5.199999999999989,0.04899999999999993,4.099999999999994,-6.5,0.5,-5.799999999999999,-3.1999999999999957,3.6000000000000085,6.643999999999998,3.3,1.1029400000000038,3.769999999999996,0.6659999999999999,-1
2019,1415,16,Virginia Tech,744,4,73,Duke,798,1,75,0,24.4696,118.433,93.9634,23.7,118.0,94.3,0.93,56.4,48.9,17.5,21.7,29.8,72.6,31.4,26.4,30.716,5.0,1.91,66.436,75.0,31.9925,120.084,88.0911,31.0,119.3,88.3,0.97,53.4,44.6,17.7,19.8,36.1,70.3,34.6,24.0,37.373,11.2,0.687,88.931,85.29412,-7.5229,-1.6509999999999962,5.872299999999996,-7.300000000000001,-1.2999999999999972,6.0,-0.039999999999999925,3.0,4.299999999999997,-0.1999999999999993,1.8999999999999986,-6.300000000000001,2.299999999999997,-6.6569999999999965,-6.199999999999999,-10.294120000000007,-22.49499999999999,1.2229999999999999,3
2019,1417,32,Kentucky,785,2,62,Wofford,741,7,56,1,27.4133,118.223,90.8094,25.2,116.9,91.7,0.942,53.3,47.0,18.5,18.4,36.6,74.2,42.5,27.1,33.711,8.8,0.592,95.376,81.81818,20.7146,118.357,97.6422,17.9,115.8,97.9,0.873,57.8,50.2,16.2,19.3,32.3,75.4,27.7,31.8,18.861,4.2,1.792,1.063,86.66667,6.698699999999999,-0.13400000000000034,-6.832800000000006,7.300000000000001,1.1000000000000085,-6.200000000000003,0.06899999999999995,-4.5,-3.200000000000003,2.3000000000000007,-0.9000000000000021,4.300000000000004,-1.2000000000000028,14.849999999999998,4.6000000000000005,-4.848489999999998,94.313,-1.2000000000000002,-5
2019,1419,32,Houston,791,3,74,Ohio St.,765,11,59,1,22.4249,114.118,91.6934,23.2,114.1,90.9,0.932,52.1,42.4,16.8,18.2,34.7,73.8,31.9,37.6,21.749,7.9,1.802,36.791,91.17647,15.0781,109.268,94.1896,14.2,108.3,94.1,0.834,50.5,48.2,18.7,18.4,27.7,73.9,34.0,31.8,33.733,0.9,1.46,56.419,57.57576,7.346800000000002,4.849999999999994,-2.4962000000000018,9.0,5.799999999999997,-3.1999999999999886,0.09800000000000009,1.6000000000000014,-5.800000000000004,-1.8999999999999986,-0.1999999999999993,7.0000000000000036,-0.10000000000000853,-11.983999999999998,7.0,33.60070999999999,-19.628,0.3420000000000001,-8
2019,1421,32,Kansas,787,4,75,Auburn,805,5,89,0,20.7051,112.746,92.0406,20.3,112.5,92.2,0.908,52.3,47.8,18.7,18.5,29.7,71.7,32.9,27.7,38.465,8.3,1.073,89.423,73.52941,23.3317,119.571,96.2397,23.5,119.4,95.9,0.926,54.2,51.8,17.5,25.3,32.7,67.1,31.0,36.6,32.322,6.1,2.174,57.754,73.52941,-2.6266,-6.825000000000003,-4.199100000000001,-3.1999999999999993,-6.900000000000006,-3.700000000000003,-0.018000000000000016,-1.9000000000000057,-4.0,1.1999999999999993,-6.800000000000001,-3.0000000000000036,4.6000000000000085,6.143000000000001,2.200000000000001,0.0,31.669000000000004,-1.101,-1
2019,1423,32,Washington,743,9,59,North Carolina,770,1,81,0,13.3669,106.98,93.6134,12.6,106.0,93.4,0.811,52.1,47.3,19.8,24.0,29.6,65.6,35.1,34.5,23.31,3.3,2.147,74.311,76.47059,29.171,119.872,90.701,28.0,119.2,91.2,0.956,52.9,48.3,17.1,18.5,34.6,76.8,30.9,28.9,36.978,10.0,1.759,76.654,81.81818,-15.8041,-12.891999999999996,2.912400000000005,-15.4,-13.200000000000003,2.200000000000003,-0.1449999999999999,-0.7999999999999972,-1.0,2.6999999999999993,5.5,-5.0,-11.200000000000003,-13.668000000000003,-6.7,-5.347589999999997,-2.3429999999999893,0.3879999999999999,8
2019,1425,32,Tennessee,753,2,83,Iowa,789,10,77,1,26.98,122.479,95.4987,27.9,122.9,95.0,0.951,55.3,47.4,15.9,18.2,31.6,69.7,33.4,34.4,34.04,9.8,2.179,55.685,84.84848,15.9555,117.163,101.207,15.9,116.4,100.5,0.844,52.6,51.6,17.2,18.5,29.9,71.0,42.3,28.8,31.994,3.2,1.504,55.647,66.66667,11.0245,5.3160000000000025,-5.708299999999994,11.999999999999998,6.5,-5.5,0.10699999999999998,2.6999999999999957,-4.200000000000003,-1.299999999999999,-0.3000000000000007,1.7000000000000028,-1.2999999999999972,2.0459999999999994,6.6000000000000005,18.18181,0.03800000000000381,0.6749999999999998,-8
2019,1427,32,Purdue,760,3,87,Villanova,746,6,61,1,26.0512,121.093,95.0422,25.4,121.0,95.6,0.938,52.7,49.5,15.9,19.5,35.0,73.4,29.4,32.7,35.323,6.1,1.565,56.197,71.875,18.7745,116.973,98.1987,16.4,115.1,98.7,0.854,53.4,49.9,17.0,18.1,30.8,72.7,35.3,28.6,25.545,3.7,1.66,68.466,73.52941,7.276700000000002,4.1200000000000045,-3.1565000000000083,9.0,5.900000000000006,-3.1000000000000085,0.08399999999999996,-0.6999999999999957,-0.3999999999999986,-1.0999999999999996,1.3999999999999986,4.199999999999999,0.7000000000000028,9.777999999999999,2.3999999999999995,-1.6544099999999986,-12.268999999999991,-0.09499999999999997,-3
2019,1429,32,UC Irvine,751,13,54,Oregon,762,12,73,0,9.46217,106.606,97.144,8.5,105.5,97.0,0.724,51.4,43.7,17.1,16.7,33.6,73.6,28.6,33.8,10.843,0.9,2.127,18.762,85.29412,15.1521,107.7,92.5481,13.5,106.4,92.9,0.826,51.7,46.8,17.8,21.0,29.7,71.9,30.3,35.3,21.269,-1.0,1.237,80.047,65.71429,-5.68993,-1.0940000000000083,4.5959,-5.0,-0.9000000000000057,4.099999999999994,-0.10199999999999998,-0.30000000000000426,-3.0999999999999943,-0.6999999999999993,-4.300000000000001,3.900000000000002,1.6999999999999886,-10.425999999999998,1.9,19.57983,-61.285,0.8899999999999997,1
2019,1431,32,Oklahoma,764,9,51,Virginia ,745,1,63,0,15.5345,109.401,93.8663,16.1,108.9,92.8,0.863,50.2,47.1,17.4,17.5,26.2,72.1,31.4,24.1,35.499,2.5,2.126,58.325,59.375,35.6552,123.571,87.9163,33.9,122.6,88.7,0.976,55.7,43.5,14.7,17.8,30.0,74.1,30.3,27.9,33.411,11.1,1.552,73.381,90.625,-20.1207,-14.170000000000002,5.949999999999989,-17.799999999999997,-13.699999999999989,4.099999999999994,-0.11299999999999999,-5.5,3.6000000000000014,2.6999999999999993,-0.3000000000000007,-3.8000000000000007,-2.0,2.088000000000001,-8.6,-31.25,-15.055999999999997,0.5739999999999998,8
2019,1433,32,Michigan,779,2,64,Florida,796,10,49,1,29.4352,115.516,86.081,29.1,115.3,86.2,0.966,52.1,44.1,13.5,18.3,24.5,74.5,27.0,24.9,32.909,9.2,1.42,80.432,82.35294,18.3239,110.219,91.895,18.4,109.8,91.4,0.892,49.9,48.4,18.0,22.6,31.1,68.3,30.4,33.6,34.588,0.6,1.39,79.849,55.88235,11.1113,5.297000000000011,-5.813999999999993,10.700000000000003,5.5,-5.200000000000003,0.07399999999999995,2.200000000000003,-4.299999999999997,-4.5,-4.300000000000001,-6.600000000000001,6.200000000000003,-1.679000000000002,8.6,26.47059,0.5829999999999984,0.030000000000000027,-8
2019,1435,32,Texas Tech,752,3,78,Buffalo,801,6,58,1,26.7476,112.694,85.9468,25.8,112.1,86.3,0.953,53.7,42.8,18.2,23.0,28.6,71.4,33.5,37.6,29.682,7.0,1.87,47.191,81.25,20.337,114.89,94.5531,18.0,113.2,95.2,0.88,53.4,47.2,15.6,20.4,31.6,73.3,32.2,31.5,17.002,5.7,2.316,7.39,90.90909,6.410599999999999,-2.195999999999998,-8.606300000000005,7.800000000000001,-1.1000000000000085,-8.900000000000006,0.07299999999999995,0.30000000000000426,-4.400000000000006,2.5999999999999996,2.6000000000000014,-3.0,-1.8999999999999915,12.68,1.2999999999999998,-9.659090000000006,39.801,-0.44599999999999973,-3
2019,1437,32,Florida St.,795,4,90,Murray St.,773,12,62,1,22.5574,112.987,90.4293,19.2,111.3,92.1,0.898,50.7,47.3,19.2,20.3,33.1,73.1,36.3,36.1,32.314,7.7,1.929,59.895,79.41176,13.3317,112.038,98.706,12.0,110.5,98.5,0.79,55.2,46.4,17.2,19.5,32.4,70.0,33.2,28.4,12.081,1.3,1.497,8.231,86.2069,9.225700000000002,0.9489999999999981,-8.276700000000005,7.199999999999999,0.7999999999999972,-6.400000000000006,0.10799999999999998,-4.5,0.8999999999999986,2.0,0.8000000000000007,0.7000000000000028,3.0999999999999943,20.233,6.4,-6.7951400000000035,51.664,0.43199999999999994,-8
2019,1439,32,Baylor,804,9,71,Gonzaga,792,1,83,0,15.2935,113.517,98.2238,13.9,112.0,98.1,0.821,50.9,48.6,19.9,18.5,38.1,71.2,32.6,36.5,32.475,0.9,1.457,57.749,59.375,32.7887,125.125,92.336,32.5,124.1,91.6,0.971,59.6,44.2,14.5,18.9,30.6,72.9,36.0,25.1,21.704,7.1,1.839,55.473,90.90909,-17.495199999999997,-11.608000000000004,5.887799999999999,-18.6,-12.099999999999994,6.5,-0.15000000000000002,-8.700000000000003,4.399999999999999,5.399999999999999,-0.3999999999999986,7.5,-1.7000000000000028,10.771,-6.199999999999999,-31.534090000000006,2.2760000000000034,-0.3819999999999999,8
2019,1441,32,Michigan St.,778,2,70,Minnesota,777,10,50,1,31.3607,121.729,90.3679,28.1,120.0,91.9,0.956,55.8,43.7,18.7,14.9,34.1,73.2,35.0,27.7,37.031,10.6,1.768,70.057,82.35294,14.4575,110.671,96.2136,12.9,109.5,96.6,0.809,48.3,49.1,17.6,16.6,31.9,71.9,42.0,28.3,34.824,2.7,1.7,71.523,61.76471,16.903200000000002,11.057999999999993,-5.845699999999994,15.200000000000001,10.5,-4.699999999999989,0.1469999999999999,7.5,-5.399999999999999,1.0999999999999979,-1.700000000000001,2.200000000000003,1.2999999999999972,2.2070000000000007,7.8999999999999995,20.588230000000003,-1.465999999999994,0.06800000000000006,-8
2019,1443,32,LSU,782,3,69,Maryland,780,6,67,1,20.9656,118.485,97.5196,21.2,118.3,97.1,0.907,51.7,50.2,18.2,20.7,37.3,69.6,37.7,34.2,30.387,7.3,1.102,66.287,81.25,19.9776,113.82,93.8429,18.7,112.5,93.8,0.89,51.9,46.0,19.8,14.3,33.9,75.3,32.9,26.6,33.402,4.2,0.692,78.823,68.75,0.9879999999999995,4.665000000000006,3.6766999999999967,2.5,5.799999999999997,3.299999999999997,0.017000000000000015,-0.19999999999999574,4.200000000000003,-1.6000000000000014,6.399999999999999,3.3999999999999986,-5.700000000000003,-3.0150000000000006,3.0999999999999996,12.5,-12.535999999999987,0.41000000000000014,-3
2019,1445,32,Virginia Tech,744,4,67,Liberty,784,12,58,1,24.4696,118.433,93.9634,23.7,118.0,94.3,0.93,56.4,48.9,17.5,21.7,29.8,72.6,31.4,26.4,30.716,5.0,1.91,66.436,75.0,10.8215,110.565,99.7435,9.0,108.7,99.7,0.73,56.1,48.7,17.2,20.8,25.7,73.5,26.0,32.4,11.295,-0.4,1.845,0.345,80.64516,13.6481,7.868000000000009,-5.7801000000000045,14.7,9.299999999999997,-5.400000000000006,0.20000000000000007,0.29999999999999716,0.19999999999999574,0.3000000000000007,0.8999999999999986,4.100000000000001,-0.9000000000000057,19.421,5.4,-5.645160000000004,66.09100000000001,0.06499999999999995,-8
2019,1447,32,UCF,750,9,76,Duke,798,1,77,0,14.5761,110.31,95.7335,17.2,111.1,93.9,0.874,52.7,45.5,17.5,18.3,29.6,70.5,46.4,29.6,22.705,2.2,2.283,28.974,74.19355,31.9925,120.084,88.0911,31.0,119.3,88.3,0.97,53.4,44.6,17.7,19.8,36.1,70.3,34.6,24.0,37.373,11.2,0.687,88.931,85.29412,-17.4164,-9.774000000000001,7.642400000000009,-13.8,-8.200000000000003,5.6000000000000085,-0.09599999999999997,-0.6999999999999957,0.8999999999999986,-0.1999999999999993,-1.5,-6.5,0.20000000000000284,-14.668,-9.0,-11.100570000000005,-59.956999999999994,1.5959999999999999,8
2019,1449,64,Abilene Christian,807,15,44,Kentucky,785,2,79,0,2.08626,103.625,101.539,1.2,102.2,101.0,0.534,52.4,49.6,17.4,23.4,27.7,72.2,34.5,38.4,7.994,-2.5,2.044,1.775,79.31034,27.4133,118.223,90.8094,25.2,116.9,91.7,0.942,53.3,47.0,18.5,18.4,36.6,74.2,42.5,27.1,33.711,8.8,0.592,95.376,81.81818,-25.32704,-14.597999999999999,10.729600000000005,-24.0,-14.700000000000003,9.299999999999997,-0.4079999999999999,-0.8999999999999986,2.6000000000000014,-1.1000000000000014,5.0,-8.900000000000002,-2.0,-25.717,-11.3,-2.5078400000000016,-93.601,1.452,13
2019,1451,64,Seton Hall,757,10,68,Wofford,741,7,84,0,12.9072,109.303,96.3961,10.8,107.8,97.0,0.771,49.9,49.3,17.5,20.0,29.3,70.6,34.8,32.6,26.683,-0.3,1.521,54.346,60.60606,20.7146,118.357,97.6422,17.9,115.8,97.9,0.873,57.8,50.2,16.2,19.3,32.3,75.4,27.7,31.8,18.861,4.2,1.792,1.063,86.66667,-7.807400000000001,-9.054000000000002,-1.2460999999999984,-7.099999999999998,-8.0,-0.9000000000000057,-0.10199999999999998,-7.899999999999999,-0.9000000000000057,1.3000000000000007,0.6999999999999993,-2.9999999999999964,-4.800000000000011,7.821999999999999,-4.5,-26.060609999999997,53.282999999999994,-0.27100000000000013,3
2019,1453,64,Georgia St.,793,14,55,Houston,791,3,84,0,5.59737,107.886,102.289,6.3,107.6,101.3,0.667,54.4,50.1,16.6,21.1,23.3,66.4,35.7,31.3,15.85,-1.1,2.184,41.152,71.875,22.4249,114.118,91.6934,23.2,114.1,90.9,0.932,52.1,42.4,16.8,18.2,34.7,73.8,31.9,37.6,21.749,7.9,1.802,36.791,91.17647,-16.827530000000003,-6.231999999999999,10.595600000000005,-16.9,-6.5,10.399999999999991,-0.265,2.299999999999997,7.700000000000003,-0.1999999999999993,2.900000000000002,-11.400000000000002,-7.3999999999999915,-5.898999999999999,-9.0,-19.301469999999995,4.361000000000004,0.3820000000000001,11
2019,1455,64,Ohio St.,765,11,62,Iowa St.,788,6,59,1,15.0781,109.268,94.1896,14.2,108.3,94.1,0.834,50.5,48.2,18.7,18.4,27.7,73.9,34.0,31.8,33.733,0.9,1.46,56.419,57.57576,21.8472,118.992,97.1452,22.1,118.2,96.1,0.915,54.9,48.5,16.2,18.8,28.5,70.0,30.3,23.6,33.257,4.3,1.485,56.016,67.64706,-6.769100000000002,-9.724000000000004,-2.955600000000004,-7.900000000000002,-9.900000000000006,-2.0,-0.08100000000000007,-4.399999999999999,-0.29999999999999716,2.5,-0.40000000000000213,-0.8000000000000007,3.9000000000000057,0.4759999999999991,-3.4,-10.071299999999994,0.4029999999999987,-0.025000000000000133,5
2019,1457,64,Northeastern,767,13,52,Kansas,787,4,87,0,8.74685,111.465,102.718,7.2,110.0,102.8,0.685,57.2,51.8,16.7,16.7,22.7,75.7,34.3,28.0,14.55,-2.6,2.104,5.836,69.69697,20.7051,112.746,92.0406,20.3,112.5,92.2,0.908,52.3,47.8,18.7,18.5,29.7,71.7,32.9,27.7,38.465,8.3,1.073,89.423,73.52941,-11.958250000000001,-1.2809999999999917,10.677400000000006,-13.100000000000001,-2.5,10.599999999999994,-0.22299999999999998,4.900000000000006,4.0,-2.0,-1.8000000000000007,-7.0,4.0,-23.915000000000003,-10.9,-3.8324400000000054,-83.587,1.0310000000000001,9
2019,1459,64,New Mexico St.,771,12,77,Auburn,805,5,78,0,13.588,112.605,99.0173,12.8,111.6,98.8,0.802,54.0,48.7,17.7,19.3,37.0,77.3,34.1,32.4,10.958,1.6,2.0,13.806,87.5,23.3317,119.571,96.2397,23.5,119.4,95.9,0.926,54.2,51.8,17.5,25.3,32.7,67.1,31.0,36.6,32.322,6.1,2.174,57.754,73.52941,-9.743700000000002,-6.965999999999994,2.7776000000000067,-10.7,-7.800000000000011,2.8999999999999915,-0.124,-0.20000000000000284,-3.0999999999999943,0.1999999999999993,-6.0,4.299999999999997,10.200000000000003,-21.364000000000004,-4.5,13.970590000000001,-43.948,-0.17399999999999993,7
2019,1461,64,Washington,743,9,78,Utah St.,749,8,61,1,13.3669,106.98,93.6134,12.6,106.0,93.4,0.811,52.1,47.3,19.8,24.0,29.6,65.6,35.1,34.5,23.31,3.3,2.147,74.311,76.47059,16.6198,112.966,96.3467,15.3,111.2,95.9,0.846,54.3,46.2,17.9,17.2,31.7,77.8,36.7,34.1,16.722,2.2,1.314,9.835,81.81818,-3.252900000000002,-5.98599999999999,-2.7333,-2.700000000000001,-5.200000000000003,-2.5,-0.03499999999999992,-2.1999999999999957,1.0999999999999943,1.9000000000000021,6.800000000000001,-2.099999999999998,-12.200000000000003,6.587999999999997,1.0999999999999996,-5.347589999999997,64.476,0.8329999999999997,1
2019,1463,64,Iona,790,16,73,North Carolina,770,1,88,0,-3.07828,106.514,109.593,-4.9,105.2,110.1,0.372,53.0,52.3,17.3,18.6,25.7,69.9,37.1,28.8,9.366,-10.2,2.012,7.379,53.125,29.171,119.872,90.701,28.0,119.2,91.2,0.956,52.9,48.3,17.1,18.5,34.6,76.8,30.9,28.9,36.978,10.0,1.759,76.654,81.81818,-32.24928,-13.358000000000004,18.89200000000001,-32.9,-14.0,18.89999999999999,-0.584,0.10000000000000142,4.0,0.1999999999999993,0.10000000000000142,-8.900000000000002,-6.8999999999999915,-27.612000000000002,-20.2,-28.693179999999998,-69.27499999999999,0.2530000000000001,15
2019,1465,64,Colgate,799,15,70,Tennessee,753,2,77,0,4.2867,110.038,105.751,2.9,108.4,105.5,0.577,55.9,50.6,19.3,18.0,30.3,73.1,28.9,28.6,11.298,-4.1,1.573,10.836,69.69697,26.98,122.479,95.4987,27.9,122.9,95.0,0.951,55.3,47.4,15.9,18.2,31.6,69.7,33.4,34.4,34.04,9.8,2.179,55.685,84.84848,-22.6933,-12.441000000000003,10.252300000000005,-25.0,-14.5,10.5,-0.374,0.6000000000000014,3.200000000000003,3.4000000000000004,-0.1999999999999993,-1.3000000000000007,3.3999999999999915,-22.741999999999997,-13.9,-15.151510000000002,-44.849000000000004,-0.6059999999999999,13
2019,1467,64,Iowa,789,10,79,Cincinnati,800,7,72,1,15.9555,117.163,101.207,15.9,116.4,100.5,0.844,52.6,51.6,17.2,18.5,29.9,71.0,42.3,28.8,31.994,3.2,1.504,55.647,66.66667,17.0509,111.566,94.515,18.2,112.1,93.9,0.885,49.0,48.1,16.1,20.9,37.6,70.6,38.1,30.5,24.662,5.9,1.891,51.633,82.35294,-1.095399999999998,5.596999999999994,6.691999999999993,-2.299999999999999,4.300000000000011,6.599999999999994,-0.041000000000000036,3.6000000000000014,3.5,1.0999999999999979,-2.3999999999999986,-7.700000000000003,0.4000000000000057,7.332000000000001,-2.7,-15.686270000000007,4.013999999999996,-0.387,3
2019,1469,64,Old Dominion,763,14,48,Purdue,760,3,61,0,5.57853,101.929,96.3508,4.9,100.4,95.5,0.64,47.7,45.6,17.9,18.6,32.3,75.2,29.5,32.4,11.544,-1.6,1.764,33.997,76.47059,26.0512,121.093,95.0422,25.4,121.0,95.6,0.938,52.7,49.5,15.9,19.5,35.0,73.4,29.4,32.7,35.323,6.1,1.565,56.197,71.875,-20.47267,-19.164,1.3086000000000126,-20.5,-20.599999999999994,-0.09999999999999432,-0.29799999999999993,-5.0,-3.8999999999999986,1.9999999999999982,-0.8999999999999986,-2.700000000000003,1.7999999999999972,-23.779,-7.699999999999999,4.595590000000001,-22.200000000000003,0.19900000000000007,11
2019,1471,64,Saint Mary's,758,11,57,Villanova,746,6,61,0,17.7106,114.634,96.9231,16.9,114.2,97.3,0.863,54.0,48.6,16.3,16.4,31.3,76.8,29.7,29.4,22.544,-0.6,1.414,27.239,66.66667,18.7745,116.973,98.1987,16.4,115.1,98.7,0.854,53.4,49.9,17.0,18.1,30.8,72.7,35.3,28.6,25.545,3.7,1.66,68.466,73.52941,-1.0639000000000003,-2.3389999999999986,-1.2755999999999972,0.5,-0.8999999999999915,-1.4000000000000057,0.009000000000000008,0.6000000000000014,-1.2999999999999972,-0.6999999999999993,-1.7000000000000028,0.5,4.099999999999994,-3.0010000000000012,-4.3,-6.862740000000002,-41.22699999999999,-0.246,5
2019,1473,64,UC Irvine,751,13,70,Kansas St.,786,4,64,1,9.46217,106.606,97.144,8.5,105.5,97.0,0.724,51.4,43.7,17.1,16.7,33.6,73.6,28.6,33.8,10.843,0.9,2.127,18.762,85.29412,20.2225,107.96,87.7377,19.0,106.5,87.5,0.906,49.5,48.1,17.4,22.9,28.1,74.4,30.7,30.5,32.441,6.6,2.149,48.118,75.75758,-10.76033,-1.3539999999999992,9.406300000000002,-10.5,-1.0,9.5,-0.18200000000000005,1.8999999999999986,-4.399999999999999,-0.29999999999999716,-6.199999999999999,5.5,-0.8000000000000114,-21.598000000000003,-5.699999999999999,9.536540000000002,-29.356,-0.02200000000000024,9
2019,1475,64,Oregon,762,12,72,Wisconsin,742,5,54,1,15.1521,107.7,92.5481,13.5,106.4,92.9,0.826,51.7,46.8,17.8,21.0,29.7,71.9,30.3,35.3,21.269,-1.0,1.237,80.047,65.71429,23.675,110.809,87.134,20.1,108.9,88.8,0.913,51.5,44.8,14.4,17.2,24.0,73.5,27.5,25.9,36.867,6.2,1.84,59.597,69.69697,-8.5229,-3.1089999999999947,5.414100000000005,-6.600000000000001,-2.5,4.1000000000000085,-0.08700000000000008,0.20000000000000284,2.0,3.4000000000000004,3.8000000000000007,5.699999999999999,-1.5999999999999943,-15.597999999999999,-7.2,-3.982679999999988,20.449999999999996,-0.603,7
2019,1477,64,Oklahoma,764,9,95,Mississippi,776,8,72,1,15.5345,109.401,93.8663,16.1,108.9,92.8,0.863,50.2,47.1,17.4,17.5,26.2,72.1,31.4,24.1,35.499,2.5,2.126,58.325,59.375,15.0831,112.779,97.6963,16.5,113.1,96.6,0.86,53.0,50.6,18.2,21.0,30.4,70.5,31.7,33.2,28.95,1.0,1.67,48.937,62.5,0.4513999999999996,-3.378,-3.8299999999999983,-0.3999999999999986,-4.199999999999989,-3.799999999999997,0.0030000000000000027,-2.799999999999997,-3.5,-0.8000000000000007,-3.5,-4.199999999999999,1.5999999999999943,6.549000000000003,1.5,-3.125,9.388000000000005,0.45599999999999996,1
2019,1479,64,Gardner Webb,794,16,56,Virginia,745,1,71,0,-0.74352,107.475,108.218,-1.7,105.5,107.2,0.454,54.8,50.2,16.8,18.1,22.6,69.0,39.2,27.7,13.189,-4.9,1.73,0.2,64.51613,35.6552,123.571,87.9163,33.9,122.6,88.7,0.976,55.7,43.5,14.7,17.8,30.0,74.1,30.3,27.9,33.411,11.1,1.552,73.381,90.625,-36.39872,-16.096000000000004,20.301699999999997,-35.6,-17.099999999999994,18.5,-0.522,-0.9000000000000057,6.700000000000003,2.1000000000000014,0.3000000000000007,-7.399999999999999,-5.099999999999994,-20.222,-16.0,-26.108869999999996,-73.181,0.17799999999999994,15
2019,1481,64,Montana,774,15,55,Michigan,779,2,74,0,3.54691,107.36,103.814,3.5,106.7,103.2,0.595,56.7,50.0,17.4,19.3,27.7,75.0,32.0,37.0,9.661,-3.0,2.401,19.258,75.0,29.4352,115.516,86.081,29.1,115.3,86.2,0.966,52.1,44.1,13.5,18.3,24.5,74.5,27.0,24.9,32.909,9.2,1.42,80.432,82.35294,-25.888289999999998,-8.156000000000006,17.73299999999999,-25.6,-8.599999999999994,17.0,-0.371,4.600000000000001,5.899999999999999,3.8999999999999986,1.0,3.1999999999999993,0.5,-23.247999999999998,-12.2,-7.352940000000004,-61.17400000000001,0.9809999999999999,13
2019,1483,64,Florida,796,10,70,Nevada,772,7,61,1,18.3239,110.219,91.895,18.4,109.8,91.4,0.892,49.9,48.4,18.0,22.6,31.1,68.3,30.4,33.6,34.588,0.6,1.39,79.849,55.88235,18.9229,114.0,95.0771,17.4,112.9,95.5,0.873,54.1,47.6,14.4,19.2,26.5,75.3,40.7,27.6,15.433,4.1,2.696,35.414,87.87879,-0.5990000000000002,-3.781000000000006,-3.1821000000000055,1.0,-3.1000000000000085,-4.099999999999994,0.019000000000000017,-4.200000000000003,0.7999999999999972,3.5999999999999996,3.400000000000002,4.600000000000001,-7.0,19.155,-3.4999999999999996,-31.996439999999993,44.435,-1.3060000000000003,3
2019,1485,64,Northern Kentucky,766,14,57,Texas Tech,752,3,72,0,6.55918,109.235,102.676,6.8,108.4,101.6,0.678,55.0,48.9,17.6,18.5,30.7,73.5,35.5,35.2,11.952,-2.0,1.616,4.597,75.0,26.7476,112.694,85.9468,25.8,112.1,86.3,0.953,53.7,42.8,18.2,23.0,28.6,71.4,33.5,37.6,29.682,7.0,1.87,47.191,81.25,-20.18842,-3.459000000000003,16.729200000000006,-19.0,-3.6999999999999886,15.299999999999997,-0.2749999999999999,1.2999999999999972,6.100000000000001,-0.5999999999999979,-4.5,2.099999999999998,2.0999999999999943,-17.729999999999997,-9.0,-6.25,-42.594,-0.254,11
2019,1487,64,Arizona St.,806,11,74,Buffalo,801,6,91,0,11.2091,109.774,98.5646,11.0,108.9,97.9,0.773,50.8,48.6,18.5,18.9,32.5,73.6,43.6,38.6,21.239,0.2,1.328,71.073,68.75,20.337,114.89,94.5531,18.0,113.2,95.2,0.88,53.4,47.2,15.6,20.4,31.6,73.3,32.2,31.5,17.002,5.7,2.316,7.39,90.90909,-9.1279,-5.116,4.011499999999998,-7.0,-4.299999999999997,2.700000000000003,-0.10699999999999998,-2.6000000000000014,1.3999999999999986,2.9000000000000004,-1.5,0.8999999999999986,0.29999999999999716,4.237000000000002,-5.5,-22.159090000000006,63.68299999999999,-0.9879999999999998,5
2019,1489,64,Vermont,747,13,69,Florida St.,795,4,76,0,8.72064,107.949,99.2286,9.1,107.2,98.1,0.735,52.4,49.0,16.6,19.4,27.5,78.2,36.3,26.2,10.844,-0.8,1.441,7.768,81.25,22.5574,112.987,90.4293,19.2,111.3,92.1,0.898,50.7,47.3,19.2,20.3,33.1,73.1,36.3,36.1,32.314,7.7,1.929,59.895,79.41176,-13.836760000000002,-5.037999999999997,8.799300000000002,-10.1,-4.099999999999994,6.0,-0.16300000000000003,1.6999999999999957,1.7000000000000028,-2.599999999999998,-0.9000000000000021,-5.600000000000001,5.1000000000000085,-21.47,-8.5,1.838239999999999,-52.127,-0.488,9
2019,1491,64,Murray St.,773,12,83,Marquette,781,5,64,1,13.3317,112.038,98.706,12.0,110.5,98.5,0.79,55.2,46.4,17.2,19.5,32.4,70.0,33.2,28.4,12.081,1.3,1.497,8.231,86.2069,18.4207,114.15,95.7294,16.5,112.2,95.7,0.862,54.1,45.9,19.5,16.6,29.1,73.8,35.9,35.7,24.34,2.8,1.536,71.641,72.72727,-5.089,-2.112000000000009,2.976600000000005,-4.5,-1.7000000000000028,2.799999999999997,-0.07199999999999995,1.1000000000000014,0.5,-2.3000000000000007,2.8999999999999986,3.299999999999997,-3.799999999999997,-12.259,-1.4999999999999998,13.47963,-63.410000000000004,-0.038999999999999924,7
2019,1493,64,Baylor,804,9,78,Syracuse,755,8,69,1,15.2935,113.517,98.2238,13.9,112.0,98.1,0.821,50.9,48.6,19.9,18.5,38.1,71.2,32.6,36.5,32.475,0.9,1.457,57.749,59.375,16.3,110.213,93.9133,16.0,109.4,93.4,0.86,49.5,47.5,18.4,23.2,30.1,66.7,36.8,34.8,30.432,0.5,1.632,73.806,60.60606,-1.0065000000000008,3.304000000000002,4.3104999999999905,-2.0999999999999996,2.5999999999999943,4.699999999999989,-0.039000000000000035,1.3999999999999986,1.1000000000000014,1.5,-4.699999999999999,8.0,4.5,2.043000000000003,0.4,-1.2310599999999994,-16.056999999999995,-0.17499999999999982,1
2019,1495,64,Fairleigh Dickinson,797,16,49,Gonzaga,792,1,87,0,-4.2487,106.184,110.432,-5.5,104.8,110.3,0.357,54.5,51.5,19.4,20.4,29.4,66.9,35.5,30.2,7.488,-9.2,1.741,0.2,58.06452,32.7887,125.125,92.336,32.5,124.1,91.6,0.971,59.6,44.2,14.5,18.9,30.6,72.9,36.0,25.1,21.704,7.1,1.839,55.473,90.90909,-37.0374,-18.941000000000003,18.096000000000004,-38.0,-19.299999999999997,18.700000000000003,-0.614,-5.100000000000001,7.299999999999997,4.899999999999999,1.5,-1.2000000000000028,-6.0,-14.216000000000001,-16.299999999999997,-32.844570000000004,-55.272999999999996,-0.09799999999999986,15
2019,1497,64,Bradley,802,15,65,Michigan St.,778,2,76,0,-0.35828,100.892,101.25,-1.1,100.0,101.1,0.469,49.7,47.6,18.9,18.6,27.1,73.3,36.3,35.3,11.714,-7.6,1.997,3.589,57.57576,31.3607,121.729,90.3679,28.1,120.0,91.9,0.956,55.8,43.7,18.7,14.9,34.1,73.2,35.0,27.7,37.031,10.6,1.768,70.057,82.35294,-31.718980000000002,-20.837000000000003,10.882099999999994,-29.200000000000003,-20.0,9.199999999999989,-0.487,-6.099999999999994,3.8999999999999986,0.1999999999999993,3.700000000000001,-7.0,0.09999999999999432,-25.317,-18.2,-24.77718,-66.468,0.2290000000000001,13
2019,1499,64,Minnesota,777,10,86,Louisville,783,7,76,1,14.4575,110.671,96.2136,12.9,109.5,96.6,0.809,48.3,49.1,17.6,16.6,31.9,71.9,42.0,28.3,34.824,2.7,1.7,71.523,61.76471,20.9708,113.376,92.4055,20.2,112.9,92.7,0.906,50.9,46.4,17.8,16.3,29.2,74.2,35.1,31.6,35.477,2.3,1.928,53.581,60.60606,-6.513300000000001,-2.7049999999999983,3.808099999999996,-7.299999999999999,-3.4000000000000057,3.8999999999999915,-0.09699999999999998,-2.6000000000000014,2.700000000000003,-0.1999999999999993,0.3000000000000007,2.6999999999999993,-2.299999999999997,-0.6529999999999987,0.40000000000000036,1.1586500000000015,17.941999999999993,-0.22799999999999998,3
2019,1501,64,Yale,740,14,74,LSU,782,3,79,0,8.58693,111.702,103.115,8.1,110.1,102.0,0.707,56.1,47.2,18.1,15.2,26.3,75.6,30.5,30.6,14.894,-0.7,2.113,15.117,75.0,20.9656,118.485,97.5196,21.2,118.3,97.1,0.907,51.7,50.2,18.2,20.7,37.3,69.6,37.7,34.2,30.387,7.3,1.102,66.287,81.25,-12.378669999999998,-6.783000000000001,5.595399999999998,-13.1,-8.200000000000003,4.900000000000006,-0.20000000000000007,4.399999999999999,-3.0,-0.09999999999999787,-5.5,-10.999999999999996,6.0,-15.493,-8.0,-6.25,-51.17,1.011,11
2019,1503,64,Belmont,803,11,77,Maryland,780,6,79,0,13.0739,114.834,101.76,12.1,113.4,101.3,0.785,57.8,48.9,15.4,16.3,25.6,75.7,28.1,27.7,14.18,1.4,1.44,6.407,83.33333,19.9776,113.82,93.8429,18.7,112.5,93.8,0.89,51.9,46.0,19.8,14.3,33.9,75.3,32.9,26.6,33.402,4.2,0.692,78.823,68.75,-6.903699999999999,1.01400000000001,7.917100000000005,-6.6,0.9000000000000057,7.5,-0.10499999999999998,5.899999999999999,2.8999999999999986,-4.4,2.0,-8.299999999999997,0.4000000000000057,-19.222,-2.8000000000000003,14.583330000000004,-72.416,0.748,5
2019,1505,64,Saint Louis,759,13,52,Virginia Tech,744,4,66,0,6.27254,102.575,96.3024,5.7,101.1,95.4,0.661,46.8,46.9,19.0,19.4,36.1,74.7,39.7,32.9,17.33,-3.0,1.835,66.081,65.71429,24.4696,118.433,93.9634,23.7,118.0,94.3,0.93,56.4,48.9,17.5,21.7,29.8,72.6,31.4,26.4,30.716,5.0,1.91,66.436,75.0,-18.19706,-15.858000000000004,2.339000000000013,-18.0,-16.900000000000006,1.1000000000000085,-0.269,-9.600000000000001,-2.0,1.5,-2.3000000000000007,6.300000000000001,2.1000000000000085,-13.386000000000003,-8.0,-9.285709999999995,-0.355000000000004,-0.07499999999999996,9
2019,1507,64,Liberty,784,12,80,Mississippi St.,775,5,76,1,10.8215,110.565,99.7435,9.0,108.7,99.7,0.73,56.1,48.7,17.2,20.8,25.7,73.5,26.0,32.4,11.295,-0.4,1.845,0.345,80.64516,20.6776,117.395,96.7173,19.8,116.4,96.6,0.895,54.6,50.1,19.3,19.7,34.9,70.2,32.3,31.7,32.171,4.6,1.657,82.586,69.69697,-9.856100000000001,-6.829999999999998,3.026200000000003,-10.8,-7.700000000000003,3.1000000000000085,-0.16500000000000004,1.5,-1.3999999999999986,-2.1000000000000014,1.1000000000000014,-9.2,3.299999999999997,-20.875999999999998,-5.0,10.948190000000011,-82.241,0.18799999999999994,7
2019,1509,64,UCF,750,9,73,VCU,748,8,58,1,14.5761,110.31,95.7335,17.2,111.1,93.9,0.874,52.7,45.5,17.5,18.3,29.6,70.5,46.4,29.6,22.705,2.2,2.283,28.974,74.19355,15.6895,104.312,88.6222,17.1,104.0,86.9,0.888,50.6,43.0,20.1,23.5,31.0,69.4,36.0,37.2,17.529,1.4,1.496,39.794,78.125,-1.1134000000000004,5.998000000000005,7.1113,0.09999999999999787,7.099999999999994,7.0,-0.014000000000000012,2.1000000000000014,2.5,-2.6000000000000014,-5.199999999999999,-1.3999999999999986,1.0999999999999943,5.175999999999998,0.8000000000000003,-3.931449999999998,-10.819999999999997,0.7869999999999999,1
2019,1511,64,North Dakota St.,768,16,62,Duke,798,1,85,0,-3.19855,106.552,109.751,-2.9,105.8,108.7,0.423,53.8,53.6,15.8,14.6,20.7,74.6,32.1,26.2,14.601,-8.4,1.355,0.2,51.6129,31.9925,120.084,88.0911,31.0,119.3,88.3,0.97,53.4,44.6,17.7,19.8,36.1,70.3,34.6,24.0,37.373,11.2,0.687,88.931,85.29412,-35.19105,-13.531999999999996,21.659900000000007,-33.9,-13.5,20.400000000000006,-0.5469999999999999,0.3999999999999986,9.0,-1.8999999999999986,-5.200000000000001,-15.400000000000002,4.299999999999997,-22.772,-19.6,-33.68122,-88.731,0.6679999999999999,15
2021,1513,2,Baylor,871,1,86,Gonzaga,856,1,70,1,29.4969,123.265,93.7679,29.9,123.4,93.5,0.961,57.5,49.1,17.6,24.6,37.5,69.1,27.0,31.7,27.876,6.7,1.967,57.416,91.66667,36.6241,126.111,89.4872,35.7,125.3,89.6,0.979,61.0,47.5,16.1,20.3,30.4,76.6,36.7,25.9,24.19,8.5,1.528,80.761,100.0,-7.127199999999998,-2.8460000000000036,4.280699999999996,-5.800000000000004,-1.8999999999999915,3.9000000000000057,-0.018000000000000016,-3.5,1.6000000000000014,1.5,4.300000000000001,7.100000000000001,-7.5,3.686,-1.7999999999999998,-8.333330000000004,-23.345,0.43900000000000006,0
2021,1515,4,Houston,853,2,59,Baylor,871,1,78,0,28.8202,118.922,90.1017,29.6,119.0,89.4,0.964,51.3,42.9,16.3,21.6,39.4,72.0,30.7,42.4,18.87,4.0,1.843,57.911,88.46154,29.4969,123.265,93.7679,29.9,123.4,93.5,0.961,57.5,49.1,17.6,24.6,37.5,69.1,27.0,31.7,27.876,6.7,1.967,57.416,91.66667,-0.6767000000000003,-4.3430000000000035,-3.6662000000000035,-0.29999999999999716,-4.400000000000006,-4.099999999999994,0.0030000000000000027,-6.200000000000003,-6.200000000000003,-1.3000000000000007,-3.0,1.8999999999999986,2.9000000000000057,-9.006,-2.7,-3.205129999999997,0.49500000000000455,-0.12400000000000011,1
2021,1517,4,UCLA,819,11,90,Gonzaga,856,1,93,0,15.9175,113.403,97.4859,18.0,114.2,96.2,0.878,52.0,50.7,16.7,17.6,30.8,75.8,32.6,28.0,34.379,2.6,1.376,82.595,65.38462,36.6241,126.111,89.4872,35.7,125.3,89.6,0.979,61.0,47.5,16.1,20.3,30.4,76.6,36.7,25.9,24.19,8.5,1.528,80.761,100.0,-20.706599999999998,-12.707999999999998,7.9986999999999995,-17.700000000000003,-11.099999999999994,6.6000000000000085,-0.10099999999999998,-9.0,3.200000000000003,0.5999999999999979,-2.6999999999999993,0.40000000000000213,-0.7999999999999972,10.188999999999997,-5.9,-34.61538,1.8340000000000032,-0.15200000000000014,10
2021,1519,8,Houston,853,2,67,Oregon St.,830,12,61,1,28.8202,118.922,90.1017,29.6,119.0,89.4,0.964,51.3,42.9,16.3,21.6,39.4,72.0,30.7,42.4,18.87,4.0,1.843,57.911,88.46154,10.1728,109.326,99.1533,10.7,109.1,98.4,0.766,48.7,50.4,17.2,18.5,29.8,70.6,34.0,38.2,34.218,0.4,2.035,34.182,57.14286,18.647399999999998,9.596000000000004,-9.051600000000008,18.900000000000002,9.900000000000006,-9.0,0.19799999999999995,2.5999999999999943,-7.5,-0.8999999999999986,3.1000000000000014,9.599999999999998,1.4000000000000057,-15.348000000000003,3.6,31.31868,23.729,-0.19200000000000017,-10
2021,1521,8,Arkansas,872,3,72,Baylor,871,1,81,0,21.5292,111.502,89.9724,18.8,110.1,91.3,0.896,51.5,47.6,17.4,20.3,31.7,73.8,32.7,29.3,28.411,4.6,1.545,55.045,78.57143,29.4969,123.265,93.7679,29.9,123.4,93.5,0.961,57.5,49.1,17.6,24.6,37.5,69.1,27.0,31.7,27.876,6.7,1.967,57.416,91.66667,-7.967700000000001,-11.763000000000005,-3.795500000000004,-11.099999999999998,-13.300000000000011,-2.200000000000003,-0.06499999999999995,-6.0,-1.5,-0.20000000000000284,-4.300000000000001,-5.800000000000001,4.700000000000003,0.5350000000000001,-2.1000000000000005,-13.09523999999999,-2.370999999999995,-0.42200000000000015,2
2021,1523,8,UCLA,819,11,51,Michigan,844,1,49,1,15.9175,113.403,97.4859,18.0,114.2,96.2,0.878,52.0,50.7,16.7,17.6,30.8,75.8,32.6,28.0,34.379,2.6,1.376,82.595,65.38462,30.7915,119.434,88.6425,26.9,117.7,90.8,0.952,54.9,44.9,16.3,15.1,29.4,75.2,28.9,24.5,35.087,7.1,2.078,66.856,83.33333,-14.873999999999999,-6.030999999999992,8.843400000000003,-8.899999999999999,-3.5,5.400000000000006,-0.07399999999999995,-2.8999999999999986,5.800000000000004,0.3999999999999986,2.5000000000000018,1.4000000000000021,0.5999999999999943,-0.7080000000000055,-4.5,-17.948710000000005,15.739000000000004,-0.702,10
2021,1525,8,USC,817,6,66,Gonzaga,856,1,85,0,22.2245,112.883,90.6583,23.1,113.3,90.2,0.932,52.1,45.4,18.1,17.4,35.7,72.7,37.5,24.8,32.675,5.5,1.679,47.985,75.86207,36.6241,126.111,89.4872,35.7,125.3,89.6,0.979,61.0,47.5,16.1,20.3,30.4,76.6,36.7,25.9,24.19,8.5,1.528,80.761,100.0,-14.3996,-13.228000000000009,1.1710999999999956,-12.600000000000001,-12.0,0.6000000000000085,-0.04699999999999993,-8.899999999999999,-2.1000000000000014,2.0,-2.900000000000002,5.300000000000004,-3.8999999999999915,8.484999999999996,-3.0,-24.137929999999997,-32.775999999999996,0.15100000000000002,5
2021,1527,16,Houston,853,2,62,Syracuse,825,11,46,1,28.8202,118.922,90.1017,29.6,119.0,89.4,0.964,51.3,42.9,16.3,21.6,39.4,72.0,30.7,42.4,18.87,4.0,1.843,57.911,88.46154,16.2268,113.82,97.5937,14.9,112.2,97.3,0.837,50.7,48.5,16.0,20.8,30.3,66.2,28.4,25.1,28.455,0.5,1.527,64.21,64.0,12.593399999999999,5.102000000000004,-7.492000000000004,14.700000000000001,6.799999999999997,-7.8999999999999915,0.127,0.5999999999999943,-5.600000000000001,0.3000000000000007,0.8000000000000007,9.099999999999998,5.799999999999997,-9.584999999999997,3.5,24.46154,-6.298999999999992,0.31600000000000006,-9
2021,1529,16,Oregon St.,830,12,65,Loyola Chicago,847,8,58,1,10.1728,109.326,99.1533,10.7,109.1,98.4,0.766,48.7,50.4,17.2,18.5,29.8,70.6,34.0,38.2,34.218,0.4,2.035,34.182,57.14286,23.7539,110.416,86.6625,20.6,108.9,88.3,0.918,56.3,46.7,18.5,21.6,26.0,79.0,30.7,22.4,16.033,1.8,2.231,11.054,84.61538,-13.581100000000001,-1.0900000000000034,12.490800000000007,-9.900000000000002,0.19999999999998863,10.100000000000009,-0.15200000000000002,-7.599999999999994,3.6999999999999957,-1.3000000000000007,-3.1000000000000014,3.8000000000000007,-8.400000000000006,18.185000000000002,-1.4,-27.472520000000003,23.128,-0.19599999999999973,4
2021,1531,16,Oral Roberts,832,15,70,Arkansas,872,3,72,0,1.21622,108.656,107.44,0.8,107.5,106.7,0.522,53.6,50.4,15.7,18.2,23.2,67.0,27.8,33.1,16.652,-4.9,1.496,1.124,56.52174,21.5292,111.502,89.9724,18.8,110.1,91.3,0.896,51.5,47.6,17.4,20.3,31.7,73.8,32.7,29.3,28.411,4.6,1.545,55.045,78.57143,-20.31298,-2.8459999999999894,17.467600000000004,-18.0,-2.5999999999999943,15.400000000000006,-0.374,2.1000000000000014,2.799999999999997,-1.6999999999999993,-2.1000000000000014,-8.5,-6.799999999999997,-11.759,-9.5,-22.049690000000005,-53.921,-0.04899999999999993,12
2021,1533,16,Villanova,814,5,51,Baylor,871,1,62,0,22.6184,118.602,95.984,21.3,118.5,97.2,0.907,52.8,51.8,13.5,19.0,27.9,75.2,30.0,25.8,30.52,3.1,1.829,73.753,72.72727,29.4969,123.265,93.7679,29.9,123.4,93.5,0.961,57.5,49.1,17.6,24.6,37.5,69.1,27.0,31.7,27.876,6.7,1.967,57.416,91.66667,-6.878499999999999,-4.662999999999997,2.2160999999999973,-8.599999999999998,-4.900000000000006,3.700000000000003,-0.05399999999999994,-4.700000000000003,2.6999999999999957,-4.100000000000001,-5.600000000000001,-9.600000000000001,6.1000000000000085,2.6439999999999984,-3.6,-18.939399999999992,16.337000000000003,-0.13800000000000012,4
2021,1535,16,Alabama,874,2,78,UCLA,819,11,88,0,24.9876,111.722,86.734,22.1,110.7,88.6,0.928,51.3,45.3,18.6,21.1,31.5,70.2,28.6,31.9,31.992,6.9,1.841,70.27,80.0,15.9175,113.403,97.4859,18.0,114.2,96.2,0.878,52.0,50.7,16.7,17.6,30.8,75.8,32.6,28.0,34.379,2.6,1.376,82.595,65.38462,9.0701,-1.6810000000000116,-10.751900000000006,4.100000000000001,-3.5,-7.6000000000000085,0.050000000000000044,-0.7000000000000028,-5.400000000000006,1.9000000000000021,3.5,0.6999999999999993,-5.599999999999994,-2.386999999999997,4.300000000000001,14.615380000000002,-12.325000000000003,0.4650000000000001,-9
2021,1537,16,Florida St.,859,4,58,Michigan,844,1,76,0,22.0698,116.442,94.3726,23.5,117.2,93.7,0.929,54.4,46.5,20.2,19.6,35.7,68.6,32.7,36.3,27.679,2.4,1.949,53.523,72.72727,30.7915,119.434,88.6425,26.9,117.7,90.8,0.952,54.9,44.9,16.3,15.1,29.4,75.2,28.9,24.5,35.087,7.1,2.078,66.856,83.33333,-8.721699999999998,-2.9920000000000044,5.730100000000007,-3.3999999999999986,-0.5,2.9000000000000057,-0.02299999999999991,-0.5,1.6000000000000014,3.8999999999999986,4.500000000000002,6.300000000000004,-6.6000000000000085,-7.408000000000005,-4.699999999999999,-10.60606,-13.332999999999991,-0.12899999999999978,3
2021,1539,16,Oregon,831,7,68,USC,817,6,82,0,17.6799,114.453,96.7728,17.9,114.0,96.1,0.877,54.4,50.1,16.8,20.3,28.3,72.8,26.8,27.1,31.097,4.8,2.265,49.314,76.92308,22.2245,112.883,90.6583,23.1,113.3,90.2,0.932,52.1,45.4,18.1,17.4,35.7,72.7,37.5,24.8,32.675,5.5,1.679,47.985,75.86207,-4.544599999999999,1.5700000000000074,6.114500000000007,-5.200000000000003,0.7000000000000028,5.8999999999999915,-0.05500000000000005,2.299999999999997,4.700000000000003,-1.3000000000000007,2.900000000000002,-7.400000000000002,0.09999999999999432,-1.5779999999999959,-0.7000000000000002,1.061009999999996,1.3290000000000006,0.5860000000000001,1
2021,1541,16,Creighton,864,5,65,Gonzaga,856,1,83,0,21.3051,114.87,93.5652,20.1,114.2,94.1,0.903,55.7,46.9,15.8,17.8,24.8,71.8,26.9,25.7,30.082,3.2,2.215,57.988,71.42857,36.6241,126.111,89.4872,35.7,125.3,89.6,0.979,61.0,47.5,16.1,20.3,30.4,76.6,36.7,25.9,24.19,8.5,1.528,80.761,100.0,-15.318999999999999,-11.241,4.078000000000003,-15.600000000000001,-11.099999999999994,4.5,-0.07599999999999996,-5.299999999999997,-0.6000000000000014,-0.3000000000000007,-2.5,-5.599999999999998,-4.799999999999997,5.8919999999999995,-5.3,-28.571430000000007,-22.772999999999996,0.6869999999999998,4
2021,1543,32,Houston,853,2,63,Rutgers,828,10,60,1,28.8202,118.922,90.1017,29.6,119.0,89.4,0.964,51.3,42.9,16.3,21.6,39.4,72.0,30.7,42.4,18.87,4.0,1.843,57.911,88.46154,18.1428,108.651,90.5084,14.7,106.6,91.9,0.846,50.2,47.7,16.4,18.9,27.4,70.7,27.7,33.2,38.152,1.7,1.953,55.802,57.69231,10.677399999999999,10.271,-0.4067000000000007,14.900000000000002,12.400000000000006,-2.5,0.118,1.0999999999999943,-4.800000000000004,-0.09999999999999787,2.700000000000003,12.0,1.2999999999999972,-19.282,2.3,30.76923,2.1090000000000018,-0.1100000000000001,-8
2021,1545,32,West Virginia,811,3,72,Syracuse,825,11,75,0,20.3206,116.128,95.8073,20.2,115.1,94.9,0.902,48.7,50.2,17.0,20.7,35.6,68.7,39.4,28.5,34.198,3.0,1.787,44.317,66.66667,16.2268,113.82,97.5937,14.9,112.2,97.3,0.837,50.7,48.5,16.0,20.8,30.3,66.2,28.4,25.1,28.455,0.5,1.527,64.21,64.0,4.093799999999998,2.308000000000007,-1.7864000000000004,5.299999999999999,2.8999999999999915,-2.3999999999999915,0.06500000000000006,-2.0,1.7000000000000028,1.0,-0.10000000000000142,5.300000000000001,2.5,5.743000000000002,2.5,2.6666699999999963,-19.892999999999994,0.26,-8
2021,1547,32,Oklahoma St.,833,4,70,Oregon St.,830,12,80,0,18.7671,110.059,91.2923,16.8,109.0,92.2,0.873,52.1,47.2,21.4,19.3,31.9,69.8,36.4,30.5,36.37,4.8,1.061,61.902,71.42857,10.1728,109.326,99.1533,10.7,109.1,98.4,0.766,48.7,50.4,17.2,18.5,29.8,70.6,34.0,38.2,34.218,0.4,2.035,34.182,57.14286,8.594299999999999,0.7330000000000041,-7.861000000000004,6.100000000000001,-0.09999999999999432,-6.200000000000003,0.10699999999999998,3.3999999999999986,-3.1999999999999957,4.199999999999999,0.8000000000000007,2.099999999999998,-0.7999999999999972,2.151999999999994,4.3999999999999995,14.285709999999995,27.72,-0.9740000000000002,-8
2021,1549,32,Loyola Chicago,847,8,71,Illinois,852,1,58,1,23.7539,110.416,86.6625,20.6,108.9,88.3,0.918,56.3,46.7,18.5,21.6,26.0,79.0,30.7,22.4,16.033,1.8,2.231,11.054,84.61538,30.6122,118.957,88.3445,26.6,117.4,90.8,0.951,55.6,46.6,18.2,16.1,33.0,77.8,39.2,30.5,40.223,8.8,1.627,73.109,79.31034,-6.8583,-8.540999999999997,-1.6820000000000022,-6.0,-8.5,-2.5,-0.03299999999999992,0.6999999999999957,0.10000000000000142,0.3000000000000007,5.5,-7.0,1.2000000000000028,-24.189999999999998,-7.000000000000001,5.305040000000005,-62.05499999999999,0.6039999999999999,7
2021,1551,32,Oral Roberts,832,15,81,Florida,860,7,78,1,1.21622,108.656,107.44,0.8,107.5,106.7,0.522,53.6,50.4,15.7,18.2,23.2,67.0,27.8,33.1,16.652,-4.9,1.496,1.124,56.52174,17.5522,110.975,93.4227,17.0,110.4,93.4,0.873,52.5,47.5,20.7,20.6,30.8,68.4,33.8,34.8,34.098,1.2,1.529,60.198,60.86957,-16.33598,-2.3189999999999884,14.017299999999992,-16.2,-2.9000000000000057,13.299999999999997,-0.351,1.1000000000000014,2.8999999999999986,-5.0,-2.400000000000002,-7.600000000000001,-1.4000000000000057,-17.445999999999998,-6.1000000000000005,-4.347830000000002,-59.074,-0.03299999999999992,8
2021,1553,32,Arkansas,872,3,68,Texas Tech,821,6,66,1,21.5292,111.502,89.9724,18.8,110.1,91.3,0.896,51.5,47.6,17.4,20.3,31.7,73.8,32.7,29.3,28.411,4.6,1.545,55.045,78.57143,20.9465,112.362,91.4155,20.2,111.5,91.3,0.909,49.7,47.8,16.3,23.8,33.8,70.0,39.3,36.5,32.227,0.9,1.42,53.387,62.96296,0.5826999999999991,-0.8599999999999994,-1.4431000000000012,-1.3999999999999986,-1.4000000000000057,0.0,-0.013000000000000012,1.7999999999999972,-0.19999999999999574,1.0999999999999979,-3.5,-2.099999999999998,3.799999999999997,-3.8159999999999954,3.6999999999999997,15.608470000000004,1.6580000000000013,0.125,-3
2021,1555,32,North Texas,837,13,61,Villanova,814,5,84,0,11.6975,105.362,93.6646,9.8,103.8,94.0,0.758,54.0,45.7,20.4,21.4,27.9,73.1,27.2,31.7,19.471,-2.4,2.415,2.103,64.0,22.6184,118.602,95.984,21.3,118.5,97.2,0.907,52.8,51.8,13.5,19.0,27.9,75.2,30.0,25.8,30.52,3.1,1.829,73.753,72.72727,-10.920900000000001,-13.240000000000009,-2.3194000000000017,-11.5,-14.700000000000003,-3.200000000000003,-0.14900000000000002,1.2000000000000028,-6.099999999999994,6.899999999999999,2.3999999999999986,0.0,-2.1000000000000085,-11.049,-5.5,-8.727270000000004,-71.65,0.5860000000000001,8
2021,1557,32,Wisconsin,808,9,63,Baylor,871,1,76,0,22.6545,112.522,89.8672,21.1,111.4,90.3,0.918,49.4,47.9,13.5,17.8,23.7,74.9,26.9,28.5,37.996,2.1,2.316,55.41,58.62069,29.4969,123.265,93.7679,29.9,123.4,93.5,0.961,57.5,49.1,17.6,24.6,37.5,69.1,27.0,31.7,27.876,6.7,1.967,57.416,91.66667,-6.842400000000001,-10.742999999999995,-3.9007000000000005,-8.799999999999997,-12.0,-3.200000000000003,-0.04299999999999993,-8.100000000000001,-1.2000000000000028,-4.100000000000001,-6.800000000000001,-13.8,5.800000000000011,10.120000000000001,-4.6,-33.04597999999999,-2.0060000000000002,0.34899999999999975,8
2021,1559,32,Alabama,874,2,96,Maryland,845,10,77,1,24.9876,111.722,86.734,22.1,110.7,88.6,0.928,51.3,45.3,18.6,21.1,31.5,70.2,28.6,31.9,31.992,6.9,1.841,70.27,80.0,18.7175,110.916,92.1984,15.8,110.0,94.2,0.856,52.6,48.5,16.8,16.9,20.9,75.2,32.6,25.6,36.317,0.1,1.869,67.127,53.57143,6.270099999999999,0.8059999999999974,-5.464400000000012,6.300000000000001,0.7000000000000028,-5.6000000000000085,0.07200000000000006,-1.3000000000000043,-3.200000000000003,1.8000000000000007,4.200000000000003,10.600000000000001,-5.0,-4.324999999999999,6.800000000000001,26.42857,3.1430000000000007,-0.028000000000000025,-8
2021,1561,32,Abilene Christian,875,14,47,UCLA,819,11,67,0,10.1273,103.047,92.9196,8.6,101.1,92.5,0.735,52.9,45.4,19.4,26.7,30.6,72.1,34.0,42.5,9.607,-1.1,2.228,0.2,82.6087,15.9175,113.403,97.4859,18.0,114.2,96.2,0.878,52.0,50.7,16.7,17.6,30.8,75.8,32.6,28.0,34.379,2.6,1.376,82.595,65.38462,-5.7902000000000005,-10.356000000000009,-4.566299999999998,-9.4,-13.100000000000009,-3.700000000000003,-0.14300000000000002,0.8999999999999986,-5.300000000000004,2.6999999999999993,9.099999999999998,-0.1999999999999993,-3.700000000000003,-24.772,-3.7,17.22408,-82.395,0.8520000000000003,3
2021,1563,32,Florida St.,859,4,71,Colorado,866,5,53,1,22.0698,116.442,94.3726,23.5,117.2,93.7,0.929,54.4,46.5,20.2,19.6,35.7,68.6,32.7,36.3,27.679,2.4,1.949,53.523,72.72727,21.6816,114.417,92.7358,23.7,115.4,91.7,0.934,52.0,47.7,16.8,19.8,30.9,74.4,29.9,28.0,32.71,4.9,2.245,48.237,73.33333,0.3882000000000012,2.0249999999999915,1.636800000000008,-0.1999999999999993,1.7999999999999972,2.0,-0.0050000000000000044,2.3999999999999986,-1.2000000000000028,3.3999999999999986,-0.1999999999999993,4.800000000000004,-5.800000000000011,-5.031000000000002,-2.5000000000000004,-0.6060599999999994,5.286000000000001,-0.29600000000000004,-1
2021,1565,32,LSU,846,8,78,Michigan,844,1,86,0,19.5899,119.771,100.181,19.2,119.0,99.8,0.883,52.8,48.5,16.1,18.4,31.5,67.2,33.9,29.1,31.962,2.3,1.064,83.74,66.66667,30.7915,119.434,88.6425,26.9,117.7,90.8,0.952,54.9,44.9,16.3,15.1,29.4,75.2,28.9,24.5,35.087,7.1,2.078,66.856,83.33333,-11.2016,0.3370000000000033,11.538499999999999,-7.699999999999999,1.2999999999999972,9.0,-0.06899999999999995,-2.1000000000000014,3.6000000000000014,-0.1999999999999993,3.299999999999999,2.1000000000000014,-8.0,-3.1250000000000036,-4.8,-16.666660000000007,16.884,-1.0139999999999998,7
2021,1567,32,Iowa,850,2,80,Oregon,831,7,95,0,28.9031,123.496,94.5925,27.2,123.7,96.5,0.946,54.6,48.3,13.3,16.3,30.7,71.4,32.0,22.6,36.806,5.5,1.656,61.215,72.41379,17.6799,114.453,96.7728,17.9,114.0,96.1,0.877,54.4,50.1,16.8,20.3,28.3,72.8,26.8,27.1,31.097,4.8,2.265,49.314,76.92308,11.223199999999999,9.042999999999992,-2.1803000000000026,9.3,9.700000000000003,0.4000000000000057,0.06899999999999995,0.20000000000000284,-1.8000000000000043,-3.5,-4.0,2.3999999999999986,-1.3999999999999915,5.708999999999996,0.7000000000000002,-4.509289999999993,11.901000000000003,-0.6090000000000002,-5
2021,1569,32,Kansas,849,3,51,USC,817,6,85,0,21.0313,109.615,88.5839,18.5,108.7,90.2,0.895,49.7,47.0,17.7,20.0,31.2,73.1,30.5,26.5,36.237,4.3,1.46,80.676,70.37037,22.2245,112.883,90.6583,23.1,113.3,90.2,0.932,52.1,45.4,18.1,17.4,35.7,72.7,37.5,24.8,32.675,5.5,1.679,47.985,75.86207,-1.1931999999999974,-3.2680000000000007,-2.074399999999997,-4.600000000000001,-4.599999999999994,0.0,-0.03700000000000003,-2.3999999999999986,1.6000000000000014,-0.40000000000000213,2.6000000000000014,-4.5000000000000036,0.3999999999999915,3.5620000000000047,-1.2000000000000002,-5.491700000000009,32.691,-0.21900000000000008,-3
2021,1571,32,Ohio,836,13,58,Creighton,864,5,72,0,11.1142,113.002,101.888,10.8,111.8,101.0,0.763,55.8,51.1,17.0,20.0,28.7,72.6,29.6,30.2,16.438,-2.0,1.43,6.606,68.18182,21.3051,114.87,93.5652,20.1,114.2,94.1,0.903,55.7,46.9,15.8,17.8,24.8,71.8,26.9,25.7,30.082,3.2,2.215,57.988,71.42857,-10.1909,-1.8680000000000092,8.3228,-9.3,-2.4000000000000057,6.900000000000006,-0.14,0.09999999999999432,4.200000000000003,1.1999999999999993,2.1999999999999993,3.8999999999999986,0.7999999999999972,-13.644000000000002,-5.2,-3.2467499999999916,-51.382,-0.7849999999999999,8
2021,1573,32,Oklahoma,834,8,71,Gonzaga,856,1,87,0,16.6439,111.427,94.7836,16.5,111.1,94.6,0.864,50.8,48.9,15.8,18.7,27.3,72.5,29.1,22.8,32.105,0.3,2.102,32.322,60.0,36.6241,126.111,89.4872,35.7,125.3,89.6,0.979,61.0,47.5,16.1,20.3,30.4,76.6,36.7,25.9,24.19,8.5,1.528,80.761,100.0,-19.9802,-14.683999999999997,5.2964000000000055,-19.200000000000003,-14.200000000000003,5.0,-0.11499999999999999,-10.200000000000003,1.3999999999999986,-0.3000000000000007,-1.6000000000000014,-3.099999999999998,-4.099999999999994,7.914999999999996,-8.2,-40.0,-48.43899999999999,0.5739999999999998,7
2021,1575,64,Cleveland St.,868,15,56,Houston,853,2,87,0,1.37289,100.852,99.4794,-0.5,99.1,99.6,0.486,50.6,48.9,18.5,20.3,30.9,68.1,31.9,37.2,12.128,-2.7,2.036,2.192,73.07692,28.8202,118.922,90.1017,29.6,119.0,89.4,0.964,51.3,42.9,16.3,21.6,39.4,72.0,30.7,42.4,18.87,4.0,1.843,57.911,88.46154,-27.44731,-18.069999999999993,9.377700000000004,-30.1,-19.900000000000006,10.199999999999989,-0.478,-0.6999999999999957,6.0,2.1999999999999993,-1.3000000000000007,-8.5,-3.9000000000000057,-6.742000000000001,-6.7,-15.384619999999998,-55.719,0.19300000000000006,13
2021,1577,64,Rutgers,828,10,60,Clemson,869,7,56,1,18.1428,108.651,90.5084,14.7,106.6,91.9,0.846,50.2,47.7,16.4,18.9,27.4,70.7,27.7,33.2,38.152,1.7,1.953,55.802,57.69231,16.1652,106.87,90.7046,14.6,105.1,90.5,0.848,50.4,48.8,19.5,21.6,26.6,73.5,23.6,29.6,32.216,2.9,1.794,59.066,69.56522,1.9776000000000025,1.7809999999999917,-0.1962000000000046,0.09999999999999964,1.5,1.4000000000000057,-0.0020000000000000018,-0.19999999999999574,-1.0999999999999943,-3.1000000000000014,-2.700000000000003,0.7999999999999972,-2.799999999999997,5.936,-1.2,-11.872909999999997,-3.264000000000003,0.15900000000000003,3
2021,1579,64,Morehead St.,841,14,67,West Virginia,811,3,84,0,3.89559,100.165,96.2694,2.0,98.1,96.1,0.559,51.9,47.0,22.9,18.0,31.3,75.1,36.8,23.1,13.166,-1.9,1.69,5.5,75.0,20.3206,116.128,95.8073,20.2,115.1,94.9,0.902,48.7,50.2,17.0,20.7,35.6,68.7,39.4,28.5,34.198,3.0,1.787,44.317,66.66667,-16.42501,-15.962999999999994,0.4621000000000066,-18.2,-17.0,1.1999999999999886,-0.34299999999999997,3.1999999999999957,-3.200000000000003,5.899999999999999,-2.6999999999999993,-4.300000000000001,6.3999999999999915,-21.032,-4.9,8.333330000000004,-38.817,-0.09699999999999998,11
2021,1581,64,Syracuse,825,11,78,San Diego St.,827,6,62,1,16.2268,113.82,97.5937,14.9,112.2,97.3,0.837,50.7,48.5,16.0,20.8,30.3,66.2,28.4,25.1,28.455,0.5,1.527,64.21,64.0,21.296,110.835,89.5391,22.0,111.3,89.3,0.926,52.7,46.7,16.9,22.5,29.9,75.6,34.3,32.7,18.796,3.1,2.399,26.167,84.61538,-5.069199999999999,2.9849999999999994,8.054599999999994,-7.1,0.9000000000000057,8.0,-0.08900000000000008,-2.0,1.7999999999999972,-0.8999999999999986,-1.6999999999999993,0.40000000000000213,-9.399999999999991,9.658999999999999,-2.6,-20.615380000000002,38.04299999999999,-0.8720000000000001,5
2021,1583,64,Liberty,848,13,60,Oklahoma St.,833,4,69,0,8.37002,110.143,101.773,8.3,109.1,100.8,0.713,57.4,48.0,15.6,17.3,23.1,77.6,25.5,29.6,9.801,-1.7,1.736,3.795,79.16667,18.7671,110.059,91.2923,16.8,109.0,92.2,0.873,52.1,47.2,21.4,19.3,31.9,69.8,36.4,30.5,36.37,4.8,1.061,61.902,71.42857,-10.397079999999999,0.08400000000000318,10.480699999999999,-8.5,0.09999999999999432,8.599999999999994,-0.16000000000000003,5.299999999999997,0.7999999999999972,-5.799999999999999,-2.0,-8.799999999999997,7.799999999999997,-26.568999999999996,-6.5,7.738100000000003,-58.107,0.675,9
2021,1585,64,Oregon St.,830,12,70,Tennessee,824,5,56,1,10.1728,109.326,99.1533,10.7,109.1,98.4,0.766,48.7,50.4,17.2,18.5,29.8,70.6,34.0,38.2,34.218,0.4,2.035,34.182,57.14286,21.0624,108.804,87.7414,20.3,108.5,88.2,0.916,50.1,45.9,18.2,22.9,31.4,71.4,35.1,31.1,29.656,2.3,1.471,75.912,69.23077,-10.8896,0.5219999999999914,11.411900000000003,-9.600000000000001,0.5999999999999943,10.200000000000003,-0.15000000000000002,-1.3999999999999986,4.5,-1.0,-4.399999999999999,-1.5999999999999979,-0.8000000000000114,4.562000000000005,-1.9,-12.087910000000008,-41.730000000000004,0.5640000000000001,7
2021,1587,64,Georgia Tech,857,9,60,Loyola Chicago,847,8,71,0,18.5494,113.332,94.783,17.1,112.7,95.6,0.869,53.9,52.2,15.9,22.8,24.8,70.1,29.0,28.9,29.468,1.8,2.51,51.343,68.0,23.7539,110.416,86.6625,20.6,108.9,88.3,0.918,56.3,46.7,18.5,21.6,26.0,79.0,30.7,22.4,16.033,1.8,2.231,11.054,84.61538,-5.204500000000003,2.915999999999997,8.120500000000007,-3.5,3.799999999999997,7.299999999999997,-0.049000000000000044,-2.3999999999999986,5.5,-2.5999999999999996,1.1999999999999993,-1.1999999999999993,-8.900000000000006,13.434999999999999,0.0,-16.615380000000002,40.289,0.2789999999999999,1
2021,1589,64,Drexel,862,16,49,Illinois,852,1,78,0,1.6183,107.143,105.525,2.4,106.1,103.7,0.565,54.3,49.6,19.6,16.4,29.4,75.7,28.5,27.2,8.855,-4.5,1.77,8.771,63.15789,30.6122,118.957,88.3445,26.6,117.4,90.8,0.951,55.6,46.6,18.2,16.1,33.0,77.8,39.2,30.5,40.223,8.8,1.627,73.109,79.31034,-28.9939,-11.813999999999993,17.18050000000001,-24.200000000000003,-11.300000000000011,12.900000000000006,-0.386,-1.3000000000000043,3.0,1.4000000000000021,0.29999999999999716,-3.6000000000000014,-2.0999999999999943,-31.368,-13.3,-16.152449999999995,-64.338,0.14300000000000002,15
2021,1591,64,Oral Roberts,832,15,75,Ohio St.,835,2,72,1,1.21622,108.656,107.44,0.8,107.5,106.7,0.522,53.6,50.4,15.7,18.2,23.2,67.0,27.8,33.1,16.652,-4.9,1.496,1.124,56.52174,25.4253,122.274,96.8491,24.3,121.4,97.1,0.929,53.1,48.9,15.3,15.0,29.1,72.6,37.6,33.8,39.398,6.0,1.963,71.659,70.0,-24.20908,-13.617999999999995,10.59089999999999,-23.5,-13.900000000000006,9.600000000000009,-0.40700000000000003,0.5,1.5,0.3999999999999986,3.1999999999999993,-5.900000000000002,-5.599999999999994,-22.746000000000002,-10.9,-13.478259999999999,-70.53500000000001,-0.4670000000000001,13
2021,1593,64,Virginia Tech,812,10,70,Florida,860,7,75,0,15.2207,110.048,94.8276,14.2,108.7,94.5,0.833,52.5,48.4,17.3,17.6,28.4,75.7,33.2,30.9,23.498,0.9,1.562,28.989,71.42857,17.5522,110.975,93.4227,17.0,110.4,93.4,0.873,52.5,47.5,20.7,20.6,30.8,68.4,33.8,34.8,34.098,1.2,1.529,60.198,60.86957,-2.3314999999999984,-0.9269999999999925,1.4048999999999978,-2.8000000000000007,-1.7000000000000028,1.0999999999999943,-0.040000000000000036,0.0,0.8999999999999986,-3.3999999999999986,-3.0,-2.400000000000002,7.299999999999997,-10.599999999999998,-0.29999999999999993,10.55899999999999,-31.209,0.03300000000000014,3
2021,1595,64,Colgate,867,14,68,Arkansas,872,3,85,0,10.2223,110.89,100.668,14.4,112.4,98.0,0.829,57.0,45.6,13.7,16.6,28.2,74.6,31.0,25.0,5.698,0.4,1.82,0.2,93.33333,21.5292,111.502,89.9724,18.8,110.1,91.3,0.896,51.5,47.6,17.4,20.3,31.7,73.8,32.7,29.3,28.411,4.6,1.545,55.045,78.57143,-11.306899999999999,-0.6119999999999948,10.695600000000013,-4.4,2.3000000000000114,6.700000000000003,-0.06700000000000006,5.5,-2.0,-3.6999999999999993,-3.6999999999999993,-3.5,0.7999999999999972,-22.713,-4.199999999999999,14.761899999999997,-54.845,0.27500000000000013,11
2021,1597,64,Utah St.,816,11,53,Texas Tech,821,6,65,0,16.51,105.729,89.2192,15.4,104.4,89.0,0.862,49.8,45.6,19.7,19.7,35.3,78.7,29.4,26.1,17.758,-1.1,1.486,17.726,70.37037,20.9465,112.362,91.4155,20.2,111.5,91.3,0.909,49.7,47.8,16.3,23.8,33.8,70.0,39.3,36.5,32.227,0.9,1.42,53.387,62.96296,-4.436499999999999,-6.632999999999996,-2.1962999999999937,-4.799999999999999,-7.099999999999994,-2.299999999999997,-0.04700000000000004,0.09999999999999432,-2.1999999999999957,3.3999999999999986,-4.100000000000001,1.5,8.700000000000003,-14.468999999999998,-2.0,7.407409999999992,-35.661,0.06600000000000006,5
2021,1599,64,North Texas,837,13,78,Purdue,829,4,69,1,11.6975,105.362,93.6646,9.8,103.8,94.0,0.758,54.0,45.7,20.4,21.4,27.9,73.1,27.2,31.7,19.471,-2.4,2.415,2.103,64.0,22.2716,113.612,91.3407,18.5,111.5,93.0,0.89,51.4,48.6,18.7,16.9,32.2,75.9,32.2,30.3,36.431,3.7,1.041,60.403,66.66667,-10.5741,-8.25,2.3238999999999947,-8.7,-7.700000000000003,1.0,-0.132,2.6000000000000014,-2.8999999999999986,1.6999999999999993,4.5,-4.300000000000004,-2.8000000000000114,-16.959999999999997,-6.1,-2.6666699999999963,-58.3,1.374,9
2021,1601,64,Winthrop,809,12,63,Villanova,814,5,73,0,8.93908,105.093,96.1535,8.7,104.8,96.1,0.73,53.0,49.0,19.5,22.5,35.6,77.8,35.7,33.8,5.045,1.0,1.933,6.77,95.83333,22.6184,118.602,95.984,21.3,118.5,97.2,0.907,52.8,51.8,13.5,19.0,27.9,75.2,30.0,25.8,30.52,3.1,1.829,73.753,72.72727,-13.67932,-13.509,0.16949999999999932,-12.600000000000001,-13.700000000000003,-1.1000000000000085,-0.17700000000000005,0.20000000000000284,-2.799999999999997,6.0,3.5,7.700000000000003,2.5999999999999943,-25.475,-2.1,23.10606,-66.983,0.10400000000000009,7
2021,1603,64,Wisconsin,808,9,85,North Carolina,838,8,62,1,22.6545,112.522,89.8672,21.1,111.4,90.3,0.918,49.4,47.9,13.5,17.8,23.7,74.9,26.9,28.5,37.996,2.1,2.316,55.41,58.62069,20.0876,110.111,90.0231,16.0,107.9,91.9,0.864,48.5,48.7,20.6,19.3,41.3,73.7,34.9,27.1,34.274,2.4,1.02,85.053,64.28571,2.5669000000000004,2.4110000000000014,-0.1559000000000026,5.100000000000001,3.5,-1.6000000000000085,0.05400000000000005,0.8999999999999986,-0.8000000000000043,-7.100000000000001,-1.5,-17.599999999999998,1.2000000000000028,3.7220000000000013,-0.2999999999999998,-5.665019999999991,-29.643,1.2959999999999998,1
2021,1605,64,Hartford,854,16,55,Baylor,871,1,79,0,-2.73095,97.4886,100.22,-2.5,96.7,99.2,0.427,50.4,47.6,19.0,20.4,24.9,71.2,28.6,25.0,10.041,-4.9,1.927,12.091,65.21739,29.4969,123.265,93.7679,29.9,123.4,93.5,0.961,57.5,49.1,17.6,24.6,37.5,69.1,27.0,31.7,27.876,6.7,1.967,57.416,91.66667,-32.227850000000004,-25.776399999999995,6.4521000000000015,-32.4,-26.700000000000003,5.700000000000003,-0.534,-7.100000000000001,-1.5,1.3999999999999986,-4.200000000000003,-12.600000000000001,2.1000000000000085,-17.835,-11.600000000000001,-26.44928,-45.324999999999996,-0.040000000000000036,15
2021,1607,64,Iona,851,15,55,Alabama,874,2,68,0,-1.03598,100.371,101.407,1.9,100.7,98.8,0.555,51.2,45.6,22.5,19.6,33.5,73.8,36.1,46.3,7.27,-3.2,1.731,9.632,70.58824,24.9876,111.722,86.734,22.1,110.7,88.6,0.928,51.3,45.3,18.6,21.1,31.5,70.2,28.6,31.9,31.992,6.9,1.841,70.27,80.0,-26.02358,-11.350999999999999,14.673000000000002,-20.200000000000003,-10.0,10.200000000000003,-0.373,-0.09999999999999432,0.30000000000000426,3.8999999999999986,-1.5,2.0,3.5999999999999943,-24.722,-10.100000000000001,-9.411760000000001,-60.638,-0.10999999999999988,13
2021,1609,64,Maryland,845,10,63,Connecticut,865,7,54,1,18.7175,110.916,92.1984,15.8,110.0,94.2,0.856,52.6,48.5,16.8,16.9,20.9,75.2,32.6,25.6,36.317,0.1,1.869,67.127,53.57143,21.9011,113.581,91.6796,21.6,113.9,92.3,0.918,49.5,46.2,17.5,19.6,36.8,70.2,29.6,36.9,31.015,2.0,1.785,52.299,68.18182,-3.1835999999999984,-2.6650000000000063,0.518800000000013,-5.800000000000001,-3.9000000000000057,1.9000000000000057,-0.062000000000000055,3.1000000000000014,2.299999999999997,-0.6999999999999993,-2.700000000000003,-15.899999999999999,5.0,5.302,-1.9,-14.610390000000002,14.827999999999996,0.08400000000000007,3
2021,1611,64,Abilene Christian,875,14,53,Texas,823,3,52,1,10.1273,103.047,92.9196,8.6,101.1,92.5,0.735,52.9,45.4,19.4,26.7,30.6,72.1,34.0,42.5,9.607,-1.1,2.228,0.2,82.6087,20.5822,113.848,93.2661,20.9,113.6,92.7,0.912,52.9,46.7,20.2,17.8,31.3,73.1,34.0,36.7,32.75,4.2,2.109,88.6,73.07692,-10.4549,-10.801000000000002,-0.3464999999999918,-12.299999999999999,-12.5,-0.20000000000000284,-0.17700000000000005,0.0,-1.3000000000000043,-0.8000000000000007,8.899999999999999,-0.6999999999999993,-1.0,-23.143,-5.300000000000001,9.531779999999998,-88.39999999999999,0.11900000000000022,11
2021,1613,64,UCLA,819,11,73,BYU,870,6,62,1,15.9175,113.403,97.4859,18.0,114.2,96.2,0.878,52.0,50.7,16.7,17.6,30.8,75.8,32.6,28.0,34.379,2.6,1.376,82.595,65.38462,20.9462,113.107,92.1612,18.9,111.5,92.6,0.894,55.0,46.6,19.0,16.0,28.6,76.7,27.8,29.4,29.972,3.6,1.984,39.722,76.0,-5.028700000000001,0.2960000000000065,5.324700000000007,-0.8999999999999986,2.700000000000003,3.6000000000000085,-0.016000000000000014,-3.0,4.100000000000001,-2.3000000000000007,1.6000000000000014,2.1999999999999993,-0.9000000000000057,4.4069999999999965,-1.0,-10.615380000000002,42.873,-0.6080000000000001,5
2021,1615,64,UNC Greensboro,818,13,54,Florida St.,859,4,64,0,8.15332,104.118,95.9651,4.2,101.6,97.4,0.619,48.2,48.1,15.6,21.0,32.4,74.1,23.8,36.4,10.509,-3.4,1.735,14.285,72.41379,22.0698,116.442,94.3726,23.5,117.2,93.7,0.929,54.4,46.5,20.2,19.6,35.7,68.6,32.7,36.3,27.679,2.4,1.949,53.523,72.72727,-13.91648,-12.323999999999998,1.5925000000000011,-19.3,-15.600000000000009,3.700000000000003,-0.31000000000000005,-6.199999999999996,1.6000000000000014,-4.6,1.3999999999999986,-3.3000000000000043,5.5,-17.169999999999998,-5.8,-0.3134799999999984,-39.238,-0.21399999999999997,9
2021,1617,64,Georgetown,858,12,73,Colorado,866,5,96,0,14.0569,107.693,93.636,13.5,107.2,93.7,0.825,49.6,48.0,21.7,16.2,32.4,72.7,30.3,25.9,32.752,-1.1,2.018,40.505,52.0,21.6816,114.417,92.7358,23.7,115.4,91.7,0.934,52.0,47.7,16.8,19.8,30.9,74.4,29.9,28.0,32.71,4.9,2.245,48.237,73.33333,-7.624699999999999,-6.724000000000004,0.9001999999999981,-10.2,-8.200000000000003,2.0,-0.1090000000000001,-2.3999999999999986,0.29999999999999716,4.899999999999999,-3.6000000000000014,1.5,-1.7000000000000028,0.04200000000000159,-6.0,-21.333330000000004,-7.731999999999999,-0.2270000000000003,7
2021,1619,64,St. Bonaventure,826,9,61,LSU,846,8,76,0,20.8204,111.309,90.4885,18.2,110.1,91.9,0.889,50.5,45.5,16.9,19.5,33.6,71.6,27.8,28.3,21.02,1.9,1.928,0.359,80.0,19.5899,119.771,100.181,19.2,119.0,99.8,0.883,52.8,48.5,16.1,18.4,31.5,67.2,33.9,29.1,31.962,2.3,1.064,83.74,66.66667,1.2304999999999993,-8.462000000000003,-9.692499999999995,-1.0,-8.900000000000006,-7.8999999999999915,0.006000000000000005,-2.299999999999997,-3.0,0.7999999999999972,1.1000000000000014,2.1000000000000014,4.3999999999999915,-10.942,-0.3999999999999999,13.333330000000004,-83.381,0.8639999999999999,1
2021,1621,64,Texas Southern,822,16,66,Michigan,844,1,82,0,-6.05453,98.9834,105.038,-5.3,97.9,103.2,0.353,48.3,46.5,21.5,19.4,32.9,73.6,38.9,33.8,12.242,-4.4,2.509,13.802,65.21739,30.7915,119.434,88.6425,26.9,117.7,90.8,0.952,54.9,44.9,16.3,15.1,29.4,75.2,28.9,24.5,35.087,7.1,2.078,66.856,83.33333,-36.84603,-20.450599999999994,16.3955,-32.199999999999996,-19.799999999999997,12.400000000000006,-0.599,-6.600000000000001,1.6000000000000014,5.199999999999999,4.299999999999999,3.5,-1.6000000000000085,-22.845000000000002,-11.5,-18.11594000000001,-53.053999999999995,0.43100000000000005,15
2021,1623,64,Grand Canyon,855,15,74,Iowa,850,2,86,0,6.97644,103.554,96.5771,8.0,103.6,95.6,0.716,52.8,44.7,20.4,16.5,33.0,77.2,34.5,29.4,10.505,-2.9,2.131,14.562,70.0,28.9031,123.496,94.5925,27.2,123.7,96.5,0.946,54.6,48.3,13.3,16.3,30.7,71.4,32.0,22.6,36.806,5.5,1.656,61.215,72.41379,-21.92666,-19.941999999999993,1.9846000000000004,-19.2,-20.10000000000001,-0.9000000000000057,-0.22999999999999998,-1.8000000000000043,-3.5999999999999943,7.099999999999998,0.1999999999999993,2.3000000000000007,5.799999999999997,-26.300999999999995,-8.4,-2.413790000000006,-46.653000000000006,0.47499999999999987,13
2021,1625,64,Eastern Washington,861,14,84,Kansas,849,3,93,0,6.65145,107.67,101.018,8.2,107.9,99.7,0.713,54.1,47.5,16.5,16.5,23.9,74.4,30.4,27.7,13.059,-3.1,1.614,0.2,68.18182,21.0313,109.615,88.5839,18.5,108.7,90.2,0.895,49.7,47.0,17.7,20.0,31.2,73.1,30.5,26.5,36.237,4.3,1.46,80.676,70.37037,-14.379850000000001,-1.9449999999999932,12.4341,-10.3,-0.7999999999999972,9.5,-0.18200000000000005,4.399999999999999,0.5,-1.1999999999999993,-3.5,-7.300000000000001,1.3000000000000114,-23.178000000000004,-7.4,-2.1885499999999922,-80.476,0.15400000000000014,11
2021,1627,64,Drake,863,11,56,USC,817,6,72,0,14.6425,113.949,99.3062,12.0,112.2,100.2,0.786,54.5,48.4,15.2,18.8,31.6,75.1,25.2,29.7,15.072,1.8,1.958,0.2,85.18519,22.2245,112.883,90.6583,23.1,113.3,90.2,0.932,52.1,45.4,18.1,17.4,35.7,72.7,37.5,24.8,32.675,5.5,1.679,47.985,75.86207,-7.581999999999999,1.0660000000000025,8.647900000000007,-11.100000000000001,-1.0999999999999943,10.0,-0.14600000000000002,2.3999999999999986,3.0,-2.900000000000002,1.4000000000000021,-4.100000000000001,2.3999999999999915,-17.602999999999998,-3.7,9.323120000000003,-47.785,0.2789999999999999,5
2021,1629,64,Ohio,836,13,62,Virginia,813,4,58,1,11.1142,113.002,101.888,10.8,111.8,101.0,0.763,55.8,51.1,17.0,20.0,28.7,72.6,29.6,30.2,16.438,-2.0,1.43,6.606,68.18182,22.6542,115.637,92.9824,20.9,114.8,93.9,0.91,56.1,47.9,15.4,15.2,23.1,77.4,22.0,24.6,30.502,3.5,1.879,55.537,75.0,-11.54,-2.635000000000005,8.905600000000007,-10.099999999999998,-3.0,7.099999999999994,-0.14700000000000002,-0.30000000000000426,3.200000000000003,1.5999999999999996,4.800000000000001,5.599999999999998,-4.800000000000011,-14.064,-5.5,-6.818179999999998,-48.931,-0.44900000000000007,9
2021,1631,64,UC Santa Barbara,820,12,62,Creighton,864,5,63,0,12.2317,109.242,97.0104,11.9,108.1,96.2,0.793,53.0,47.7,16.5,20.8,28.2,75.5,35.5,28.0,11.813,0.1,2.321,53.867,83.33333,21.3051,114.87,93.5652,20.1,114.2,94.1,0.903,55.7,46.9,15.8,17.8,24.8,71.8,26.9,25.7,30.082,3.2,2.215,57.988,71.42857,-9.0734,-5.628,3.4452,-8.200000000000001,-6.1000000000000085,2.1000000000000085,-0.10999999999999999,-2.700000000000003,0.8000000000000043,0.6999999999999993,3.0,3.3999999999999986,3.700000000000003,-18.269,-3.1,11.90476000000001,-4.121000000000002,0.10600000000000032,7
2021,1633,64,Missouri,842,9,68,Oklahoma,834,8,72,0,15.15,110.248,95.0983,16.4,110.7,94.3,0.863,50.9,48.5,18.9,18.4,28.6,70.8,37.5,36.4,33.332,2.1,2.462,50.387,64.0,16.6439,111.427,94.7836,16.5,111.1,94.6,0.864,50.8,48.9,15.8,18.7,27.3,72.5,29.1,22.8,32.105,0.3,2.102,32.322,60.0,-1.4938999999999982,-1.179000000000002,0.31469999999998777,-0.10000000000000142,-0.3999999999999915,-0.29999999999999716,-0.0010000000000000009,0.10000000000000142,-0.3999999999999986,3.099999999999998,-0.3000000000000007,1.3000000000000007,-1.7000000000000028,1.2270000000000039,1.8,4.0,18.064999999999998,0.3600000000000003,1
2021,1635,64,Norfolk St.,839,16,55,Gonzaga,856,1,98,0,-3.74215,100.613,104.355,-4.9,99.0,103.9,0.365,49.7,47.4,17.8,20.7,28.8,71.3,38.6,42.0,6.134,-5.0,2.363,0.2,66.66667,36.6241,126.111,89.4872,35.7,125.3,89.6,0.979,61.0,47.5,16.1,20.3,30.4,76.6,36.7,25.9,24.19,8.5,1.528,80.761,100.0,-40.36625,-25.498000000000005,14.867800000000003,-40.6,-26.299999999999997,14.300000000000011,-0.614,-11.299999999999997,-0.10000000000000142,1.6999999999999993,0.3999999999999986,-1.5999999999999979,-5.299999999999997,-18.056,-13.5,-33.333330000000004,-80.56099999999999,0.835,15
2022,1637,2,Kansas,918,1,72,North Carolina,904,8,69,1,25.492,119.389,93.8965,27.3,120.2,92.9,0.951,54.1,46.9,17.8,18.4,33.4,71.1,32.8,27.8,36.398,10.4,2.082,77.998,82.35294,16.0459,113.057,97.0108,16.9,112.8,95.9,0.866,52.1,49.8,16.5,14.1,30.4,79.2,29.6,21.5,29.665,4.3,1.742,87.453,72.72727,9.446100000000001,6.331999999999994,-3.1143,10.400000000000002,7.400000000000006,-3.0,0.08499999999999996,2.0,-2.8999999999999986,1.3000000000000007,4.299999999999999,3.0,-8.100000000000009,6.733000000000004,6.1000000000000005,9.62567,-9.454999999999998,0.33999999999999986,-7
2022,1639,4,Kansas,918,1,81,Villanova,881,2,65,1,25.492,119.389,93.8965,27.3,120.2,92.9,0.951,54.1,46.9,17.8,18.4,33.4,71.1,32.8,27.8,36.398,10.4,2.082,77.998,82.35294,24.1107,117.95,93.8397,24.1,117.1,93.0,0.934,52.0,47.5,15.5,18.8,30.9,72.0,30.5,25.1,31.835,7.4,2.392,69.071,78.78788,1.3812999999999995,1.438999999999993,0.05680000000000973,3.1999999999999993,3.1000000000000085,-0.09999999999999432,0.016999999999999904,2.1000000000000014,-0.6000000000000014,2.3000000000000007,-0.40000000000000213,2.5,-0.9000000000000057,4.563000000000002,3.0,3.5650600000000026,8.927000000000007,-0.31000000000000005,-1
2022,1641,4,North Carolina,904,8,81,Duke,927,2,77,1,16.0459,113.057,97.0108,16.9,112.8,95.9,0.866,52.1,49.8,16.5,14.1,30.4,79.2,29.6,21.5,29.665,4.3,1.742,87.453,72.72727,23.7124,119.363,95.6508,26.0,120.4,94.4,0.943,55.6,47.0,14.9,16.1,31.9,71.5,28.6,18.9,28.364,7.2,0.988,91.521,82.35294,-7.666499999999999,-6.305999999999997,1.3599999999999994,-9.100000000000001,-7.6000000000000085,1.5,-0.07699999999999996,-3.5,2.799999999999997,1.5999999999999996,-2.0000000000000018,-1.5,7.700000000000003,1.3009999999999984,-2.9000000000000004,-9.62567,-4.067999999999998,0.754,6
2022,1643,8,Miami FL,911,10,50,Kansas,918,1,76,0,12.6207,114.756,102.136,13.7,114.3,100.6,0.813,54.2,53.4,14.2,20.3,23.4,69.7,28.9,24.6,27.253,2.6,2.424,65.462,69.69697,25.492,119.389,93.8965,27.3,120.2,92.9,0.951,54.1,46.9,17.8,18.4,33.4,71.1,32.8,27.8,36.398,10.4,2.082,77.998,82.35294,-12.871300000000002,-4.632999999999996,8.239499999999992,-13.600000000000001,-5.900000000000006,7.699999999999989,-0.138,0.10000000000000142,6.5,-3.6000000000000014,1.9000000000000021,-10.0,-1.3999999999999915,-9.145000000000003,-7.800000000000001,-12.65597000000001,-12.536000000000001,0.3420000000000001,9
2022,1645,8,Villanova,881,2,50,Houston,924,5,44,1,24.1107,117.95,93.8397,24.1,117.1,93.0,0.934,52.0,47.5,15.5,18.8,30.9,72.0,30.5,25.1,31.835,7.4,2.392,69.071,78.78788,26.4976,117.348,90.8508,28.2,117.1,88.9,0.96,53.6,43.5,17.1,21.7,37.8,72.7,28.7,35.1,22.655,6.2,2.179,51.79,85.29412,-2.386899999999997,0.6020000000000039,2.988899999999987,-4.099999999999998,0.0,4.099999999999994,-0.025999999999999912,-1.6000000000000014,4.0,-1.6000000000000014,-2.8999999999999986,-6.899999999999999,-0.7000000000000028,9.18,1.2000000000000002,-6.506240000000005,17.281,0.21300000000000008,-3
2022,1647,8,Saint Peter's,896,15,49,North Carolina,904,8,69,0,4.27548,98.7512,94.4758,3.5,97.6,94.1,0.604,47.8,44.1,20.8,20.9,31.5,72.0,37.5,41.0,12.317,-5.6,1.895,0.2,62.06897,16.0459,113.057,97.0108,16.9,112.8,95.9,0.866,52.1,49.8,16.5,14.1,30.4,79.2,29.6,21.5,29.665,4.3,1.742,87.453,72.72727,-11.77042,-14.305800000000005,-2.5349999999999966,-13.399999999999999,-15.200000000000003,-1.8000000000000114,-0.262,-4.300000000000004,-5.699999999999996,4.300000000000001,6.799999999999999,1.1000000000000014,-7.200000000000003,-17.348,-9.899999999999999,-10.658300000000004,-87.253,0.15300000000000002,7
2022,1649,8,Duke,927,2,78,Arkansas,940,4,69,1,23.7124,119.363,95.6508,26.0,120.4,94.4,0.943,55.6,47.0,14.9,16.1,31.9,71.5,28.6,18.9,28.364,7.2,0.988,91.521,82.35294,19.0214,111.072,92.0511,17.4,109.4,92.0,0.88,49.2,47.5,17.4,20.6,30.9,74.2,37.9,32.3,27.25,4.5,2.292,47.294,75.75758,4.690999999999999,8.290999999999997,3.5996999999999986,8.600000000000001,11.0,2.4000000000000057,0.06299999999999994,6.399999999999999,-0.5,-2.4999999999999982,-4.5,1.0,-2.700000000000003,1.1140000000000008,2.7,6.5953599999999994,44.227000000000004,-1.3039999999999998,-2
2022,1651,16,Miami FL,911,10,70,Iowa St.,920,11,56,1,12.6207,114.756,102.136,13.7,114.3,100.6,0.813,54.2,53.4,14.2,20.3,23.4,69.7,28.9,24.6,27.253,2.6,2.424,65.462,69.69697,13.9459,104.382,90.4362,14.4,103.1,88.7,0.849,49.9,48.4,20.4,24.5,28.2,71.5,28.1,36.2,36.278,2.8,2.195,47.374,62.5,-1.3252000000000006,10.373999999999995,11.699799999999996,-0.7000000000000011,11.200000000000003,11.899999999999991,-0.03600000000000003,4.300000000000004,5.0,-6.199999999999999,-4.199999999999999,-4.800000000000001,-1.7999999999999972,-9.024999999999999,-0.19999999999999973,7.196969999999993,18.088,0.2290000000000001,-1
2022,1653,16,Providence,901,4,61,Kansas,918,1,66,0,13.8797,111.929,98.0491,14.7,111.6,96.9,0.835,50.3,46.7,17.3,15.8,30.5,72.0,38.5,26.3,25.783,6.0,2.733,42.028,83.33333,25.492,119.389,93.8965,27.3,120.2,92.9,0.951,54.1,46.9,17.8,18.4,33.4,71.1,32.8,27.8,36.398,10.4,2.082,77.998,82.35294,-11.612300000000001,-7.459999999999994,4.1525999999999925,-12.600000000000001,-8.600000000000009,4.0,-0.11599999999999999,-3.8000000000000043,-0.19999999999999574,-0.5,-2.599999999999998,-2.8999999999999986,0.9000000000000057,-10.615000000000002,-4.4,0.9803899999999999,-35.970000000000006,0.6510000000000002,3
2022,1655,16,Villanova,881,2,63,Michigan,910,11,55,1,24.1107,117.95,93.8397,24.1,117.1,93.0,0.934,52.0,47.5,15.5,18.8,30.9,72.0,30.5,25.1,31.835,7.4,2.392,69.071,78.78788,15.6481,114.207,98.5588,17.2,113.9,96.7,0.868,52.3,50.3,17.1,15.0,31.2,76.2,28.9,26.6,34.033,0.2,1.413,72.575,54.83871,8.462600000000002,3.743000000000009,-4.719100000000012,6.900000000000002,3.1999999999999886,-3.700000000000003,0.06600000000000006,-0.29999999999999716,-2.799999999999997,-1.6000000000000014,3.8000000000000007,-0.3000000000000007,-4.200000000000003,-2.1980000000000004,7.2,23.949170000000002,-3.504000000000005,0.9789999999999999,-9
2022,1657,16,Houston,924,5,72,Arizona,941,1,60,1,26.4976,117.348,90.8508,28.2,117.1,88.9,0.96,53.6,43.5,17.1,21.7,37.8,72.7,28.7,35.1,22.655,6.2,2.179,51.79,85.29412,27.2089,119.64,92.431,25.6,118.0,92.4,0.943,55.9,44.4,18.0,17.7,34.5,71.7,35.1,22.8,24.936,8.8,1.191,69.26,91.17647,-0.7113000000000014,-2.2920000000000016,-1.5801999999999907,2.599999999999998,-0.9000000000000057,-3.5,0.017000000000000015,-2.299999999999997,-0.8999999999999986,-0.8999999999999986,4.0,3.299999999999997,1.0,-2.280999999999999,-2.6000000000000005,-5.882349999999988,-17.470000000000006,0.9879999999999998,4
2022,1659,16,Saint Peter's,896,15,67,Purdue,900,3,64,1,4.27548,98.7512,94.4758,3.5,97.6,94.1,0.604,47.8,44.1,20.8,20.9,31.5,72.0,37.5,41.0,12.317,-5.6,1.895,0.2,62.06897,22.2872,121.268,98.9804,25.1,122.6,97.5,0.933,57.0,49.6,17.3,14.1,35.2,76.4,36.3,21.4,30.201,7.1,1.778,60.487,79.41176,-18.011719999999997,-22.516800000000003,-4.504599999999996,-21.6,-25.0,-3.4000000000000057,-0.32900000000000007,-9.200000000000003,-5.5,3.5,6.799999999999999,-3.700000000000003,-4.400000000000006,-17.884,-12.7,-17.34279,-60.287,0.11699999999999999,12
2022,1661,16,UCLA,884,4,66,North Carolina,904,8,73,0,24.8472,116.076,91.2287,23.5,115.1,91.6,0.933,50.6,47.7,13.4,19.7,31.9,75.2,29.8,29.2,27.038,5.1,2.209,79.66,78.125,16.0459,113.057,97.0108,16.9,112.8,95.9,0.866,52.1,49.8,16.5,14.1,30.4,79.2,29.6,21.5,29.665,4.3,1.742,87.453,72.72727,8.801300000000001,3.0189999999999912,-5.7821,6.600000000000001,2.299999999999997,-4.300000000000011,0.06700000000000006,-1.5,-2.0999999999999943,-3.0999999999999996,5.6,1.5,-4.0,-2.626999999999999,0.7999999999999998,5.397729999999996,-7.793000000000006,0.4670000000000001,-4
2022,1663,16,Duke,927,2,78,Texas Tech,886,3,73,1,23.7124,119.363,95.6508,26.0,120.4,94.4,0.943,55.6,47.0,14.9,16.1,31.9,71.5,28.6,18.9,28.364,7.2,0.988,91.521,82.35294,24.641,109.701,85.0595,23.6,109.1,85.5,0.943,52.4,45.5,20.3,23.6,33.3,73.9,36.1,32.1,35.796,6.5,2.456,22.03,73.52941,-0.9285999999999994,9.662000000000006,10.591300000000004,2.3999999999999986,11.300000000000011,8.900000000000006,0.0,3.200000000000003,1.5,-5.4,-7.5,-1.3999999999999986,-2.4000000000000057,-7.431999999999999,0.7000000000000002,8.823530000000005,69.491,-1.468,-1
2022,1665,16,Arkansas,940,4,74,Gonzaga,925,1,68,1,19.0214,111.072,92.0511,17.4,109.4,92.0,0.88,49.2,47.5,17.4,20.6,30.9,74.2,37.9,32.3,27.25,4.5,2.292,47.294,75.75758,32.9688,121.805,88.836,32.4,120.9,88.5,0.973,59.4,43.2,15.9,17.0,29.0,77.0,29.7,22.2,24.951,6.7,1.559,86.976,89.65517,-13.947400000000002,-10.733000000000004,3.2151000000000067,-15.0,-11.5,3.5,-0.09299999999999997,-10.199999999999996,4.299999999999997,1.4999999999999982,3.6000000000000014,1.8999999999999986,-2.799999999999997,2.2989999999999995,-2.2,-13.897589999999994,-39.682,0.7329999999999999,3
2022,1667,32,Auburn,939,2,61,Miami FL,911,10,79,0,24.453,113.602,89.1491,23.1,112.7,89.6,0.933,50.3,44.1,16.7,20.7,33.2,70.7,31.6,34.8,27.557,7.4,1.348,61.608,84.375,12.6207,114.756,102.136,13.7,114.3,100.6,0.813,54.2,53.4,14.2,20.3,23.4,69.7,28.9,24.6,27.253,2.6,2.424,65.462,69.69697,11.8323,-1.1539999999999964,-12.986899999999991,9.400000000000002,-1.5999999999999943,-11.0,0.1200000000000001,-3.9000000000000057,-9.299999999999997,2.5,0.3999999999999986,9.800000000000004,1.0,0.3039999999999985,4.800000000000001,14.678030000000007,-3.8540000000000063,-1.0759999999999998,-8
2022,1669,32,Wisconsin,879,3,49,Iowa St.,920,11,54,0,15.5839,110.398,94.8142,16.3,110.1,93.8,0.863,48.2,49.4,12.7,16.9,25.8,76.0,32.3,27.7,31.803,6.5,1.462,62.378,77.41935,13.9459,104.382,90.4362,14.4,103.1,88.7,0.849,49.9,48.4,20.4,24.5,28.2,71.5,28.1,36.2,36.278,2.8,2.195,47.374,62.5,1.638,6.015999999999991,4.378,1.9000000000000004,7.0,5.099999999999994,0.014000000000000012,-1.6999999999999957,1.0,-7.699999999999999,-7.600000000000001,-2.3999999999999986,4.5,-4.474999999999998,3.7,14.919349999999994,15.003999999999998,-0.7329999999999999,-8
2022,1671,32,Providence,901,4,79,Richmond,899,12,51,1,13.8797,111.929,98.0491,14.7,111.6,96.9,0.835,50.3,46.7,17.3,15.8,30.5,72.0,38.5,26.3,25.783,6.0,2.733,42.028,83.33333,9.82501,109.146,99.3205,8.3,107.7,99.4,0.716,51.5,50.5,14.4,18.9,22.4,72.8,30.9,23.5,19.541,-1.6,2.623,15.581,65.71429,4.054689999999999,2.7830000000000013,-1.2713999999999999,6.399999999999999,3.8999999999999915,-2.5,0.119,-1.2000000000000028,-3.799999999999997,2.9000000000000004,-3.099999999999998,8.100000000000001,-0.7999999999999972,6.242000000000001,7.6,17.61904,26.447,0.10999999999999988,-8
2022,1673,32,Creighton,930,9,72,Kansas,918,1,79,0,13.4685,105.588,92.1195,11.9,104.2,92.3,0.801,50.9,44.9,20.5,15.5,28.6,71.6,26.0,20.3,27.539,1.9,1.319,67.849,66.66667,25.492,119.389,93.8965,27.3,120.2,92.9,0.951,54.1,46.9,17.8,18.4,33.4,71.1,32.8,27.8,36.398,10.4,2.082,77.998,82.35294,-12.0235,-13.801000000000002,-1.777000000000001,-15.4,-16.0,-0.6000000000000085,-0.1499999999999999,-3.200000000000003,-2.0,2.6999999999999993,-2.8999999999999986,-4.799999999999997,0.5,-8.859000000000002,-8.5,-15.686270000000007,-10.149000000000001,-0.7629999999999999,8
2022,1675,32,Villanova,881,2,71,Ohio St.,902,7,61,1,24.1107,117.95,93.8397,24.1,117.1,93.0,0.934,52.0,47.5,15.5,18.8,30.9,72.0,30.5,25.1,31.835,7.4,2.392,69.071,78.78788,15.8224,116.627,100.804,16.8,116.3,99.5,0.857,54.8,47.9,16.7,15.3,28.8,71.4,33.5,29.2,29.666,1.4,1.936,66.738,63.33333,8.288300000000001,1.3230000000000075,-6.964300000000009,7.300000000000001,0.7999999999999972,-6.5,0.07700000000000007,-2.799999999999997,-0.3999999999999986,-1.1999999999999993,3.5,2.099999999999998,0.5999999999999943,2.1690000000000005,6.0,15.454550000000005,2.3329999999999984,0.45599999999999996,-5
2022,1677,32,Tennessee,890,3,68,Michigan,910,11,76,0,25.2399,111.439,86.1987,23.2,110.1,86.9,0.938,50.3,46.2,18.0,22.9,32.8,72.6,29.6,31.6,34.071,8.0,1.362,69.805,78.78788,15.6481,114.207,98.5588,17.2,113.9,96.7,0.868,52.3,50.3,17.1,15.0,31.2,76.2,28.9,26.6,34.033,0.2,1.413,72.575,54.83871,9.5918,-2.7680000000000007,-12.360100000000003,6.0,-3.8000000000000114,-9.799999999999997,0.06999999999999995,-2.0,-4.099999999999994,0.8999999999999986,7.899999999999999,1.5999999999999979,-3.6000000000000085,0.0379999999999967,7.8,23.949170000000002,-2.769999999999996,-0.050999999999999934,-8
2022,1679,32,Illinois,923,4,53,Houston,924,5,68,0,19.5866,113.725,94.138,20.5,113.6,93.1,0.908,53.1,46.3,17.7,15.6,33.4,74.2,31.7,28.4,30.786,4.2,2.241,54.781,70.96774,26.4976,117.348,90.8508,28.2,117.1,88.9,0.96,53.6,43.5,17.1,21.7,37.8,72.7,28.7,35.1,22.655,6.2,2.179,51.79,85.29412,-6.910999999999998,-3.6230000000000047,3.2871999999999986,-7.699999999999999,-3.5,4.199999999999989,-0.051999999999999935,-0.5,2.799999999999997,0.5999999999999979,-6.1,-4.399999999999999,1.5,8.131,-2.0,-14.32638,2.9909999999999997,0.06200000000000028,-1
2022,1681,32,TCU,891,9,80,Arizona,941,1,85,0,14.909,108.261,93.3525,14.5,107.4,92.9,0.841,48.9,47.7,21.6,18.4,37.8,73.9,31.2,26.7,36.146,2.9,1.734,65.515,62.5,27.2089,119.64,92.431,25.6,118.0,92.4,0.943,55.9,44.4,18.0,17.7,34.5,71.7,35.1,22.8,24.936,8.8,1.191,69.26,91.17647,-12.2999,-11.379000000000005,0.9215000000000089,-11.100000000000001,-10.599999999999994,0.5,-0.10199999999999998,-7.0,3.3000000000000043,3.6000000000000014,0.6999999999999993,3.299999999999997,2.200000000000003,11.21,-5.9,-28.676469999999995,-3.7450000000000045,0.5429999999999999,8
2022,1683,32,Saint Peter's,896,15,70,Murray St.,907,7,60,1,4.27548,98.7512,94.4758,3.5,97.6,94.1,0.604,47.8,44.1,20.8,20.9,31.5,72.0,37.5,41.0,12.317,-5.6,1.895,0.2,62.06897,16.389,111.518,95.1287,14.6,109.6,95.0,0.838,52.9,48.0,17.1,21.0,35.5,74.6,31.1,24.6,12.852,3.5,2.121,18.119,93.10345,-12.11352,-12.766800000000003,-0.6528999999999883,-11.1,-12.0,-0.9000000000000057,-0.23399999999999999,-5.100000000000001,-3.8999999999999986,3.6999999999999993,-0.10000000000000142,-4.0,-2.5999999999999943,-0.5350000000000001,-9.1,-31.034479999999995,-17.919,-0.22599999999999998,8
2022,1685,32,Purdue,900,3,81,Texas,889,6,71,1,22.2872,121.268,98.9804,25.1,122.6,97.5,0.933,57.0,49.6,17.3,14.1,35.2,76.4,36.3,21.4,30.201,7.1,1.778,60.487,79.41176,20.4063,111.812,91.4059,21.1,111.6,90.5,0.918,50.1,46.5,18.2,23.3,31.9,70.0,32.3,36.8,35.097,3.3,2.664,78.557,65.625,1.880899999999997,9.456000000000003,7.5745000000000005,4.0,11.0,7.0,0.015000000000000013,6.899999999999999,3.1000000000000014,-0.8999999999999986,-9.200000000000001,3.3000000000000043,6.400000000000006,-4.896000000000001,3.8,13.786760000000001,-18.07,-0.8860000000000001,-3
2022,1687,32,UCLA,884,4,72,Saint Mary's,897,5,56,1,24.8472,116.076,91.2287,23.5,115.1,91.6,0.933,50.6,47.7,13.4,19.7,31.9,75.2,29.8,29.2,27.038,5.1,2.209,79.66,78.125,19.8082,109.764,89.9554,17.7,107.8,90.1,0.887,52.6,48.3,17.1,19.5,27.3,78.1,23.2,24.4,25.887,3.9,2.27,32.634,77.41935,5.0390000000000015,6.311999999999998,1.273300000000006,5.800000000000001,7.299999999999997,1.5,0.04600000000000004,-2.0,-0.5999999999999943,-3.700000000000001,0.1999999999999993,4.599999999999998,-2.8999999999999915,1.1509999999999998,1.1999999999999997,0.7056500000000057,47.025999999999996,-0.06099999999999994,-1
2022,1689,32,North Carolina,904,8,93,Baylor,938,1,86,1,16.0459,113.057,97.0108,16.9,112.8,95.9,0.866,52.1,49.8,16.5,14.1,30.4,79.2,29.6,21.5,29.665,4.3,1.742,87.453,72.72727,26.3204,117.874,91.5538,26.8,117.5,90.7,0.952,52.9,47.8,18.2,22.9,36.3,71.6,28.5,26.9,35.472,8.9,1.781,55.889,81.25,-10.2745,-4.816999999999993,5.457000000000008,-9.900000000000002,-4.700000000000003,5.200000000000003,-0.08599999999999997,-0.7999999999999972,2.0,-1.6999999999999993,-8.799999999999999,-5.899999999999999,7.6000000000000085,-5.807000000000002,-4.6000000000000005,-8.522729999999996,31.564,-0.038999999999999924,7
2022,1691,32,Duke,927,2,85,Michigan St.,909,7,76,1,23.7124,119.363,95.6508,26.0,120.4,94.4,0.943,55.6,47.0,14.9,16.1,31.9,71.5,28.6,18.9,28.364,7.2,0.988,91.521,82.35294,14.8717,111.275,96.4032,15.4,110.9,95.5,0.848,52.0,47.5,19.2,15.3,30.7,73.0,30.4,28.3,32.331,2.9,1.746,75.799,64.70588,8.840699999999998,8.087999999999994,-0.7523999999999944,10.6,9.5,-1.0999999999999943,0.09499999999999997,3.6000000000000014,-0.5,-4.299999999999999,0.8000000000000007,1.1999999999999993,-1.5,-3.9670000000000023,4.300000000000001,17.64706000000001,15.721999999999994,-0.758,-5
2022,1693,32,Texas Tech,886,3,59,Notre Dame,903,11,53,1,24.641,109.701,85.0595,23.6,109.1,85.5,0.943,52.4,45.5,20.3,23.6,33.3,73.9,36.1,32.1,35.796,6.5,2.456,22.03,73.52941,13.6336,111.997,98.3632,14.8,111.9,97.1,0.836,54.0,49.1,15.5,15.0,22.1,76.0,27.7,22.9,27.584,1.8,2.393,72.248,67.74194,11.007399999999999,-2.2960000000000065,-13.303700000000006,8.8,-2.8000000000000114,-11.599999999999994,0.10699999999999998,-1.6000000000000014,-3.6000000000000014,4.800000000000001,8.600000000000001,11.199999999999996,-2.0999999999999943,8.212,4.7,5.787469999999999,-50.218,0.06300000000000017,-8
2022,1695,32,Arkansas,940,4,53,New Mexico St.,906,12,48,1,19.0214,111.072,92.0511,17.4,109.4,92.0,0.88,49.2,47.5,17.4,20.6,30.9,74.2,37.9,32.3,27.25,4.5,2.292,47.294,75.75758,10.1026,107.805,97.7021,8.6,106.1,97.5,0.726,52.2,45.5,20.7,16.9,33.3,73.8,35.4,27.8,14.913,0.7,2.364,16.577,79.31034,8.9188,3.266999999999996,-5.650999999999996,8.799999999999999,3.3000000000000114,-5.5,0.15400000000000003,-3.0,2.0,-3.3000000000000007,3.700000000000003,-2.3999999999999986,0.4000000000000057,12.337,3.8,-3.552759999999992,30.716999999999995,-0.07200000000000006,-8
2022,1697,32,Memphis,912,9,78,Gonzaga,925,1,82,0,16.2198,110.368,94.1479,17.2,110.4,93.2,0.875,52.6,46.5,22.9,20.9,37.5,69.0,38.4,32.9,26.062,1.4,1.725,80.073,67.74194,32.9688,121.805,88.836,32.4,120.9,88.5,0.973,59.4,43.2,15.9,17.0,29.0,77.0,29.7,22.2,24.951,6.7,1.559,86.976,89.65517,-16.749000000000002,-11.437000000000012,5.3119000000000085,-15.2,-10.5,4.700000000000003,-0.09799999999999998,-6.799999999999997,3.299999999999997,6.999999999999998,3.8999999999999986,8.5,-8.0,1.1110000000000007,-5.300000000000001,-21.91323,-6.903000000000006,0.16600000000000015,8
2022,1699,64,Jacksonville St.,919,15,61,Auburn,939,2,80,0,2.24147,105.325,103.083,2.3,104.0,101.7,0.564,54.2,48.0,20.0,17.1,28.3,73.8,32.2,21.1,10.698,-5.2,2.546,6.265,65.51724,24.453,113.602,89.1491,23.1,112.7,89.6,0.933,50.3,44.1,16.7,20.7,33.2,70.7,31.6,34.8,27.557,7.4,1.348,61.608,84.375,-22.21153,-8.277000000000001,13.933899999999994,-20.8,-8.700000000000003,12.100000000000009,-0.3690000000000001,3.9000000000000057,3.8999999999999986,3.3000000000000007,-3.599999999999998,-4.900000000000002,3.0999999999999943,-16.858999999999998,-12.600000000000001,-18.85776,-55.342999999999996,1.1979999999999997,13
2022,1701,64,Miami FL,911,10,68,USC,883,7,66,1,12.6207,114.756,102.136,13.7,114.3,100.6,0.813,54.2,53.4,14.2,20.3,23.4,69.7,28.9,24.6,27.253,2.6,2.424,65.462,69.69697,14.4494,110.473,96.0232,13.3,109.3,96.0,0.816,51.1,44.7,17.7,14.7,33.8,72.8,30.9,26.3,24.007,4.1,2.119,59.267,78.78788,-1.8287000000000013,4.283000000000001,6.112799999999993,0.3999999999999986,5.0,4.599999999999994,-0.0030000000000000027,3.1000000000000014,8.699999999999996,-3.5,5.600000000000001,-10.399999999999999,-3.0999999999999943,3.2459999999999987,-1.4999999999999996,-9.090910000000008,6.195,0.3049999999999997,3
2022,1703,64,Colgate,933,14,60,Wisconsin,879,3,67,0,4.21729,108.276,104.059,2.8,106.4,103.6,0.576,55.9,49.0,16.9,16.2,26.5,75.2,26.8,24.3,9.704,-6.1,2.413,0.2,66.66667,15.5839,110.398,94.8142,16.3,110.1,93.8,0.863,48.2,49.4,12.7,16.9,25.8,76.0,32.3,27.7,31.803,6.5,1.462,62.378,77.41935,-11.36661,-2.122,9.244799999999998,-13.5,-3.6999999999999886,9.799999999999997,-0.28700000000000003,7.699999999999996,-0.3999999999999986,4.199999999999999,-0.6999999999999993,0.6999999999999993,-0.7999999999999972,-22.099,-12.6,-10.752679999999998,-62.178,0.9509999999999998,11
2022,1705,64,Iowa St.,920,11,59,LSU,914,6,54,1,13.9459,104.382,90.4362,14.4,103.1,88.7,0.849,49.9,48.4,20.4,24.5,28.2,71.5,28.1,36.2,36.278,2.8,2.195,47.374,62.5,19.0816,107.64,88.5581,17.7,105.8,88.1,0.891,49.5,45.1,20.4,25.3,33.7,68.8,33.0,38.4,30.073,2.3,1.196,72.652,66.66667,-5.135700000000002,-3.2579999999999956,1.8781000000000034,-3.299999999999999,-2.700000000000003,0.6000000000000085,-0.04200000000000004,0.3999999999999986,3.299999999999997,0.0,-0.8000000000000007,-5.5000000000000036,2.700000000000003,6.204999999999998,0.5,-4.166669999999996,-25.278,0.9989999999999999,5
2022,1707,64,South Dakota St.,892,13,57,Providence,901,4,66,0,11.4429,116.763,105.32,11.0,115.0,104.0,0.761,59.7,51.5,15.3,15.8,24.0,75.8,35.2,21.3,11.018,1.5,2.058,0.603,87.5,13.8797,111.929,98.0491,14.7,111.6,96.9,0.835,50.3,46.7,17.3,15.8,30.5,72.0,38.5,26.3,25.783,6.0,2.733,42.028,83.33333,-2.4368,4.834000000000003,7.2708999999999975,-3.6999999999999993,3.4000000000000057,7.099999999999994,-0.07399999999999995,9.400000000000006,4.799999999999997,-2.0,0.0,-6.5,3.799999999999997,-14.765,-4.5,4.166669999999996,-41.425,-0.6750000000000003,9
2022,1709,64,Richmond,899,12,67,Iowa,921,5,63,1,9.82501,109.146,99.3205,8.3,107.7,99.4,0.716,51.5,50.5,14.4,18.9,22.4,72.8,30.9,23.5,19.541,-1.6,2.623,15.581,65.71429,23.5269,121.548,98.0208,23.4,121.1,97.7,0.922,53.6,49.8,12.9,19.3,32.2,69.8,30.4,26.2,28.129,4.6,1.681,43.723,74.28571,-13.70189,-12.402000000000001,1.2997000000000014,-15.099999999999998,-13.399999999999991,1.7000000000000028,-0.20600000000000007,-2.1000000000000014,0.7000000000000028,1.5,-0.40000000000000213,-9.800000000000004,3.0,-8.588000000000001,-6.199999999999999,-8.57141999999999,-28.142,0.9420000000000002,7
2022,1711,64,Creighton,930,9,72,San Diego St.,895,8,69,1,13.4685,105.588,92.1195,11.9,104.2,92.3,0.801,50.9,44.9,20.5,15.5,28.6,71.6,26.0,20.3,27.539,1.9,1.319,67.849,66.66667,18.151,104.106,85.9549,15.0,101.4,86.4,0.863,48.8,44.0,19.3,21.7,29.6,73.0,31.3,30.6,23.962,2.6,2.481,31.863,74.19355,-4.682499999999999,1.4819999999999993,6.164600000000007,-3.0999999999999996,2.799999999999997,5.8999999999999915,-0.061999999999999944,2.1000000000000014,0.8999999999999986,1.1999999999999993,-6.199999999999999,-1.0,-1.4000000000000057,3.5770000000000017,-0.7000000000000002,-7.526880000000006,35.986000000000004,-1.162,1
2022,1713,64,Texas Southern,887,16,56,Kansas,918,1,83,0,-1.33245,98.1424,99.4749,-1.7,96.9,98.6,0.45,48.7,44.9,21.4,17.4,33.8,71.8,32.7,34.3,11.938,-6.8,2.813,16.145,60.0,25.492,119.389,93.8965,27.3,120.2,92.9,0.951,54.1,46.9,17.8,18.4,33.4,71.1,32.8,27.8,36.398,10.4,2.082,77.998,82.35294,-26.824450000000002,-21.2466,5.578400000000002,-29.0,-23.299999999999997,5.699999999999989,-0.5009999999999999,-5.399999999999999,-2.0,3.599999999999998,-1.0,0.3999999999999986,0.7000000000000028,-24.46,-17.2,-22.352940000000004,-61.85300000000001,0.7310000000000003,15
2022,1715,64,Delaware,928,15,60,Villanova,881,2,80,0,2.283,106.849,104.566,3.6,106.8,103.2,0.597,53.5,49.3,18.4,18.5,26.8,68.8,34.6,29.3,12.584,-5.5,2.079,13.46,63.63636,24.1107,117.95,93.8397,24.1,117.1,93.0,0.934,52.0,47.5,15.5,18.8,30.9,72.0,30.5,25.1,31.835,7.4,2.392,69.071,78.78788,-21.8277,-11.100999999999999,10.726300000000009,-20.5,-10.299999999999997,10.200000000000003,-0.3370000000000001,1.5,1.7999999999999972,2.8999999999999986,-0.3000000000000007,-4.099999999999998,-3.200000000000003,-19.251,-12.9,-15.151519999999998,-55.611,-0.3129999999999997,13
2022,1717,64,Loyola Chicago,915,10,41,Ohio St.,902,7,54,0,17.6948,110.891,93.196,15.2,109.1,93.9,0.849,56.3,47.0,18.4,19.9,25.1,76.1,31.9,28.4,19.04,1.8,2.525,5.155,77.41935,15.8224,116.627,100.804,16.8,116.3,99.5,0.857,54.8,47.9,16.7,15.3,28.8,71.4,33.5,29.2,29.666,1.4,1.936,66.738,63.33333,1.8724000000000007,-5.73599999999999,-7.608000000000004,-1.6000000000000014,-7.200000000000003,-5.599999999999994,-0.008000000000000007,1.5,-0.8999999999999986,1.6999999999999993,4.599999999999998,-3.6999999999999993,4.699999999999989,-10.626000000000001,0.40000000000000013,14.086019999999998,-61.583,0.589,3
2022,1719,64,Longwood,916,14,56,Tennessee,890,3,88,0,2.48399,106.108,103.624,3.0,105.6,102.6,0.582,51.7,50.6,18.2,20.1,33.6,75.5,35.9,26.8,8.664,-2.3,2.05,4.353,78.57143,25.2399,111.439,86.1987,23.2,110.1,86.9,0.938,50.3,46.2,18.0,22.9,32.8,72.6,29.6,31.6,34.071,8.0,1.362,69.805,78.78788,-22.75591,-5.330999999999989,17.425299999999993,-20.2,-4.5,15.699999999999989,-0.356,1.4000000000000057,4.399999999999999,0.1999999999999993,-2.799999999999997,0.8000000000000043,2.9000000000000057,-25.406999999999996,-10.3,-0.2164499999999947,-65.45200000000001,0.6879999999999997,11
2022,1721,64,Michigan,910,11,75,Colorado St.,932,6,63,1,15.6481,114.207,98.5588,17.2,113.9,96.7,0.868,52.3,50.3,17.1,15.0,31.2,76.2,28.9,26.6,34.033,0.2,1.413,72.575,54.83871,15.8566,114.159,98.3029,13.8,112.5,98.7,0.818,55.2,49.9,15.1,18.4,21.9,75.1,30.4,25.0,22.01,4.3,2.004,19.502,82.75862,-0.2085000000000008,0.04799999999998761,0.2559000000000111,3.3999999999999986,1.4000000000000057,-2.0,0.050000000000000044,-2.9000000000000057,0.3999999999999986,2.0000000000000018,-3.3999999999999986,9.3,1.1000000000000085,12.023,-4.1,-27.919909999999994,53.07300000000001,-0.591,5
2022,1723,64,Chattanooga,934,13,53,Illinois,923,4,54,0,11.2724,110.028,98.756,9.9,108.4,98.5,0.751,52.8,49.6,17.0,18.0,32.7,73.7,27.0,27.3,14.52,0.2,2.605,20.793,78.125,19.5866,113.725,94.138,20.5,113.6,93.1,0.908,53.1,46.3,17.7,15.6,33.4,74.2,31.7,28.4,30.786,4.2,2.241,54.781,70.96774,-8.314200000000001,-3.6969999999999885,4.617999999999995,-10.6,-5.199999999999989,5.400000000000006,-0.15700000000000003,-0.30000000000000426,3.3000000000000043,-0.6999999999999993,2.4000000000000004,-0.6999999999999957,-0.5,-16.266000000000002,-4.0,7.157259999999994,-33.988,0.3639999999999999,9
2022,1725,64,UAB,885,12,68,Houston,924,5,82,0,14.0333,112.489,98.456,13.0,111.1,98.1,0.807,52.9,47.9,16.3,21.4,33.4,72.6,29.5,31.5,14.007,-0.1,2.645,28.246,78.125,26.4976,117.348,90.8508,28.2,117.1,88.9,0.96,53.6,43.5,17.1,21.7,37.8,72.7,28.7,35.1,22.655,6.2,2.179,51.79,85.29412,-12.464299999999998,-4.858999999999995,7.605199999999996,-15.2,-6.0,9.199999999999989,-0.1529999999999999,-0.7000000000000028,4.399999999999999,-0.8000000000000007,-0.3000000000000007,-4.399999999999999,-0.10000000000000853,-8.648000000000001,-6.3,-7.169120000000007,-23.544,0.4660000000000002,7
2022,1727,64,TCU,891,9,69,Seton Hall,893,8,42,1,14.909,108.261,93.3525,14.5,107.4,92.9,0.841,48.9,47.7,21.6,18.4,37.8,73.9,31.2,26.7,36.146,2.9,1.734,65.515,62.5,14.967,108.487,93.5199,13.5,106.8,93.3,0.826,47.6,45.4,17.5,18.5,32.7,70.9,30.8,27.8,28.752,2.1,2.526,67.935,66.66667,-0.05799999999999983,-0.2259999999999991,-0.16740000000000066,1.0,0.6000000000000085,-0.3999999999999915,0.015000000000000013,1.2999999999999972,2.3000000000000043,4.100000000000001,-0.10000000000000142,5.099999999999994,3.0,7.394000000000002,0.7999999999999998,-4.166669999999996,-2.4200000000000017,-0.7919999999999998,1
2022,1729,64,Wright St.,878,16,70,Arizona,941,1,87,0,-0.86607,106.365,107.231,-2.7,104.2,106.9,0.427,52.0,51.2,17.9,18.4,31.3,70.0,31.1,26.0,8.923,-8.4,1.581,9.944,60.60606,27.2089,119.64,92.431,25.6,118.0,92.4,0.943,55.9,44.4,18.0,17.7,34.5,71.7,35.1,22.8,24.936,8.8,1.191,69.26,91.17647,-28.07497,-13.275000000000006,14.799999999999997,-28.3,-13.799999999999997,14.5,-0.516,-3.8999999999999986,6.800000000000004,-0.10000000000000142,0.6999999999999993,-3.1999999999999993,-1.7000000000000028,-16.012999999999998,-17.200000000000003,-30.570409999999995,-59.316,0.3899999999999999,15
2022,1731,64,Saint Peter's,896,15,85,Kentucky,917,2,79,1,4.27548,98.7512,94.4758,3.5,97.6,94.1,0.604,47.8,44.1,20.8,20.9,31.5,72.0,37.5,41.0,12.317,-5.6,1.895,0.2,62.06897,26.5948,120.191,93.5959,25.2,119.1,93.9,0.939,53.3,46.5,16.6,17.4,37.8,75.1,27.2,25.1,32.472,6.9,1.856,74.515,78.78788,-22.319319999999998,-21.439800000000005,0.8799000000000063,-21.7,-21.5,0.19999999999998863,-0.33499999999999996,-5.5,-2.3999999999999986,4.199999999999999,3.5,-6.299999999999997,-3.0999999999999943,-20.155,-12.5,-16.71891,-74.315,0.038999999999999924,13
2022,1733,64,San Francisco,894,10,87,Murray St.,907,7,92,0,18.3679,110.756,92.3886,17.2,109.4,92.2,0.877,53.1,46.9,18.1,18.5,30.3,76.2,28.4,32.2,24.113,1.6,2.568,3.516,71.875,16.389,111.518,95.1287,14.6,109.6,95.0,0.838,52.9,48.0,17.1,21.0,35.5,74.6,31.1,24.6,12.852,3.5,2.121,18.119,93.10345,1.9788999999999994,-0.7620000000000005,-2.740099999999998,2.5999999999999996,-0.19999999999998863,-2.799999999999997,0.039000000000000035,0.20000000000000284,-1.1000000000000014,1.0,-2.5,-5.199999999999999,1.6000000000000085,11.261,-1.9,-21.228449999999995,-14.603,0.44700000000000006,3
2022,1735,64,Yale,876,14,56,Purdue,900,3,78,0,2.23432,101.474,99.2392,1.4,99.8,98.4,0.541,50.1,48.9,18.3,18.2,25.6,73.5,32.7,31.1,14.651,-4.9,1.898,9.416,62.06897,22.2872,121.268,98.9804,25.1,122.6,97.5,0.933,57.0,49.6,17.3,14.1,35.2,76.4,36.3,21.4,30.201,7.1,1.778,60.487,79.41176,-20.05288,-19.793999999999997,0.2587999999999937,-23.700000000000003,-22.799999999999997,0.9000000000000057,-0.392,-6.899999999999999,-0.7000000000000028,1.0,4.1,-9.600000000000001,-2.9000000000000057,-15.55,-12.0,-17.34279,-51.071,0.11999999999999988,11
2022,1737,64,Virginia Tech,880,11,73,Texas,889,6,81,0,17.8634,114.268,96.4045,19.8,114.7,94.9,0.898,55.2,48.7,17.0,18.8,28.1,73.9,23.7,25.2,28.436,1.7,2.136,20.673,65.71429,20.4063,111.812,91.4059,21.1,111.6,90.5,0.918,50.1,46.5,18.2,23.3,31.9,70.0,32.3,36.8,35.097,3.3,2.664,78.557,65.625,-2.542900000000003,2.456000000000003,4.998599999999996,-1.3000000000000007,3.1000000000000085,4.400000000000006,-0.020000000000000018,5.100000000000001,2.200000000000003,-1.1999999999999993,-4.5,-3.799999999999997,3.9000000000000057,-6.661000000000001,-1.5999999999999999,0.08929000000000542,-57.884,-0.528,5
2022,1739,64,Akron,943,13,53,UCLA,884,4,57,0,3.48951,106.151,102.661,2.1,104.8,102.7,0.558,52.8,49.3,17.7,17.6,29.1,73.7,40.1,26.2,9.639,-4.3,1.974,14.226,70.96774,24.8472,116.076,91.2287,23.5,115.1,91.6,0.933,50.6,47.7,13.4,19.7,31.9,75.2,29.8,29.2,27.038,5.1,2.209,79.66,78.125,-21.35769,-9.924999999999997,11.432299999999998,-21.4,-10.299999999999997,11.100000000000009,-0.375,2.1999999999999957,1.5999999999999943,4.299999999999999,-2.099999999999998,-2.799999999999997,-1.5,-17.399,-9.399999999999999,-7.157259999999994,-65.434,-0.2350000000000001,9
2022,1741,64,Indiana,922,12,53,Saint Mary's,897,5,82,0,14.9367,107.558,92.6213,17.5,108.0,90.5,0.884,51.3,45.6,17.3,17.4,26.9,75.0,33.5,30.6,29.313,0.3,2.053,72.37,60.60606,19.8082,109.764,89.9554,17.7,107.8,90.1,0.887,52.6,48.3,17.1,19.5,27.3,78.1,23.2,24.4,25.887,3.9,2.27,32.634,77.41935,-4.871499999999999,-2.205999999999989,2.6659000000000077,-0.1999999999999993,0.20000000000000284,0.4000000000000057,-0.0030000000000000027,-1.3000000000000043,-2.6999999999999957,0.1999999999999993,-2.1000000000000014,-0.40000000000000213,-3.0999999999999943,3.4259999999999984,-3.6,-16.813289999999995,39.736000000000004,-0.21700000000000008,7
2022,1743,64,Marquette,913,9,63,North Carolina,904,8,95,0,14.0024,109.787,95.785,12.6,107.9,95.3,0.807,52.6,46.7,17.3,19.1,22.4,68.6,26.8,29.7,29.119,0.7,1.239,58.313,61.29032,16.0459,113.057,97.0108,16.9,112.8,95.9,0.866,52.1,49.8,16.5,14.1,30.4,79.2,29.6,21.5,29.665,4.3,1.742,87.453,72.72727,-2.0435,-3.269999999999996,-1.2258000000000067,-4.299999999999999,-4.8999999999999915,-0.6000000000000085,-0.05899999999999994,0.5,-3.0999999999999943,0.8000000000000007,5.000000000000002,-8.0,-10.600000000000009,-0.5459999999999994,-3.5999999999999996,-11.436950000000003,-29.14,-0.5029999999999999,1
2022,1745,64,Norfolk St.,905,16,49,Baylor,938,1,85,0,0.14543,102.43,102.285,-2.2,99.9,102.1,0.438,51.5,45.1,19.9,18.5,29.8,72.8,39.1,33.3,6.905,-3.1,2.43,7.809,77.77778,26.3204,117.874,91.5538,26.8,117.5,90.7,0.952,52.9,47.8,18.2,22.9,36.3,71.6,28.5,26.9,35.472,8.9,1.781,55.889,81.25,-26.17497,-15.443999999999988,10.731200000000001,-29.0,-17.599999999999994,11.399999999999991,-0.514,-1.3999999999999986,-2.6999999999999957,1.6999999999999993,-4.399999999999999,-6.4999999999999964,1.2000000000000028,-28.567,-12.0,-3.472219999999993,-48.080000000000005,0.6490000000000002,15
2022,1747,64,Cal St. Fullerton,935,15,61,Duke,927,2,78,0,2.10306,104.656,102.553,-1.2,102.0,103.2,0.466,49.2,50.8,18.1,20.2,29.0,72.0,35.7,26.1,10.89,-5.1,2.33,12.413,65.51724,23.7124,119.363,95.6508,26.0,120.4,94.4,0.943,55.6,47.0,14.9,16.1,31.9,71.5,28.6,18.9,28.364,7.2,0.988,91.521,82.35294,-21.60934,-14.706999999999994,6.9021999999999935,-27.2,-18.400000000000006,8.799999999999997,-0.4769999999999999,-6.399999999999999,3.799999999999997,3.200000000000001,4.099999999999998,-2.8999999999999986,0.5,-17.474,-12.3,-16.835700000000003,-79.108,1.342,13
2022,1749,64,Davidson,929,10,73,Michigan St.,909,7,74,0,14.8028,116.781,101.978,14.2,115.7,101.5,0.818,55.6,49.4,14.8,16.9,23.6,77.8,32.9,28.0,16.861,2.1,2.001,36.235,81.25,14.8717,111.275,96.4032,15.4,110.9,95.5,0.848,52.0,47.5,19.2,15.3,30.7,73.0,30.4,28.3,32.331,2.9,1.746,75.799,64.70588,-0.06890000000000107,5.506,5.574799999999996,-1.200000000000001,4.799999999999997,6.0,-0.030000000000000027,3.6000000000000014,1.8999999999999986,-4.399999999999999,1.5999999999999979,-7.099999999999998,4.799999999999997,-15.470000000000002,-0.7999999999999998,16.544120000000007,-39.56400000000001,0.2549999999999999,3
2022,1751,64,Montana St.,908,14,62,Texas Tech,886,3,97,0,3.80856,104.531,100.723,2.2,103.0,100.8,0.562,54.1,48.6,18.5,18.3,26.7,76.7,40.5,36.2,7.984,-2.8,1.961,7.356,78.125,24.641,109.701,85.0595,23.6,109.1,85.5,0.943,52.4,45.5,20.3,23.6,33.3,73.9,36.1,32.1,35.796,6.5,2.456,22.03,73.52941,-20.83244,-5.1699999999999875,15.663499999999999,-21.400000000000002,-6.099999999999994,15.299999999999997,-0.3809999999999999,1.7000000000000028,3.1000000000000014,-1.8000000000000007,-5.300000000000001,-6.599999999999998,2.799999999999997,-27.811999999999998,-9.3,4.595590000000001,-14.674000000000001,-0.4949999999999999,11
2022,1753,64,Notre Dame,903,11,78,Alabama,942,6,64,1,13.6336,111.997,98.3632,14.8,111.9,97.1,0.836,54.0,49.1,15.5,15.0,22.1,76.0,27.7,22.9,27.584,1.8,2.393,72.248,67.74194,17.3625,116.098,98.7358,17.8,115.9,98.1,0.872,51.5,49.4,19.8,17.7,35.5,69.3,33.6,35.2,34.827,2.0,1.646,62.2,59.375,-3.728900000000001,-4.100999999999999,-0.3725999999999914,-3.0,-4.0,-1.0,-0.03600000000000003,2.5,-0.29999999999999716,-4.300000000000001,-2.6999999999999993,-13.399999999999999,6.700000000000003,-7.2429999999999986,-0.19999999999999996,8.36694,10.048000000000002,0.7469999999999999,5
2022,1755,64,Vermont,882,13,71,Arkansas,940,4,75,0,13.0669,110.775,97.7084,11.2,108.6,97.4,0.778,57.3,47.7,14.9,17.1,24.0,81.4,26.6,22.6,8.437,-0.8,2.807,4.679,84.375,19.0214,111.072,92.0511,17.4,109.4,92.0,0.88,49.2,47.5,17.4,20.6,30.9,74.2,37.9,32.3,27.25,4.5,2.292,47.294,75.75758,-5.9544999999999995,-0.29699999999999704,5.657299999999992,-6.199999999999999,-0.8000000000000114,5.400000000000006,-0.10199999999999998,8.099999999999994,0.20000000000000284,-2.4999999999999982,-3.5,-6.899999999999999,7.200000000000003,-18.813000000000002,-5.3,8.617419999999996,-42.614999999999995,0.5150000000000001,9
2022,1757,64,New Mexico St.,906,12,70,Connecticut,931,5,63,1,10.1026,107.805,97.7021,8.6,106.1,97.5,0.726,52.2,45.5,20.7,16.9,33.3,73.8,35.4,27.8,14.913,0.7,2.364,16.577,79.31034,19.3281,113.924,94.5963,17.8,112.6,94.8,0.879,49.6,45.7,17.4,18.0,38.0,72.5,30.6,31.9,27.203,3.2,2.112,54.692,71.875,-9.225499999999998,-6.119,3.105800000000002,-9.200000000000001,-6.5,2.700000000000003,-0.15300000000000002,2.6000000000000014,-0.20000000000000284,3.3000000000000007,-1.1000000000000014,-4.700000000000003,1.2999999999999972,-12.29,-2.5,7.4353399999999965,-38.114999999999995,0.2519999999999998,7
2022,1759,64,Memphis,912,9,64,Boise St.,937,8,53,1,16.2198,110.368,94.1479,17.2,110.4,93.2,0.875,52.6,46.5,22.9,20.9,37.5,69.0,38.4,32.9,26.062,1.4,1.725,80.073,67.74194,16.412,108.443,92.0306,15.0,106.9,91.9,0.851,51.1,48.2,18.5,20.1,30.6,78.1,35.2,25.8,21.555,3.5,2.402,32.117,78.78788,-0.1921999999999997,1.9249999999999972,2.1173,2.1999999999999993,3.5,1.2999999999999972,0.02400000000000002,1.5,-1.7000000000000028,4.399999999999999,0.7999999999999972,6.899999999999999,-9.099999999999994,4.5070000000000014,-2.1,-11.045940000000002,47.955999999999996,-0.677,1
2022,1761,64,Georgia St.,926,16,72,Gonzaga,925,1,93,0,1.84485,101.532,99.6875,1.4,100.8,99.4,0.54,45.1,49.7,16.9,22.7,32.8,69.3,30.2,32.8,12.187,-5.2,2.162,28.01,60.0,32.9688,121.805,88.836,32.4,120.9,88.5,0.973,59.4,43.2,15.9,17.0,29.0,77.0,29.7,22.2,24.951,6.7,1.559,86.976,89.65517,-31.12395,-20.27300000000001,10.851500000000001,-31.0,-20.10000000000001,10.900000000000006,-0.43299999999999994,-14.299999999999997,6.5,0.9999999999999982,5.699999999999999,3.799999999999997,-7.700000000000003,-12.764000000000001,-11.9,-29.65517,-58.965999999999994,0.603,15
2023,1763,2,Connecticut,1002,4,76,San Diego St.,961,5,59,1,25.3686,119.437,94.0686,26.4,118.9,92.5,0.947,53.5,45.5,18.9,19.4,39.2,73.8,31.4,38.7,29.244,4.9,1.724,62.486,75.75757576,20.2549,111.929,91.6744,21.2,111.3,90.1,0.919,50.1,47.5,17.6,19.6,31.7,74.2,34.3,29.4,25.602,5.8,2.718,37.236,81.25,5.1137000000000015,7.507999999999996,2.394199999999998,5.199999999999999,7.6000000000000085,2.4000000000000057,0.027999999999999914,3.3999999999999986,-2.0,1.2999999999999972,-0.20000000000000284,7.5000000000000036,-0.4000000000000057,3.6419999999999995,-0.8999999999999995,-5.492424240000005,25.25,-0.994,-1
2023,1765,4,Connecticut,1002,4,72,Miami FL,977,5,59,1,25.3686,119.437,94.0686,26.4,118.9,92.5,0.947,53.5,45.5,18.9,19.4,39.2,73.8,31.4,38.7,29.244,4.9,1.724,62.486,75.75757576,14.9148,118.233,103.319,15.9,117.3,101.4,0.842,55.0,51.3,16.4,18.1,32.0,71.0,30.0,24.1,23.676,3.7,2.099,44.964,78.125,10.453800000000001,1.2039999999999935,-9.250399999999999,10.499999999999998,1.6000000000000085,-8.900000000000006,0.10499999999999998,-1.5,-5.799999999999997,2.5,1.2999999999999972,7.200000000000003,2.799999999999997,5.568000000000001,1.2000000000000002,-2.3674242400000054,17.522,-0.3750000000000002,-1
2023,1767,4,Florida Atlantic,997,9,71,San Diego St.,961,5,72,0,18.2298,114.275,96.0455,17.4,112.2,94.8,0.874,55.0,45.9,16.7,18.3,30.4,75.5,29.5,26.7,16.095,4.8,2.036,17.083,90.625,20.2549,111.929,91.6744,21.2,111.3,90.1,0.919,50.1,47.5,17.6,19.6,31.7,74.2,34.3,29.4,25.602,5.8,2.718,37.236,81.25,-2.0250999999999983,2.3460000000000036,4.371099999999998,-3.8000000000000007,0.9000000000000057,4.700000000000003,-0.04500000000000004,4.899999999999999,-1.6000000000000014,-0.9000000000000021,-1.3000000000000007,-1.3000000000000007,1.2999999999999972,-9.507000000000001,-1.0,9.375,-20.153,-0.6819999999999999,4
2023,1769,8,Gonzaga,995,3,54,Connecticut,1002,4,82,0,24.3101,124.004,99.6937,24.0,122.6,98.6,0.925,58.5,51.7,14.6,18.8,31.1,74.0,34.2,26.7,26.846,6.8,2.291,76.992,84.375,25.3686,119.437,94.0686,26.4,118.9,92.5,0.947,53.5,45.5,18.9,19.4,39.2,73.8,31.4,38.7,29.244,4.9,1.724,62.486,75.75757576,-1.0585000000000022,4.567000000000007,5.625100000000003,-2.3999999999999986,3.6999999999999886,6.099999999999994,-0.02199999999999991,5.0,6.200000000000003,-4.299999999999999,-0.5999999999999979,-8.100000000000001,0.20000000000000284,-2.3979999999999997,1.8999999999999995,8.617424240000005,14.506000000000007,0.567,-1
2023,1771,8,Texas ,957,2,81,Miami FL,977,5,88,0,24.5707,116.581,92.0106,23.0,114.6,91.6,0.929,52.7,47.8,16.5,22.8,28.3,70.6,31.5,34.5,34.531,7.6,2.221,67.877,76.47058824,14.9148,118.233,103.319,15.9,117.3,101.4,0.842,55.0,51.3,16.4,18.1,32.0,71.0,30.0,24.1,23.676,3.7,2.099,44.964,78.125,9.655899999999999,-1.652000000000001,-11.308400000000006,7.1,-2.700000000000003,-9.800000000000011,0.08700000000000008,-2.299999999999997,-3.5,0.10000000000000142,4.699999999999999,-3.6999999999999993,-0.4000000000000057,10.855,3.8999999999999995,-1.6544117600000021,22.912999999999997,0.12199999999999989,-3
2023,1773,8,Kansas St.,985,3,76,Florida Atlantic,997,9,79,0,18.3143,112.516,94.2021,17.2,110.3,93.1,0.875,51.5,47.5,20.0,20.7,31.1,70.8,37.0,36.7,30.879,4.3,2.51,48.155,71.875,18.2298,114.275,96.0455,17.4,112.2,94.8,0.874,55.0,45.9,16.7,18.3,30.4,75.5,29.5,26.7,16.095,4.8,2.036,17.083,90.625,0.08449999999999847,-1.7590000000000003,-1.8434000000000026,-0.1999999999999993,-1.9000000000000057,-1.7000000000000028,0.0010000000000000009,-3.5,1.6000000000000014,3.3000000000000007,2.3999999999999986,0.7000000000000028,-4.700000000000003,14.784000000000002,-0.5,-18.75,31.072000000000003,0.47399999999999975,-6
2023,1775,8,Creighton,1001,6,56,San Diego St.,961,5,57,0,20.6545,114.621,93.9665,21.0,113.8,92.8,0.913,54.3,47.3,16.6,14.3,25.5,76.7,28.1,19.8,32.269,1.9,1.549,67.359,63.63636364,20.2549,111.929,91.6744,21.2,111.3,90.1,0.919,50.1,47.5,17.6,19.6,31.7,74.2,34.3,29.4,25.602,5.8,2.718,37.236,81.25,0.3995999999999995,2.691999999999993,2.2920999999999907,-0.1999999999999993,2.5,2.700000000000003,-0.006000000000000005,4.199999999999996,-0.20000000000000284,-1.0,-5.300000000000001,-6.199999999999999,2.5,6.666999999999998,-3.9,-17.61363636,30.122999999999998,-1.169,1
2023,1777,16,UCLA,952,2,76,Gonzaga,995,3,79,0,27.6323,114.875,87.2423,25.8,113.2,87.4,0.951,50.9,46.8,15.3,23.6,33.7,72.4,27.1,27.6,28.811,8.5,1.868,83.585,85.29411765,24.3101,124.004,99.6937,24.0,122.6,98.6,0.925,58.5,51.7,14.6,18.8,31.1,74.0,34.2,26.7,26.846,6.8,2.291,76.992,84.375,3.3222000000000023,-9.129000000000005,-12.451400000000007,1.8000000000000007,-9.399999999999991,-11.199999999999989,0.025999999999999912,-7.600000000000001,-4.900000000000006,0.7000000000000011,4.800000000000001,2.6000000000000014,-1.5999999999999943,1.9649999999999999,1.7000000000000002,0.919117650000004,6.592999999999989,-0.4229999999999998,-1
2023,1779,16,Connecticut,1002,4,88,Arkansas,1008,8,65,1,25.3686,119.437,94.0686,26.4,118.9,92.5,0.947,53.5,45.5,18.9,19.4,39.2,73.8,31.4,38.7,29.244,4.9,1.724,62.486,75.75757576,18.6287,112.596,93.9677,18.7,110.7,92.0,0.894,52.0,46.5,18.3,20.4,30.5,71.8,38.8,38.9,30.654,0.4,1.415,70.997,60.60606061,6.739900000000002,6.840999999999994,0.10090000000000998,7.699999999999999,8.200000000000003,0.5,0.052999999999999936,1.5,-1.0,0.5999999999999979,-1.0,8.700000000000003,2.0,-1.4100000000000001,4.5,15.151515149999994,-8.511000000000003,0.30899999999999994,-4
2023,1781,16,Texas ,957,2,83,Xavier,944,3,71,1,24.5707,116.581,92.0106,23.0,114.6,91.6,0.929,52.7,47.8,16.5,22.8,28.3,70.6,31.5,34.5,34.531,7.6,2.221,67.877,76.47058824,19.693,119.297,99.604,20.2,118.6,98.4,0.895,55.6,50.4,17.5,16.5,31.8,74.6,30.8,27.1,31.866,5.2,2.432,53.584,73.52941176,4.877699999999997,-2.715999999999994,-7.593400000000003,2.8000000000000007,-4.0,-6.800000000000011,0.03400000000000003,-2.8999999999999986,-2.6000000000000014,-1.0,6.300000000000001,-3.5,-4.0,2.664999999999999,2.3999999999999995,2.9411764799999958,14.292999999999992,-0.21099999999999985,-1
2023,1783,16,Miami FL,977,5,89,Houston,993,1,75,1,14.9148,118.233,103.319,15.9,117.3,101.4,0.842,55.0,51.3,16.4,18.1,32.0,71.0,30.0,24.1,23.676,3.7,2.099,44.964,78.125,28.8196,118.387,89.5678,29.1,117.1,88.0,0.964,52.7,42.5,15.3,22.0,37.1,72.6,28.5,35.8,23.376,8.1,1.611,68.424,91.17647059,-13.904800000000002,-0.15399999999999636,13.751199999999997,-13.200000000000001,0.20000000000000284,13.400000000000006,-0.122,2.299999999999997,8.799999999999997,1.0999999999999979,-3.8999999999999986,-5.100000000000001,-1.5999999999999943,0.29999999999999716,-4.3999999999999995,-13.051470589999994,-23.460000000000008,0.4880000000000002,4
2023,1785,16,Michigan St.,976,7,93,Kansas St.,985,3,98,0,16.7099,113.4,96.6898,16.6,111.6,95.0,0.864,51.6,48.1,16.4,14.7,27.4,74.8,25.8,28.6,34.618,2.4,2.001,70.568,61.29032258,18.3143,112.516,94.2021,17.2,110.3,93.1,0.875,51.5,47.5,20.0,20.7,31.1,70.8,37.0,36.7,30.879,4.3,2.51,48.155,71.875,-1.6043999999999983,0.8840000000000003,2.487700000000004,-0.5999999999999979,1.2999999999999972,1.9000000000000057,-0.01100000000000001,0.10000000000000142,0.6000000000000014,-3.6000000000000014,-6.0,-3.700000000000003,4.0,3.7390000000000008,-1.9,-10.584677419999998,22.412999999999997,-0.5089999999999999,4
2023,1787,16,Tennessee,958,4,55,Florida Atlantic,997,9,62,0,24.7052,112.675,87.97,24.9,111.1,86.2,0.949,50.3,42.4,18.1,22.2,36.8,73.1,30.9,34.9,28.429,2.8,1.911,60.04,69.6969697,18.2298,114.275,96.0455,17.4,112.2,94.8,0.874,55.0,45.9,16.7,18.3,30.4,75.5,29.5,26.7,16.095,4.8,2.036,17.083,90.625,6.4754000000000005,-1.6000000000000085,-8.075500000000005,7.5,-1.1000000000000085,-8.599999999999994,0.07499999999999996,-4.700000000000003,-3.5,1.4000000000000021,3.8999999999999986,6.399999999999999,-2.4000000000000057,12.334,-2.0,-20.928030300000003,42.957,-0.125,-5
2023,1789,16,Princeton,965,15,75,Creighton,1001,6,86,0,5.5658,109.093,103.527,6.0,107.6,101.6,0.659,52.5,48.0,16.9,14.5,28.4,77.2,32.2,29.3,11.173,-3.2,1.801,0.2,70.37037037,20.6545,114.621,93.9665,21.0,113.8,92.8,0.913,54.3,47.3,16.6,14.3,25.5,76.7,28.1,19.8,32.269,1.9,1.549,67.359,63.63636364,-15.0887,-5.527999999999992,9.560500000000005,-15.0,-6.200000000000003,8.799999999999997,-0.254,-1.7999999999999972,0.7000000000000028,0.29999999999999716,0.1999999999999993,2.8999999999999986,0.5,-21.095999999999997,-5.1,6.734006730000004,-67.15899999999999,0.252,9
2023,1791,16,San Diego St.,961,5,71,Alabama,1011,1,64,1,20.2549,111.929,91.6744,21.2,111.3,90.1,0.919,50.1,47.5,17.6,19.6,31.7,74.2,34.3,29.4,25.602,5.8,2.718,37.236,81.25,27.5425,116.097,88.5549,27.1,115.4,88.3,0.956,52.7,41.5,19.0,15.9,33.8,72.5,36.7,32.8,33.7,10.2,1.13,66.119,85.29411765,-7.287600000000001,-4.167999999999992,3.119500000000002,-5.900000000000002,-4.1000000000000085,1.7999999999999972,-0.03699999999999992,-2.6000000000000014,6.0,-1.3999999999999986,3.700000000000001,-2.099999999999998,1.7000000000000028,-8.098000000000003,-4.3999999999999995,-4.044117650000004,-28.883000000000003,1.588,4
2023,1793,32,UCLA,952,2,68,Northwestern,969,7,63,1,27.6323,114.875,87.2423,25.8,113.2,87.4,0.951,50.9,46.8,15.3,23.6,33.7,72.4,27.1,27.6,28.811,8.5,1.868,83.585,85.29411765,14.8321,108.511,93.6787,14.9,106.6,91.7,0.85,47.2,48.4,14.8,21.7,28.3,72.7,29.7,31.6,28.65,1.6,2.315,46.694,65.625,12.8002,6.364000000000004,-6.436400000000006,10.9,6.6000000000000085,-4.299999999999997,0.10099999999999998,3.6999999999999957,-1.6000000000000014,0.5,1.9000000000000021,5.400000000000002,-0.29999999999999716,0.16100000000000136,6.9,19.669117650000004,36.89099999999999,-0.44699999999999984,-5
2023,1795,32,Gonzaga,995,3,84,TCU,959,6,81,1,24.3101,124.004,99.6937,24.0,122.6,98.6,0.925,58.5,51.7,14.6,18.8,31.1,74.0,34.2,26.7,26.846,6.8,2.291,76.992,84.375,18.0633,112.366,94.3027,17.0,110.4,93.4,0.873,50.2,47.8,17.1,21.9,32.4,69.3,33.9,29.7,32.804,2.3,2.438,60.589,63.63636364,6.246799999999997,11.638000000000005,5.391000000000005,7.0,12.199999999999989,5.199999999999989,0.052000000000000046,8.299999999999997,3.9000000000000057,-2.5000000000000018,-3.099999999999998,-1.2999999999999972,4.700000000000003,-5.958000000000002,4.5,20.73863636,16.403000000000006,-0.14700000000000024,-3
2023,1797,32,Connecticut,1002,4,70,Saint Mary's,962,5,55,1,25.3686,119.437,94.0686,26.4,118.9,92.5,0.947,53.5,45.5,18.9,19.4,39.2,73.8,31.4,38.7,29.244,4.9,1.724,62.486,75.75757576,21.896,113.47,91.5736,22.6,111.7,89.1,0.931,52.5,46.7,16.4,19.0,33.1,78.2,31.2,30.3,22.971,3.6,1.904,32.764,78.125,3.4726,5.966999999999999,2.4950000000000045,3.799999999999997,7.200000000000003,3.4000000000000057,0.015999999999999903,1.0,-1.2000000000000028,2.5,0.3999999999999986,6.100000000000001,-4.400000000000006,6.273,1.3000000000000003,-2.3674242400000054,29.721999999999994,-0.17999999999999994,-1
2023,1799,32,Arkansas,1008,8,72,Kansas,986,1,71,1,18.6287,112.596,93.9677,18.7,110.7,92.0,0.894,52.0,46.5,18.3,20.4,30.5,71.8,38.8,38.9,30.654,0.4,1.415,70.997,60.60606061,23.1356,114.61,91.4741,21.4,112.9,91.5,0.918,52.4,47.1,17.5,20.2,28.4,71.7,29.8,31.2,38.229,10.1,1.524,69.643,79.41176471,-4.506900000000002,-2.013999999999996,2.4935999999999865,-2.6999999999999993,-2.200000000000003,0.5,-0.02400000000000002,-0.3999999999999986,-0.6000000000000014,0.8000000000000007,0.1999999999999993,2.1000000000000014,0.09999999999999432,-7.574999999999999,-9.7,-18.8057041,1.3539999999999992,-0.10899999999999999,7
2023,1801,32,Texas ,957,2,71,Penn St.,967,10,66,1,24.5707,116.581,92.0106,23.0,114.6,91.6,0.929,52.7,47.8,16.5,22.8,28.3,70.6,31.5,34.5,34.531,7.6,2.221,67.877,76.47058824,15.0367,116.826,101.79,15.5,115.4,99.9,0.84,55.5,49.2,13.7,13.1,18.8,74.9,21.4,25.9,29.963,1.3,2.446,28.67,62.85714286,9.533999999999999,-0.24499999999999034,-9.77940000000001,7.5,-0.8000000000000114,-8.300000000000011,0.08900000000000008,-2.799999999999997,-1.4000000000000057,2.8000000000000007,9.700000000000001,9.5,-4.300000000000011,4.567999999999998,6.3,13.613445379999995,39.206999999999994,-0.2250000000000001,-8
2023,1803,32,Xavier,944,3,84,Pittsburgh,966,11,73,1,19.693,119.297,99.604,20.2,118.6,98.4,0.895,55.6,50.4,17.5,16.5,31.8,74.6,30.8,27.1,31.866,5.2,2.432,53.584,73.52941176,11.2663,115.103,103.837,11.0,112.5,101.5,0.766,53.2,49.2,16.4,16.7,30.4,71.8,32.4,30.6,23.352,-0.2,2.248,25.648,66.66666667,8.426700000000002,4.194000000000003,-4.233000000000004,9.2,6.099999999999994,-3.0999999999999943,0.129,2.3999999999999986,1.1999999999999957,1.1000000000000014,-0.1999999999999993,1.4000000000000021,2.799999999999997,8.514,5.4,6.862745090000004,27.936000000000003,0.18399999999999972,-8
2023,1805,32,Indiana,990,4,69,Miami FL,977,5,85,0,17.3586,114.651,97.2921,16.7,112.5,95.8,0.864,53.8,47.3,16.9,16.3,28.0,72.1,30.1,30.6,33.014,3.4,1.806,83.728,66.66666667,14.9148,118.233,103.319,15.9,117.3,101.4,0.842,55.0,51.3,16.4,18.1,32.0,71.0,30.0,24.1,23.676,3.7,2.099,44.964,78.125,2.4437999999999995,-3.582000000000008,-6.026899999999998,0.7999999999999989,-4.799999999999997,-5.6000000000000085,0.02200000000000002,-1.2000000000000028,-4.0,0.5,-1.8000000000000007,-4.0,1.0999999999999943,9.338000000000005,-0.30000000000000027,-11.458333330000002,38.763999999999996,-0.29300000000000015,-1
2023,1807,32,Auburn,1007,9,64,Houston,993,1,81,0,17.4484,112.689,95.2408,17.7,110.9,93.2,0.881,49.6,45.6,18.1,19.3,33.3,68.0,35.5,39.1,30.519,1.1,2.195,47.081,62.5,28.8196,118.387,89.5678,29.1,117.1,88.0,0.964,52.7,42.5,15.3,22.0,37.1,72.6,28.5,35.8,23.376,8.1,1.611,68.424,91.17647059,-11.371200000000002,-5.6980000000000075,5.672999999999988,-11.400000000000002,-6.199999999999989,5.200000000000003,-0.08299999999999996,-3.1000000000000014,3.1000000000000014,2.8000000000000007,-2.6999999999999993,-3.8000000000000043,-4.599999999999994,7.142999999999997,-7.0,-28.676470589999994,-21.343000000000004,0.5839999999999999,8
2023,1809,32,Marquette,980,2,60,Michigan St.,976,7,69,0,21.8296,119.308,97.4789,23.0,119.0,96.0,0.922,56.0,51.1,15.2,22.8,26.5,67.9,27.1,29.0,30.614,7.6,1.289,59.052,82.35294118,16.7099,113.4,96.6898,16.6,111.6,95.0,0.864,51.6,48.1,16.4,14.7,27.4,74.8,25.8,28.6,34.618,2.4,2.001,70.568,61.29032258,5.119699999999998,5.908000000000001,0.7890999999999906,6.399999999999999,7.400000000000006,1.0,0.05800000000000005,4.399999999999999,3.0,-1.1999999999999993,8.100000000000001,-0.8999999999999986,-6.8999999999999915,-4.004000000000001,5.199999999999999,21.0626186,-11.515999999999998,-0.712,-5
2023,1811,32,Kansas St.,985,3,75,Kentucky,982,6,69,1,18.3143,112.516,94.2021,17.2,110.3,93.1,0.875,51.5,47.5,20.0,20.7,31.1,70.8,37.0,36.7,30.879,4.3,2.51,48.155,71.875,17.7987,117.41,99.6115,16.9,114.7,97.8,0.862,51.2,48.8,17.3,16.8,38.7,74.5,32.5,29.9,29.746,1.6,1.982,61.864,65.625,0.5155999999999992,-4.893999999999991,-5.409400000000005,0.3000000000000007,-4.400000000000006,-4.700000000000003,0.013000000000000012,0.29999999999999716,-1.2999999999999972,2.6999999999999993,3.8999999999999986,-7.600000000000001,-3.700000000000003,1.1330000000000027,2.6999999999999997,6.25,-13.708999999999996,0.5279999999999998,-3
2023,1813,32,Tennessee,958,4,65,Duke,999,5,52,1,24.7052,112.675,87.97,24.9,111.1,86.2,0.949,50.3,42.4,18.1,22.2,36.8,73.1,30.9,34.9,28.429,2.8,1.911,60.04,69.6969697,18.4885,113.242,94.7531,18.8,111.9,93.1,0.892,51.1,46.3,18.2,16.6,36.2,74.1,30.8,24.1,26.527,4.5,0.878,81.592,76.47058824,6.216700000000003,-0.5670000000000073,-6.783100000000005,6.099999999999998,-0.8000000000000114,-6.8999999999999915,0.05699999999999994,-0.8000000000000043,-3.8999999999999986,-0.09999999999999787,5.599999999999998,0.5999999999999943,-1.0,1.9019999999999975,-1.7000000000000002,-6.773618540000001,-21.552,1.033,-1
2023,1815,32,Florida Atlantic,997,9,78,Fairleigh Dickinson,998,16,70,1,18.2298,114.275,96.0455,17.4,112.2,94.8,0.874,55.0,45.9,16.7,18.3,30.4,75.5,29.5,26.7,16.095,4.8,2.036,17.083,90.625,-12.2499,106.175,118.425,-12.4,104.6,117.0,0.216,51.5,55.8,16.3,21.4,31.4,71.1,27.9,34.8,5.422,-12.2,1.943,0.2,53.125,30.4797,8.100000000000009,-22.379499999999993,29.799999999999997,7.6000000000000085,-22.200000000000003,0.658,3.5,-9.899999999999999,0.3999999999999986,-3.099999999999998,-1.0,4.400000000000006,10.672999999999998,17.0,37.5,16.883,0.09299999999999997,-7
2023,1817,32,Princeton,965,15,78,Missouri,974,7,63,1,5.5658,109.093,103.527,6.0,107.6,101.6,0.659,52.5,48.0,16.9,14.5,28.4,77.2,32.2,29.3,11.173,-3.2,1.801,0.2,70.37037037,13.9186,119.289,105.37,13.7,117.5,103.8,0.806,55.1,52.3,16.0,24.3,26.8,62.7,29.5,35.2,28.374,3.5,2.645,21.934,72.72727273,-8.352799999999998,-10.195999999999998,-1.8430000000000035,-7.699999999999999,-9.900000000000006,-2.200000000000003,-0.14700000000000002,-2.6000000000000014,-4.299999999999997,0.8999999999999986,-9.8,1.5999999999999979,14.5,-17.201,-6.7,-2.3569023599999923,-21.734,-0.8440000000000001,8
2023,1819,32,Baylor,1006,3,76,Creighton,1001,6,85,0,19.9811,121.852,101.871,21.4,120.9,99.5,0.904,53.1,51.4,18.1,19.9,34.7,68.9,37.2,31.4,36.633,5.3,1.843,57.276,68.75,20.6545,114.621,93.9665,21.0,113.8,92.8,0.913,54.3,47.3,16.6,14.3,25.5,76.7,28.1,19.8,32.269,1.9,1.549,67.359,63.63636364,-0.6733999999999973,7.231000000000009,7.904499999999999,0.3999999999999986,7.1000000000000085,6.700000000000003,-0.009000000000000008,-1.1999999999999957,4.100000000000001,1.5,5.599999999999998,9.200000000000003,-7.799999999999997,4.364000000000004,3.4,5.113636360000001,-10.082999999999991,0.29400000000000004,-3
2023,1821,32,Furman,996,13,52,San Diego St.,961,5,75,0,8.42507,114.2,105.775,7.8,111.9,104.1,0.697,55.6,50.6,15.8,18.4,29.6,72.9,34.7,31.8,10.319,-2.0,1.893,4.159,77.41935484,20.2549,111.929,91.6744,21.2,111.3,90.1,0.919,50.1,47.5,17.6,19.6,31.7,74.2,34.3,29.4,25.602,5.8,2.718,37.236,81.25,-11.82983,2.271000000000001,14.1006,-13.399999999999999,0.6000000000000085,14.0,-0.2220000000000001,5.5,3.1000000000000014,-1.8000000000000007,-1.2000000000000028,-2.099999999999998,-1.2999999999999972,-15.283,-7.8,-3.830645160000003,-33.077,-0.825,8
2023,1823,32,Maryland,979,8,51,Alabama,1011,1,73,0,18.3703,114.136,95.7662,16.5,111.5,95.0,0.863,51.1,47.9,16.2,18.4,30.2,72.8,33.8,27.8,29.227,1.0,2.471,44.421,63.63636364,27.5425,116.097,88.5549,27.1,115.4,88.3,0.956,52.7,41.5,19.0,15.9,33.8,72.5,36.7,32.8,33.7,10.2,1.13,66.119,85.29411765,-9.1722,-1.9609999999999985,7.211299999999994,-10.600000000000001,-3.9000000000000057,6.700000000000003,-0.09299999999999997,-1.6000000000000014,6.399999999999999,-2.8000000000000007,2.4999999999999982,-3.599999999999998,0.29999999999999716,-4.4730000000000025,-9.2,-21.657754010000005,-21.698,1.3410000000000002,7
2023,1825,64,UNC Asheville,951,15,53,UCLA,952,2,86,0,1.50642,104.141,102.635,-1.2,101.2,102.4,0.466,53.9,48.0,20.0,17.9,25.8,71.3,41.3,26.8,10.618,-1.8,2.721,10.661,78.125,27.6323,114.875,87.2423,25.8,113.2,87.4,0.951,50.9,46.8,15.3,23.6,33.7,72.4,27.1,27.6,28.811,8.5,1.868,83.585,85.29411765,-26.125880000000002,-10.733999999999995,15.392700000000005,-27.0,-12.0,15.0,-0.48499999999999993,3.0,1.2000000000000028,4.699999999999999,-5.700000000000003,-7.900000000000002,-1.1000000000000085,-18.192999999999998,-10.3,-7.169117650000004,-72.92399999999999,0.853,13
2023,1827,64,Boise St.,1005,10,67,Northwestern,969,7,75,0,17.1342,110.969,93.8352,15.3,108.2,92.9,0.852,51.9,47.3,16.7,17.7,26.4,76.2,30.7,27.4,24.425,2.3,2.119,17.176,71.875,14.8321,108.511,93.6787,14.9,106.6,91.7,0.85,47.2,48.4,14.8,21.7,28.3,72.7,29.7,31.6,28.65,1.6,2.315,46.694,65.625,2.3020999999999994,2.4579999999999984,0.1564999999999941,0.40000000000000036,1.6000000000000085,1.2000000000000028,0.0020000000000000018,4.699999999999996,-1.1000000000000014,1.8999999999999986,-4.0,-1.9000000000000021,3.5,-4.224999999999998,0.6999999999999997,6.25,-29.518000000000004,-0.19599999999999973,3
2023,1829,64,Grand Canyon,994,14,70,Gonzaga,995,3,82,0,5.99141,112.317,106.325,5.3,109.8,104.5,0.639,52.9,47.2,18.4,15.0,30.5,69.7,37.8,33.2,14.646,-3.7,2.289,20.262,65.625,24.3101,124.004,99.6937,24.0,122.6,98.6,0.925,58.5,51.7,14.6,18.8,31.1,74.0,34.2,26.7,26.846,6.8,2.291,76.992,84.375,-18.318689999999997,-11.687000000000012,6.631299999999996,-18.7,-12.799999999999997,5.900000000000006,-0.28600000000000003,-5.600000000000001,-4.5,3.799999999999999,-3.8000000000000007,-0.6000000000000014,-4.299999999999997,-12.2,-10.5,-18.75,-56.730000000000004,-0.0019999999999997797,11
2023,1831,64,Arizona St.,1009,11,70,TCU,959,6,72,0,12.3762,107.586,95.2101,12.0,105.8,93.8,0.8,47.5,46.4,16.9,20.6,29.6,68.2,30.8,33.4,28.637,1.3,2.242,48.279,64.70588235,18.0633,112.366,94.3027,17.0,110.4,93.4,0.873,50.2,47.8,17.1,21.9,32.4,69.3,33.9,29.7,32.804,2.3,2.438,60.589,63.63636364,-5.687100000000001,-4.780000000000001,0.9073999999999955,-5.0,-4.6000000000000085,0.3999999999999915,-0.07299999999999995,-2.700000000000003,-1.3999999999999986,-0.20000000000000284,-1.2999999999999972,-2.799999999999997,-1.0999999999999943,-4.167000000000002,-0.9999999999999998,1.069518709999997,-12.309999999999995,-0.19600000000000017,5
2023,1833,64,Iona,989,13,63,Connecticut,1002,4,87,0,11.7114,110.856,99.1448,11.8,108.8,97.0,0.789,51.8,45.9,15.3,20.9,32.0,69.5,29.0,31.2,9.85,-1.6,1.854,4.177,79.41176471,25.3686,119.437,94.0686,26.4,118.9,92.5,0.947,53.5,45.5,18.9,19.4,39.2,73.8,31.4,38.7,29.244,4.9,1.724,62.486,75.75757576,-13.657200000000001,-8.581000000000003,5.0762,-14.599999999999998,-10.100000000000009,4.5,-0.15799999999999992,-1.7000000000000028,0.3999999999999986,-3.599999999999998,1.5,-7.200000000000003,-4.299999999999997,-19.394,-6.5,3.6541889500000053,-58.309,0.13000000000000012,9
2023,1835,64,VCU,948,12,51,Saint Mary's,962,5,63,0,13.1498,107.195,94.0449,11.1,104.2,93.1,0.785,52.2,47.0,19.5,24.1,29.0,70.2,41.8,30.5,15.572,1.0,1.702,48.265,79.41176471,21.896,113.47,91.5736,22.6,111.7,89.1,0.931,52.5,46.7,16.4,19.0,33.1,78.2,31.2,30.3,22.971,3.6,1.904,32.764,78.125,-8.7462,-6.275000000000006,2.4712999999999994,-11.500000000000002,-7.5,4.0,-0.14600000000000002,-0.29999999999999716,0.29999999999999716,3.1000000000000014,5.100000000000001,-4.100000000000001,-8.0,-7.399000000000001,-2.6,1.28676471,15.500999999999998,-0.20199999999999996,7
2023,1837,64,Illinois,991,9,63,Arkansas,1008,8,73,0,16.4805,112.167,95.6864,14.6,109.0,94.4,0.839,51.6,46.9,18.2,18.6,32.3,73.2,33.8,29.6,30.112,0.9,1.41,80.461,62.5,18.6287,112.596,93.9677,18.7,110.7,92.0,0.894,52.0,46.5,18.3,20.4,30.5,71.8,38.8,38.9,30.654,0.4,1.415,70.997,60.60606061,-2.148199999999999,-0.42900000000000205,1.7187000000000126,-4.1,-1.7000000000000028,2.4000000000000057,-0.05500000000000005,-0.3999999999999986,0.3999999999999986,-0.10000000000000142,-1.7999999999999972,1.7999999999999972,1.4000000000000057,-0.5420000000000016,0.5,1.89393939,9.463999999999999,-0.0050000000000001155,1
2023,1839,64,Howard,992,16,68,Kansas,986,1,96,0,-3.21361,103.701,106.914,-4.8,100.9,105.7,0.37,52.0,50.6,22.8,20.7,33.8,68.4,32.8,34.6,9.971,-7.3,1.589,10.987,61.29032258,23.1356,114.61,91.4741,21.4,112.9,91.5,0.918,52.4,47.1,17.5,20.2,28.4,71.7,29.8,31.2,38.229,10.1,1.524,69.643,79.41176471,-26.34921,-10.909000000000006,15.439899999999994,-26.2,-12.0,14.200000000000003,-0.548,-0.3999999999999986,3.5,5.300000000000001,0.5,5.399999999999999,-3.299999999999997,-28.258,-17.4,-18.12144213,-58.656,0.06499999999999995,15
2023,1841,64,Colgate,1004,15,61,Texas ,957,2,81,0,5.29267,112.963,107.67,5.9,111.7,105.8,0.651,58.6,51.9,14.9,17.6,24.9,75.9,27.6,20.3,8.434,-3.6,2.225,0.2,75.75757576,24.5707,116.581,92.0106,23.0,114.6,91.6,0.929,52.7,47.8,16.5,22.8,28.3,70.6,31.5,34.5,34.531,7.6,2.221,67.877,76.47058824,-19.278029999999998,-3.618000000000009,15.659400000000005,-17.1,-2.8999999999999915,14.200000000000003,-0.278,5.899999999999999,4.100000000000001,-1.5999999999999996,-5.199999999999999,-3.400000000000002,5.300000000000011,-26.097,-11.2,-0.7130124800000033,-67.67699999999999,0.0040000000000000036,13
2023,1843,64,Penn St.,967,10,76,Texas A&M,956,7,59,1,15.0367,116.826,101.79,15.5,115.4,99.9,0.84,55.5,49.2,13.7,13.1,18.8,74.9,21.4,25.9,29.963,1.3,2.446,28.67,62.85714286,18.2834,114.483,96.1997,18.4,113.2,94.8,0.885,49.0,47.9,18.3,21.0,36.6,69.6,45.9,35.1,27.473,3.7,2.182,48.574,73.52941176,-3.2467000000000006,2.3429999999999893,5.590299999999999,-2.8999999999999986,2.200000000000003,5.1000000000000085,-0.04500000000000004,6.5,1.3000000000000043,-4.600000000000001,-7.9,-17.8,5.300000000000011,2.490000000000002,-2.4000000000000004,-10.672268899999999,-19.903999999999996,0.26400000000000023,3
2023,1845,64,Kennesaw St.,984,14,67,Xavier,944,3,72,0,3.64263,106.304,102.661,4.5,105.0,100.5,0.623,52.9,51.2,17.9,19.6,27.5,74.2,36.5,36.2,14.413,-1.4,2.375,21.424,74.19354839,19.693,119.297,99.604,20.2,118.6,98.4,0.895,55.6,50.4,17.5,16.5,31.8,74.6,30.8,27.1,31.866,5.2,2.432,53.584,73.52941176,-16.05037,-12.992999999999995,3.057000000000002,-15.7,-13.599999999999994,2.0999999999999943,-0.272,-2.700000000000003,0.8000000000000043,0.3999999999999986,3.1000000000000014,-4.300000000000001,-0.3999999999999915,-17.453,-6.6,0.6641366300000016,-32.160000000000004,-0.05699999999999994,11
2023,1847,64,Pittsburgh,966,11,59,Iowa St.,987,6,41,1,11.2663,115.103,103.837,11.0,112.5,101.5,0.766,53.2,49.2,16.4,16.7,30.4,71.8,32.4,30.6,23.352,-0.2,2.248,25.648,66.66666667,18.3345,109.884,91.5493,18.2,108.2,90.0,0.893,50.7,50.1,19.8,25.1,33.9,73.4,27.8,40.0,37.116,2.4,2.387,35.584,59.375,-7.068199999999999,5.218999999999994,12.287700000000001,-7.199999999999999,4.299999999999997,11.5,-0.127,2.5,-0.8999999999999986,-3.400000000000002,-8.400000000000002,-3.5,-1.6000000000000085,-13.764,-2.6,7.291666669999998,-9.936000000000003,-0.1389999999999998,5
2023,1849,64,Kent St.,983,13,60,Indiana,990,4,71,0,11.8972,108.347,96.4498,11.0,106.1,95.1,0.779,51.3,47.2,16.3,22.6,30.9,69.8,32.0,38.8,14.799,0.9,2.393,0.364,81.25,17.3586,114.651,97.2921,16.7,112.5,95.8,0.864,53.8,47.3,16.9,16.3,28.0,72.1,30.1,30.6,33.014,3.4,1.806,83.728,66.66666667,-5.461399999999999,-6.304000000000002,-0.8423000000000087,-5.699999999999999,-6.400000000000006,-0.7000000000000028,-0.08499999999999996,-2.5,-0.09999999999999432,-0.5999999999999979,6.300000000000001,2.8999999999999986,-2.299999999999997,-18.215000000000003,-2.5,14.583333330000002,-83.36399999999999,0.5869999999999997,9
2023,1851,64,Drake,1000,12,56,Miami FL,977,5,63,0,12.5086,109.84,97.3312,11.8,107.9,96.1,0.791,53.1,47.3,15.5,17.7,24.3,77.6,28.8,26.7,12.124,-0.7,2.268,12.076,78.78787879,14.9148,118.233,103.319,15.9,117.3,101.4,0.842,55.0,51.3,16.4,18.1,32.0,71.0,30.0,24.1,23.676,3.7,2.099,44.964,78.125,-2.4062,-8.393,-5.987800000000007,-4.1,-9.399999999999991,-5.300000000000011,-0.050999999999999934,-1.8999999999999986,-4.0,-0.8999999999999986,-0.40000000000000213,-7.699999999999999,6.599999999999994,-11.551999999999998,-4.4,0.6628787899999935,-32.888,0.1689999999999996,7
2023,1853,64,Auburn,1007,9,83,Iowa,988,8,75,1,17.4484,112.689,95.2408,17.7,110.9,93.2,0.881,49.6,45.6,18.1,19.3,33.3,68.0,35.5,39.1,30.519,1.1,2.195,47.081,62.5,15.6021,120.475,104.873,16.2,118.9,102.7,0.844,51.9,53.3,14.1,18.5,32.2,72.4,32.6,23.4,30.692,0.3,2.022,48.548,59.375,1.8462999999999994,-7.786000000000001,-9.632200000000012,1.5,-8.0,-9.5,0.03700000000000003,-2.299999999999997,-7.699999999999996,4.000000000000002,0.8000000000000007,1.0999999999999943,-4.400000000000006,-0.17300000000000182,0.8,3.125,-1.4669999999999987,0.17300000000000004,1
2023,1855,64,Northern Kentucky,970,16,52,Houston,993,1,63,0,0.516867,103.337,102.82,0.0,101.1,101.1,0.5,49.8,51.3,17.5,23.2,31.3,67.2,27.4,30.8,10.838,-6.7,2.025,3.153,62.5,28.8196,118.387,89.5678,29.1,117.1,88.0,0.964,52.7,42.5,15.3,22.0,37.1,72.6,28.5,35.8,23.376,8.1,1.611,68.424,91.17647059,-28.302733,-15.049999999999997,13.252199999999988,-29.1,-16.0,13.099999999999994,-0.46399999999999997,-2.9000000000000057,8.799999999999997,2.1999999999999993,1.1999999999999993,-5.800000000000001,-5.3999999999999915,-12.538000000000002,-14.8,-28.676470589999994,-65.271,0.4139999999999999,15
2023,1857,64,Vermont,947,15,61,Marquette,980,2,78,0,5.42124,109.778,104.357,6.7,107.9,101.2,0.676,54.9,50.7,14.2,16.8,19.3,77.5,28.4,26.9,13.048,-3.8,2.423,4.102,68.75,21.8296,119.308,97.4789,23.0,119.0,96.0,0.922,56.0,51.1,15.2,22.8,26.5,67.9,27.1,29.0,30.614,7.6,1.289,59.052,82.35294118,-16.40836,-9.530000000000001,6.878100000000003,-16.3,-11.099999999999994,5.200000000000003,-0.246,-1.1000000000000014,-0.3999999999999986,-1.0,-6.0,-7.199999999999999,9.599999999999994,-17.566000000000003,-11.399999999999999,-13.602941180000002,-54.95,1.1340000000000001,13
2023,1859,64,USC,950,10,62,Michigan St.,976,7,72,0,15.6327,113.122,97.4891,14.4,110.8,96.4,0.832,51.3,45.2,18.1,18.1,29.0,67.0,33.8,29.8,27.758,2.1,1.669,71.583,68.75,16.7099,113.4,96.6898,16.6,111.6,95.0,0.864,51.6,48.1,16.4,14.7,27.4,74.8,25.8,28.6,34.618,2.4,2.001,70.568,61.29032258,-1.0772000000000013,-0.2780000000000058,0.7992999999999881,-2.200000000000001,-0.7999999999999972,1.4000000000000057,-0.03200000000000003,-0.30000000000000426,-2.8999999999999986,1.7000000000000028,3.400000000000002,1.6000000000000014,-7.799999999999997,-6.860000000000003,-0.2999999999999998,7.4596774199999984,1.0150000000000006,-0.33199999999999985,3
2023,1861,64,Montana St.,973,14,65,Kansas St.,985,3,77,0,5.74793,105.36,99.6121,7.1,104.1,97.0,0.693,50.9,49.4,17.6,20.1,25.7,74.5,44.4,35.5,13.113,-2.6,2.337,12.887,71.875,18.3143,112.516,94.2021,17.2,110.3,93.1,0.875,51.5,47.5,20.0,20.7,31.1,70.8,37.0,36.7,30.879,4.3,2.51,48.155,71.875,-12.56637,-7.156000000000006,5.409999999999997,-10.1,-6.200000000000003,3.9000000000000057,-0.18200000000000005,-0.6000000000000014,1.8999999999999986,-2.3999999999999986,-0.5999999999999979,-5.400000000000002,3.700000000000003,-17.766000000000002,-6.9,0.0,-35.268,-0.1729999999999996,11
2023,1863,64,Providence,964,11,53,Kentucky,982,6,61,0,14.7305,116.847,102.117,14.5,114.9,100.4,0.825,51.5,50.0,16.9,16.9,35.2,73.3,36.8,25.5,29.545,1.1,1.89,60.631,65.625,17.7987,117.41,99.6115,16.9,114.7,97.8,0.862,51.2,48.8,17.3,16.8,38.7,74.5,32.5,29.9,29.746,1.6,1.982,61.864,65.625,-3.068200000000001,-0.5630000000000024,2.505499999999998,-2.3999999999999986,0.20000000000000284,2.6000000000000085,-0.03700000000000003,0.29999999999999716,1.2000000000000028,-0.40000000000000213,0.09999999999999787,-3.5,-1.2000000000000028,-0.20099999999999696,-0.5,0.0,-1.232999999999997,-0.09200000000000008,5
2023,1865,64,Louisiana Lafayette,981,13,55,Tennessee,958,4,58,0,8.20091,112.243,104.042,8.5,110.8,102.3,0.715,53.0,50.6,17.5,18.1,33.8,73.6,37.7,33.8,14.493,-0.5,2.179,25.412,76.66666667,24.7052,112.675,87.97,24.9,111.1,86.2,0.949,50.3,42.4,18.1,22.2,36.8,73.1,30.9,34.9,28.429,2.8,1.911,60.04,69.6969697,-16.50429,-0.43200000000000216,16.072000000000003,-16.4,-0.29999999999999716,16.099999999999994,-0.23399999999999999,2.700000000000003,8.200000000000003,-0.6000000000000014,-4.099999999999998,-3.0,0.5,-13.935999999999998,-3.3,6.969696970000001,-34.628,0.2679999999999998,9
2023,1867,64,Oral Roberts,968,12,51,Duke,999,5,74,0,13.2487,115.289,102.04,10.7,111.9,101.2,0.761,56.1,48.5,13.2,17.6,24.5,72.6,24.6,22.0,13.482,1.6,2.744,19.093,86.66666667,18.4885,113.242,94.7531,18.8,111.9,93.1,0.892,51.1,46.3,18.2,16.6,36.2,74.1,30.8,24.1,26.527,4.5,0.878,81.592,76.47058824,-5.239799999999999,2.046999999999997,7.286900000000003,-8.100000000000001,0.0,8.100000000000009,-0.131,5.0,2.200000000000003,-5.0,1.0,-11.700000000000003,-1.5,-13.045000000000002,-2.9,10.19607843,-62.498999999999995,1.866,7
2023,1869,64,Florida Atlantic,997,9,66,Memphis,978,8,65,1,18.2298,114.275,96.0455,17.4,112.2,94.8,0.874,55.0,45.9,16.7,18.3,30.4,75.5,29.5,26.7,16.095,4.8,2.036,17.083,90.625,18.6881,114.701,96.0133,19.7,113.9,94.2,0.899,53.2,46.8,18.4,20.9,31.0,67.7,35.9,34.9,27.313,4.7,2.802,47.843,76.47058824,-0.4582999999999977,-0.4259999999999877,0.032200000000003115,-2.3000000000000007,-1.7000000000000028,0.5999999999999943,-0.025000000000000022,1.7999999999999972,-0.8999999999999986,-1.6999999999999993,-2.599999999999998,-0.6000000000000014,7.799999999999997,-11.218,0.09999999999999964,14.154411760000002,-30.760000000000005,-0.766,1
2023,1871,64,Fairleigh Dickinson,998,16,63,Purdue,963,1,58,1,-12.2499,106.175,118.425,-12.4,104.6,117.0,0.216,51.5,55.8,16.3,21.4,31.4,71.1,27.9,34.8,5.422,-12.2,1.943,0.2,53.125,24.5463,119.362,94.8154,25.9,118.5,92.6,0.945,52.2,47.2,17.0,15.4,38.3,76.7,37.2,19.3,31.016,9.4,1.238,58.603,85.29411765,-36.7962,-13.186999999999998,23.6096,-38.3,-13.900000000000006,24.400000000000006,-0.729,-0.7000000000000028,8.599999999999994,-0.6999999999999993,5.999999999999998,-6.899999999999999,-5.6000000000000085,-25.593999999999998,-21.6,-32.169117650000004,-58.403,0.7050000000000001,15
2023,1873,64,Princeton,965,15,59,Arizona,1010,2,55,1,5.5658,109.093,103.527,6.0,107.6,101.6,0.659,52.5,48.0,16.9,14.5,28.4,77.2,32.2,29.3,11.173,-3.2,1.801,0.2,70.37037037,22.8595,119.979,97.1195,24.3,119.7,95.4,0.932,56.8,47.2,18.4,16.9,31.1,73.8,36.5,26.0,29.572,7.6,1.986,73.326,82.35294118,-17.2937,-10.885999999999996,6.407499999999999,-18.3,-12.100000000000009,6.199999999999989,-0.273,-4.299999999999997,0.7999999999999972,-1.5,-2.3999999999999986,-2.700000000000003,3.4000000000000057,-18.399,-10.8,-11.982570809999999,-73.12599999999999,-0.18500000000000005,13
2023,1875,64,Utah St.,949,10,65,Missouri,974,7,76,0,18.8814,117.762,98.8807,17.5,115.5,98.0,0.869,55.6,47.8,17.4,15.8,27.4,75.2,35.5,30.2,22.797,3.2,2.545,15.41,75.75757576,13.9186,119.289,105.37,13.7,117.5,103.8,0.806,55.1,52.3,16.0,24.3,26.8,62.7,29.5,35.2,28.374,3.5,2.645,21.934,72.72727273,4.9628,-1.527000000000001,-6.4893,3.8000000000000007,-2.0,-5.799999999999997,0.06299999999999994,0.5,-4.5,1.3999999999999986,-8.5,0.5999999999999979,12.5,-5.576999999999998,-0.2999999999999998,3.030303029999999,-6.524000000000001,-0.10000000000000009,3
2023,1877,64,UC Santa Barbara,953,14,56,Baylor,1006,3,74,0,6.6422,111.335,104.693,4.7,108.7,104.0,0.624,54.2,49.8,16.8,18.7,26.6,73.9,34.9,29.2,10.607,-1.4,2.238,33.348,78.125,19.9811,121.852,101.871,21.4,120.9,99.5,0.904,53.1,51.4,18.1,19.9,34.7,68.9,37.2,31.4,36.633,5.3,1.843,57.276,68.75,-13.338900000000002,-10.51700000000001,2.8220000000000027,-16.7,-12.200000000000003,4.5,-0.28,1.1000000000000014,-1.6000000000000014,-1.3000000000000007,-1.1999999999999993,-8.100000000000001,5.0,-26.026000000000003,-6.699999999999999,9.375,-23.928000000000004,0.395,11
2023,1879,64,North Carolina St.,971,11,63,Creighton,1001,6,72,0,13.3052,113.894,100.589,15.2,113.0,97.8,0.84,51.8,49.8,13.6,19.1,30.7,73.4,25.3,34.0,24.085,1.1,2.24,54.561,69.6969697,20.6545,114.621,93.9665,21.0,113.8,92.8,0.913,54.3,47.3,16.6,14.3,25.5,76.7,28.1,19.8,32.269,1.9,1.549,67.359,63.63636364,-7.3492999999999995,-0.7269999999999897,6.622500000000002,-5.800000000000001,-0.7999999999999972,5.0,-0.07300000000000006,-2.5,2.5,-3.0000000000000018,4.800000000000001,5.199999999999999,-3.299999999999997,-8.183999999999997,-0.7999999999999998,6.060606059999998,-12.797999999999995,0.6910000000000003,5
2023,1881,64,Furman,996,13,68,Virginia,946,4,67,1,8.42507,114.2,105.775,7.8,111.9,104.1,0.697,55.6,50.6,15.8,18.4,29.6,72.9,34.7,31.8,10.319,-2.0,1.893,4.159,77.41935484,16.4114,111.166,94.7544,16.9,110.4,93.5,0.871,51.3,48.3,13.7,19.7,25.5,75.0,34.5,26.1,24.745,4.1,2.23,54.569,78.125,-7.986330000000001,3.034000000000006,11.020600000000002,-9.099999999999998,1.5,10.599999999999994,-0.17400000000000004,4.300000000000004,2.3000000000000043,2.1000000000000014,-1.3000000000000007,4.100000000000001,-2.0999999999999943,-14.426,-6.1,-0.7056451600000031,-50.410000000000004,-0.33699999999999997,9
2023,1883,64,College of Charleston,1003,12,57,San Diego St.,961,5,63,0,11.7607,111.378,99.6171,11.5,109.2,97.7,0.782,51.5,47.9,16.7,19.3,35.1,74.5,32.7,24.7,8.862,1.7,2.031,0.2,90.90909091,20.2549,111.929,91.6744,21.2,111.3,90.1,0.919,50.1,47.5,17.6,19.6,31.7,74.2,34.3,29.4,25.602,5.8,2.718,37.236,81.25,-8.4942,-0.5510000000000019,7.942699999999988,-9.7,-2.0999999999999943,7.6000000000000085,-0.137,1.3999999999999986,0.3999999999999986,-0.9000000000000021,-0.3000000000000007,3.400000000000002,0.29999999999999716,-16.740000000000002,-4.1,9.659090910000003,-37.035999999999994,-0.6869999999999998,7
2023,1885,64,West Virginia,945,9,65,Maryland,979,8,67,0,19.1445,117.144,97.9996,19.7,116.1,96.4,0.895,51.7,50.7,18.5,20.9,33.7,70.7,39.7,38.4,35.542,1.5,2.499,40.731,57.57575758,18.3703,114.136,95.7662,16.5,111.5,95.0,0.863,51.1,47.9,16.2,18.4,30.2,72.8,33.8,27.8,29.227,1.0,2.471,44.421,63.63636364,0.7742000000000004,3.0080000000000098,2.233400000000003,3.1999999999999993,4.599999999999994,1.4000000000000057,0.03200000000000003,0.6000000000000014,2.8000000000000043,2.3000000000000007,2.5,3.5000000000000036,-2.0999999999999943,6.315000000000001,0.5,-6.060606059999998,-3.6899999999999977,0.028000000000000025,1
2023,1887,64,Texas A&M Corpus Chris,955,16,75,Alabama,1011,1,96,0,-0.22505,107.367,107.592,-1.8,104.4,106.2,0.451,51.2,52.4,18.0,20.9,32.5,72.1,34.4,38.6,9.546,-6.0,2.721,3.833,65.51724138,27.5425,116.097,88.5549,27.1,115.4,88.3,0.956,52.7,41.5,19.0,15.9,33.8,72.5,36.7,32.8,33.7,10.2,1.13,66.119,85.29411765,-27.76755,-8.72999999999999,19.037099999999995,-28.900000000000002,-11.0,17.900000000000006,-0.5049999999999999,-1.5,10.899999999999999,-1.0,4.999999999999998,-1.2999999999999972,-0.4000000000000057,-24.154000000000003,-16.2,-19.776876270000002,-62.286,1.5910000000000002,15
2024,1889,2,Purdue,1033,1,60,Connecticut,1067,1,75,0,29.1183,124.988,95.87,31.493,126.212,94.719,0.964,56.0,47.7,16.5,14.0,37.4,75.3,42.8,23.0,36.076,11.0,1.864,52.594,87.87878788,32.213,126.608,94.3949,33.493,127.046,93.553,0.971,57.1,45.1,14.9,16.2,36.5,73.2,33.3,32.5,33.643,11.3,1.709,58.255,91.17647059,-3.0946999999999996,-1.6200000000000045,1.4750999999999976,-2.0000000000000036,-0.8340000000000032,1.1659999999999968,-0.007000000000000006,-1.1000000000000014,2.6000000000000014,1.5999999999999996,-2.1999999999999993,0.8999999999999986,2.0999999999999943,2.433,-0.3000000000000007,-3.2976827099999895,-5.661000000000001,0.15500000000000003,0
2024,1891,4,Purdue,1033,1,63,North Carolina St.,1037,11,50,1,29.1183,124.988,95.87,31.493,126.212,94.719,0.964,56.0,47.7,16.5,14.0,37.4,75.3,42.8,23.0,36.076,11.0,1.864,52.594,87.87878788,13.056,114.385,101.329,12.835,113.979,101.144,0.798,50.7,50.5,13.7,17.9,28.6,70.7,32.5,31.9,28.902,-0.6,2.403,48.869,61.11111111,16.0623,10.602999999999994,-5.458999999999989,18.657999999999998,12.233000000000004,-6.425000000000011,0.16599999999999993,5.299999999999997,-2.799999999999997,2.8000000000000007,-3.8999999999999986,8.799999999999997,4.599999999999994,7.1739999999999995,11.6,26.76767677,3.7250000000000014,-0.5389999999999999,-10
2024,1893,4,Alabama,1078,4,72,Connecticut,1067,1,86,0,22.4828,125.601,103.118,23.114,125.159,102.045,0.913,56.3,49.9,16.0,15.6,34.9,70.1,35.2,39.6,36.254,3.4,2.094,27.836,65.625,32.213,126.608,94.3949,33.493,127.046,93.553,0.971,57.1,45.1,14.9,16.2,36.5,73.2,33.3,32.5,33.643,11.3,1.709,58.255,91.17647059,-9.7302,-1.007000000000005,8.723099999999988,-10.379000000000001,-1.8870000000000005,8.492000000000004,-0.05799999999999994,-0.8000000000000043,4.799999999999997,1.0999999999999996,-0.5999999999999996,-1.6000000000000014,-3.1000000000000085,2.610999999999997,-7.9,-25.551470589999994,-30.419000000000004,0.3849999999999998,3
2024,1895,8,Tennessee,1024,2,66,Purdue,1033,1,72,0,25.9712,117.021,91.0499,24.368,115.62,91.252,0.938,51.5,45.4,14.6,18.9,32.4,71.4,34.3,35.8,34.068,5.8,2.262,55.338,75.0,29.1183,124.988,95.87,31.493,126.212,94.719,0.964,56.0,47.7,16.5,14.0,37.4,75.3,42.8,23.0,36.076,11.0,1.864,52.594,87.87878788,-3.147100000000002,-7.966999999999999,-4.820100000000011,-7.125,-10.591999999999999,-3.4669999999999987,-0.026000000000000023,-4.5,-2.3000000000000043,-1.9000000000000004,4.899999999999999,-5.0,-3.8999999999999915,-2.0080000000000027,-5.2,-12.878787880000004,2.7439999999999998,0.3979999999999999,1
2024,1897,8,North Carolina St.,1037,11,76,Duke,1063,4,64,1,13.056,114.385,101.329,12.835,113.979,101.144,0.798,50.7,50.5,13.7,17.9,28.6,70.7,32.5,31.9,28.902,-0.6,2.403,48.869,61.11111111,24.8767,121.827,96.9502,23.968,120.797,96.829,0.927,55.2,49.0,14.3,16.9,31.8,74.1,33.8,27.6,26.968,3.3,1.152,91.61,75.0,-11.8207,-7.441999999999993,4.378799999999998,-11.133,-6.817999999999998,4.315000000000012,-0.129,-4.5,1.5,-0.6000000000000014,1.0,-3.1999999999999993,-3.3999999999999915,1.934000000000001,-3.9,-13.888888889999997,-42.741,1.2510000000000001,7
2024,1899,8,Clemson,1072,6,82,Alabama,1078,4,89,0,16.9371,117.426,100.489,17.379,116.717,99.338,0.865,53.9,48.7,14.9,13.6,27.7,74.8,30.6,31.2,28.597,0.9,2.275,64.382,65.625,22.4828,125.601,103.118,23.114,125.159,102.045,0.913,56.3,49.9,16.0,15.6,34.9,70.1,35.2,39.6,36.254,3.4,2.094,27.836,65.625,-5.5457,-8.174999999999997,-2.6289999999999907,-5.734999999999999,-8.442000000000007,-2.707000000000008,-0.04800000000000004,-2.3999999999999986,-1.1999999999999957,-1.0999999999999996,-2.0,-7.199999999999999,4.700000000000003,-7.6569999999999965,-2.5,0.0,36.54600000000001,0.18100000000000005,2
2024,1901,8,Illinois,1054,3,52,Connecticut,1067,1,77,0,23.9871,125.551,101.564,24.236,125.323,101.087,0.922,53.8,48.0,15.1,12.3,36.2,73.9,37.8,27.1,32.635,6.0,2.444,56.834,76.47058824,32.213,126.608,94.3949,33.493,127.046,93.553,0.971,57.1,45.1,14.9,16.2,36.5,73.2,33.3,32.5,33.643,11.3,1.709,58.255,91.17647059,-8.2259,-1.0570000000000022,7.169099999999986,-9.257000000000001,-1.7230000000000132,7.534000000000006,-0.04899999999999993,-3.3000000000000043,2.8999999999999986,0.1999999999999993,-3.8999999999999986,-0.29999999999999716,0.7000000000000028,-1.0080000000000027,-5.300000000000001,-14.705882349999996,-1.4209999999999994,0.7349999999999999,2
2024,1903,16,Tennessee,1024,2,82,Creighton,1066,3,75,1,25.9712,117.021,91.0499,24.368,115.62,91.252,0.938,51.5,45.4,14.6,18.9,32.4,71.4,34.3,35.8,34.068,5.8,2.262,55.338,75.0,23.3993,120.091,96.6912,24.145,120.6,96.455,0.929,57.5,46.4,15.3,11.2,25.9,75.4,24.5,16.2,33.229,4.4,2.322,52.884,71.875,2.5718999999999994,-3.069999999999993,-5.641300000000001,0.22299999999999898,-4.97999999999999,-5.203000000000003,0.008999999999999897,-6.0,-1.0,-0.7000000000000011,7.699999999999999,6.5,-4.0,0.8389999999999986,1.3999999999999995,3.125,2.4540000000000006,-0.06000000000000005,-1
2024,1905,16,Gonzaga,1059,5,68,Purdue,1033,1,80,0,21.5641,120.997,99.4329,22.623,121.233,98.61,0.915,56.7,47.3,14.0,16.5,33.3,72.8,31.5,25.8,23.847,2.5,1.84,72.006,77.41935484,29.1183,124.988,95.87,31.493,126.212,94.719,0.964,56.0,47.7,16.5,14.0,37.4,75.3,42.8,23.0,36.076,11.0,1.864,52.594,87.87878788,-7.554200000000002,-3.9909999999999997,3.562899999999999,-8.869999999999997,-4.978999999999999,3.8910000000000053,-0.04899999999999993,0.7000000000000028,-0.4000000000000057,-2.5,2.5,-4.100000000000001,-2.5,-12.229,-8.5,-10.459433040000008,19.412,-0.02400000000000002,4
2024,1907,16,Marquette,1047,2,58,North Carolina St.,1037,11,67,0,22.7369,118.294,95.5576,24.325,118.92,94.595,0.933,55.1,49.7,14.3,21.1,26.0,69.2,25.6,28.2,37.073,6.5,1.872,57.136,73.52941176,13.056,114.385,101.329,12.835,113.979,101.144,0.798,50.7,50.5,13.7,17.9,28.6,70.7,32.5,31.9,28.902,-0.6,2.403,48.869,61.11111111,9.6809,3.908999999999992,-5.7714,11.489999999999998,4.9410000000000025,-6.549000000000007,0.135,4.399999999999999,-0.7999999999999972,0.6000000000000014,3.200000000000003,-2.6000000000000014,-1.5,8.171,7.1,12.418300649999999,8.267000000000003,-0.5309999999999999,-9
2024,1909,16,Duke,1063,4,54,Houston,1056,1,51,1,24.8767,121.827,96.9502,23.968,120.797,96.829,0.927,55.2,49.0,14.3,16.9,31.8,74.1,33.8,27.6,26.968,3.3,1.152,91.61,75.0,31.7188,118.868,87.1492,33.697,119.216,85.519,0.979,49.7,44.0,13.7,24.7,36.9,69.8,29.9,39.0,34.485,10.6,2.28,63.543,88.23529412,-6.842100000000002,2.959000000000003,9.801000000000002,-9.729000000000003,1.581000000000003,11.309999999999988,-0.051999999999999935,5.5,5.0,0.6000000000000014,-7.800000000000001,-5.099999999999998,4.299999999999997,-7.5169999999999995,-7.3,-13.235294120000006,28.067,-1.128,3
2024,1911,16,Arizona,1077,2,72,Clemson,1072,6,77,0,26.6237,121.125,94.5013,27.901,121.52,93.619,0.953,55.0,48.7,16.1,18.1,36.3,76.9,36.7,25.7,29.931,4.9,1.963,76.342,75.75757576,16.9371,117.426,100.489,17.379,116.717,99.338,0.865,53.9,48.7,14.9,13.6,27.7,74.8,30.6,31.2,28.597,0.9,2.275,64.382,65.625,9.686599999999999,3.698999999999998,-5.987700000000004,10.521999999999998,4.802999999999997,-5.718999999999994,0.08799999999999997,1.1000000000000014,0.0,1.200000000000001,4.500000000000002,8.599999999999998,2.1000000000000085,1.3339999999999996,4.0,10.132575759999995,11.959999999999994,-0.31199999999999983,-4
2024,1913,16,Alabama,1078,4,89,North Carolina,1038,1,87,1,22.4828,125.601,103.118,23.114,125.159,102.045,0.913,56.3,49.9,16.0,15.6,34.9,70.1,35.2,39.6,36.254,3.4,2.094,27.836,65.625,24.6454,117.796,93.151,23.59,116.784,93.194,0.931,51.3,46.4,14.4,14.9,32.8,76.5,36.8,28.3,30.665,6.6,2.174,88.407,79.41176471,-2.1625999999999976,7.804999999999993,9.966999999999999,-0.4759999999999991,8.375,8.850999999999999,-0.018000000000000016,5.0,3.5,1.5999999999999996,0.6999999999999993,2.1000000000000014,-6.400000000000006,5.588999999999999,-3.1999999999999997,-13.78676471,-60.571,-0.08000000000000007,3
2024,1915,16,Iowa St.,1053,2,69,Illinois,1054,3,72,0,26.7178,113.864,87.1458,27.105,113.65,86.545,0.958,51.9,47.1,15.7,25.7,31.6,70.6,36.1,35.2,33.017,6.9,1.824,44.201,79.41176471,23.9871,125.551,101.564,24.236,125.323,101.087,0.922,53.8,48.0,15.1,12.3,36.2,73.9,37.8,27.1,32.635,6.0,2.444,56.834,76.47058824,2.730699999999999,-11.686999999999998,-14.418199999999999,2.8689999999999998,-11.672999999999988,-14.542000000000002,0.03599999999999992,-1.8999999999999986,-0.8999999999999986,0.5999999999999996,13.399999999999999,-4.600000000000001,-3.3000000000000114,0.382000000000005,0.9000000000000004,2.941176470000002,-12.633000000000003,-0.6199999999999999,-1
2024,1917,16,San Diego St.,1029,5,52,Connecticut,1067,1,82,0,19.6993,113.548,93.8492,17.67,111.536,93.866,0.879,49.8,47.2,16.0,18.0,32.7,72.0,37.5,33.3,30.359,2.6,2.508,43.201,68.75,32.213,126.608,94.3949,33.493,127.046,93.553,0.971,57.1,45.1,14.9,16.2,36.5,73.2,33.3,32.5,33.643,11.3,1.709,58.255,91.17647059,-12.5137,-13.060000000000002,-0.5457000000000107,-15.823,-15.510000000000005,0.3130000000000024,-0.09199999999999997,-7.300000000000004,2.1000000000000014,1.0999999999999996,1.8000000000000007,-3.799999999999997,-1.2000000000000028,-3.283999999999999,-8.700000000000001,-22.426470589999994,-15.054000000000002,0.7989999999999999,4
2024,1919,32,Tennessee,1024,2,62,Texas,1023,7,58,1,25.9712,117.021,91.0499,24.368,115.62,91.252,0.938,51.5,45.4,14.6,18.9,32.4,71.4,34.3,35.8,34.068,5.8,2.262,55.338,75.0,18.4034,118.526,100.122,20.759,119.016,98.257,0.901,53.7,49.0,16.6,18.6,30.5,70.0,30.4,35.0,33.846,1.2,2.288,50.353,62.5,7.567799999999998,-1.5049999999999955,-9.072100000000006,3.608999999999998,-3.396000000000001,-7.00500000000001,0.03699999999999992,-2.200000000000003,-3.6000000000000014,-2.0000000000000018,0.29999999999999716,1.8999999999999986,1.4000000000000057,0.2220000000000013,4.6,12.5,4.984999999999999,-0.0259999999999998,-5
2024,1921,32,Creighton,1066,3,86,Oregon,1034,11,73,1,23.3993,120.091,96.6912,24.145,120.6,96.455,0.929,57.5,46.4,15.3,11.2,25.9,75.4,24.5,16.2,33.229,4.4,2.322,52.884,71.875,13.4292,114.036,100.607,13.701,113.269,99.568,0.815,51.8,51.5,14.8,17.9,28.7,72.9,32.3,32.8,28.128,1.4,1.969,47.815,67.64705882,9.9701,6.054999999999993,-3.9158000000000044,10.443999999999999,7.330999999999989,-3.1129999999999995,0.1140000000000001,5.700000000000003,-5.100000000000001,0.5,-6.699999999999999,-2.8000000000000007,2.5,5.100999999999999,3.0000000000000004,4.227941180000002,5.069000000000003,0.353,-8
2024,1923,32,Kansas,1051,4,68,Gonzaga,1059,5,89,0,19.2256,113.382,94.1566,20.833,113.548,92.715,0.911,53.4,47.6,16.4,16.8,25.3,73.6,32.8,28.5,37.263,4.3,2.102,64.218,67.74193548,21.5641,120.997,99.4329,22.623,121.233,98.61,0.915,56.7,47.3,14.0,16.5,33.3,72.8,31.5,25.8,23.847,2.5,1.84,72.006,77.41935484,-2.3385,-7.614999999999995,-5.276300000000006,-1.7900000000000027,-7.685000000000002,-5.894999999999996,-0.0040000000000000036,-3.3000000000000043,0.30000000000000426,2.3999999999999986,0.3000000000000007,-7.9999999999999964,0.7999999999999972,13.415999999999997,1.7999999999999998,-9.677419360000002,-7.787999999999997,0.2619999999999998,-1
2024,1925,32,Utah St.,1019,8,67,Purdue,1033,1,106,0,15.1147,115.617,100.502,13.786,114.15,100.364,0.815,54.1,49.6,15.7,16.4,28.5,74.6,40.0,30.4,22.529,3.3,1.918,21.975,80.64516129,29.1183,124.988,95.87,31.493,126.212,94.719,0.964,56.0,47.7,16.5,14.0,37.4,75.3,42.8,23.0,36.076,11.0,1.864,52.594,87.87878788,-14.003600000000002,-9.370999999999995,4.631999999999991,-17.707,-12.061999999999998,5.64500000000001,-0.14900000000000002,-1.8999999999999986,1.8999999999999986,-0.8000000000000007,2.3999999999999986,-8.899999999999999,-0.7000000000000028,-13.547,-7.7,-7.23362659,-30.619,0.053999999999999826,7
2024,1927,32,Marquette,1047,2,81,Colorado,1069,10,77,1,22.7369,118.294,95.5576,24.325,118.92,94.595,0.933,55.1,49.7,14.3,21.1,26.0,69.2,25.6,28.2,37.073,6.5,1.872,57.136,73.52941176,18.4666,117.579,99.1127,19.175,117.194,98.019,0.886,55.3,49.3,18.1,15.2,32.4,76.0,35.3,28.1,26.08,1.7,2.2,38.964,70.58823529,4.270299999999999,0.7150000000000034,-3.55510000000001,5.149999999999999,1.725999999999999,-3.4240000000000066,0.04700000000000004,-0.19999999999999574,0.4000000000000057,-3.8000000000000007,5.900000000000002,-6.399999999999999,-6.799999999999997,10.993000000000002,4.8,2.941176470000002,18.172000000000004,-0.32800000000000007,-8
2024,1929,32,Oakland,1035,14,73,North Carolina St.,1037,11,79,0,2.81743,108.593,105.776,3.176,107.819,104.643,0.585,52.1,50.6,16.2,16.3,30.6,71.4,30.9,26.8,15.066,-4.2,2.571,7.281,67.64705882,13.056,114.385,101.329,12.835,113.979,101.144,0.798,50.7,50.5,13.7,17.9,28.6,70.7,32.5,31.9,28.902,-0.6,2.403,48.869,61.11111111,-10.23857,-5.792000000000002,4.447000000000003,-9.659,-6.159999999999997,3.4989999999999952,-0.21300000000000008,1.3999999999999986,0.10000000000000142,2.5,-1.5999999999999979,2.0,0.7000000000000028,-13.836,-3.6,6.535947709999995,-41.588,0.16800000000000015,3
2024,1931,32,Duke,1063,4,93,James Madison,1052,12,55,1,24.8767,121.827,96.9502,23.968,120.797,96.829,0.927,55.2,49.0,14.3,16.9,31.8,74.1,33.8,27.6,26.968,3.3,1.152,91.61,75.0,12.9001,113.858,100.958,11.554,111.935,100.381,0.778,54.4,46.7,14.7,19.8,32.0,72.4,34.2,35.1,9.457,1.5,2.428,3.831,90.90909091,11.9766,7.968999999999994,-4.007800000000003,12.414,8.861999999999995,-3.5520000000000067,0.14900000000000002,0.8000000000000043,2.299999999999997,-0.3999999999999986,-2.900000000000002,-0.1999999999999993,1.6999999999999886,17.511,1.7999999999999998,-15.909090910000003,87.779,-1.276,-8
2024,1933,32,Texas A&M,1022,9,95,Houston,1056,1,100,0,16.108,115.996,99.8885,16.089,115.004,98.915,0.85,45.4,50.1,14.2,16.9,41.9,72.0,38.2,31.2,33.304,0.25,2.393,55.263,58.82352941,31.7188,118.868,87.1492,33.697,119.216,85.519,0.979,49.7,44.0,13.7,24.7,36.9,69.8,29.9,39.0,34.485,10.6,2.28,63.543,88.23529412,-15.610800000000001,-2.872,12.7393,-17.608000000000004,-4.211999999999989,13.396,-0.129,-4.300000000000004,6.100000000000001,0.5,-7.800000000000001,5.0,2.200000000000003,-1.1809999999999974,-10.35,-29.411764710000007,-8.280000000000001,0.11299999999999999,8
2024,1935,32,Arizona,1077,2,78,Dayton,1065,7,68,1,26.6237,121.125,94.5013,27.901,121.52,93.619,0.953,55.0,48.7,16.1,18.1,36.3,76.9,36.7,25.7,29.931,4.9,1.963,76.342,75.75757576,17.2975,118.601,101.304,16.782,117.426,100.644,0.855,56.6,47.9,15.8,15.7,26.9,71.0,37.2,21.8,23.183,2.6,2.205,32.899,77.41935484,9.3262,2.524000000000001,-6.8027000000000015,11.119,4.093999999999994,-7.025000000000006,0.09799999999999998,-1.6000000000000014,0.8000000000000043,0.3000000000000007,2.400000000000002,9.399999999999999,5.900000000000006,6.748000000000001,2.3000000000000003,-1.6617790800000023,43.443,-0.242,-5
2024,1937,32,Baylor,1075,3,64,Clemson,1072,6,72,0,22.305,122.49,100.185,22.309,122.209,99.9,0.91,55.6,51.3,17.7,17.1,35.1,72.9,40.5,30.9,37.902,5.1,1.617,58.436,68.75,16.9371,117.426,100.489,17.379,116.717,99.338,0.865,53.9,48.7,14.9,13.6,27.7,74.8,30.6,31.2,28.597,0.9,2.275,64.382,65.625,5.367899999999999,5.063999999999993,-0.30400000000000205,4.93,5.492000000000004,0.5620000000000118,0.04500000000000004,1.7000000000000028,2.5999999999999943,2.799999999999999,3.5000000000000018,7.400000000000002,-1.8999999999999915,9.305,4.199999999999999,3.125,-5.946000000000005,-0.6579999999999999,-3
2024,1939,32,Alabama,1078,4,72,Grand Canyon,1057,12,61,1,22.4828,125.601,103.118,23.114,125.159,102.045,0.913,56.3,49.9,16.0,15.6,34.9,70.1,35.2,39.6,36.254,3.4,2.094,27.836,65.625,13.9138,113.478,99.5638,11.238,111.066,99.828,0.773,52.0,45.9,17.8,19.9,34.6,70.4,45.3,34.8,11.307,1.3,2.618,14.992,87.5,8.569,12.123000000000005,3.5541999999999945,11.876000000000001,14.093000000000004,2.2169999999999987,0.14,4.299999999999997,4.0,-1.8000000000000007,-4.299999999999999,0.29999999999999716,-0.30000000000001137,24.946999999999996,2.0999999999999996,-21.875,12.843999999999998,-0.524,-8
2024,1941,32,Michigan St.,1045,9,69,North Carolina,1038,1,85,0,20.0339,113.76,93.7263,19.451,112.729,93.278,0.898,51.5,48.0,14.7,18.7,29.9,71.3,29.9,32.6,34.196,0.21,2.07,67.335,57.57575758,24.6454,117.796,93.151,23.59,116.784,93.194,0.931,51.3,46.4,14.4,14.9,32.8,76.5,36.8,28.3,30.665,6.6,2.174,88.407,79.41176471,-4.6114999999999995,-4.036000000000001,0.5752999999999986,-4.138999999999999,-4.055000000000007,0.08400000000000318,-0.03300000000000003,0.20000000000000284,1.6000000000000014,0.29999999999999893,3.799999999999999,-2.8999999999999986,-5.200000000000003,3.530999999999999,-6.39,-21.83600713,-21.072000000000003,-0.10400000000000009,8
2024,1943,32,Iowa St.,1053,2,67,Washington St.,1015,7,56,1,26.7178,113.864,87.1458,27.105,113.65,86.545,0.958,51.9,47.1,15.7,25.7,31.6,70.6,36.1,35.2,33.017,6.9,1.824,44.201,79.41176471,16.2158,113.431,97.215,16.17,112.793,96.623,0.856,52.1,47.3,16.1,15.9,32.9,75.1,31.7,32.7,25.215,1.9,1.724,30.424,72.72727273,10.501999999999999,0.43300000000000693,-10.06920000000001,10.934999999999999,0.8569999999999993,-10.078000000000003,0.10199999999999998,-0.20000000000000284,-0.19999999999999574,-0.40000000000000213,9.799999999999999,-1.2999999999999972,-4.5,7.802000000000003,5.0,6.684491980000004,13.777000000000001,0.10000000000000009,-5
2024,1945,32,Illinois,1054,3,89,Duquesne,1062,11,63,1,23.9871,125.551,101.564,24.236,125.323,101.087,0.922,53.8,48.0,15.1,12.3,36.2,73.9,37.8,27.1,32.635,6.0,2.444,56.834,76.47058824,9.37104,106.921,97.5497,10.179,106.316,96.137,0.761,50.1,48.0,17.5,19.5,29.9,70.0,33.1,35.3,19.651,-1.8,1.999,0.2,67.64705882,14.616060000000001,18.629999999999995,4.0142999999999915,14.057,19.00699999999999,4.950000000000003,0.16100000000000003,3.6999999999999957,0.0,-2.4000000000000004,-7.199999999999999,6.300000000000004,3.9000000000000057,12.983999999999998,7.8,8.82352942,56.634,0.44499999999999984,-8
2024,1947,32,Yale,1012,13,57,San Diego St.,1029,5,85,0,9.47275,110.825,101.352,9.732,109.787,100.055,0.744,52.3,49.7,14.1,16.0,28.4,76.0,26.9,29.0,16.194,-2.5,1.91,9.096,68.96551724,19.6993,113.548,93.8492,17.67,111.536,93.866,0.879,49.8,47.2,16.0,18.0,32.7,72.0,37.5,33.3,30.359,2.6,2.508,43.201,68.75,-10.226550000000001,-2.722999999999999,7.502800000000008,-7.938000000000002,-1.7489999999999952,6.189000000000007,-0.135,2.5,2.5,-1.9000000000000004,-2.0,-4.300000000000004,4.0,-14.165000000000003,-5.1,0.21551723999999695,-34.105000000000004,-0.5980000000000001,8
2024,1949,32,Northwestern,1036,9,58,Connecticut,1067,1,75,0,15.9057,116.657,100.752,17.988,117.194,99.206,0.872,53.2,51.6,13.3,18.8,25.7,71.8,29.9,39.4,30.87,1.5,2.306,35.529,65.625,32.213,126.608,94.3949,33.493,127.046,93.553,0.971,57.1,45.1,14.9,16.2,36.5,73.2,33.3,32.5,33.643,11.3,1.709,58.255,91.17647059,-16.3073,-9.951000000000008,6.357099999999988,-15.505000000000003,-9.852000000000004,5.653000000000006,-0.09899999999999998,-3.8999999999999986,6.5,-1.5999999999999996,2.6000000000000014,-10.8,-1.4000000000000057,-2.7729999999999997,-9.8,-25.551470589999994,-22.726,0.597,8
2024,1951,64,Saint Peter's,1031,15,49,Tennessee,1024,2,83,0,-2.32142,98.5882,100.91,-3.34,96.817,100.157,0.404,45.0,46.6,19.6,20.3,35.1,70.6,38.1,42.3,9.395,-8.8,1.797,0.702,58.06451613,25.9712,117.021,91.0499,24.368,115.62,91.252,0.938,51.5,45.4,14.6,18.9,32.4,71.4,34.3,35.8,34.068,5.8,2.262,55.338,75.0,-28.29262,-18.4328,9.860100000000003,-27.708,-18.80300000000001,8.905000000000001,-0.5339999999999999,-6.5,1.2000000000000028,5.000000000000002,1.4000000000000021,2.700000000000003,-0.8000000000000114,-24.673,-14.600000000000001,-16.93548387,-54.636,-0.4650000000000001,13
2024,1953,64,Colorado St.,1068,10,44,Texas,1023,7,56,0,16.6027,115.382,98.779,15.664,113.795,98.131,0.846,54.6,49.3,14.8,16.9,24.3,72.5,32.6,31.8,27.18,1.5,2.578,21.58,68.75,18.4034,118.526,100.122,20.759,119.016,98.257,0.901,53.7,49.0,16.6,18.6,30.5,70.0,30.4,35.0,33.846,1.2,2.288,50.353,62.5,-1.8007000000000026,-3.1439999999999912,-1.3430000000000035,-5.095000000000001,-5.221000000000004,-0.12600000000000477,-0.05500000000000005,0.8999999999999986,0.29999999999999716,-1.8000000000000007,-1.7000000000000028,-6.199999999999999,2.5,-6.665999999999997,0.30000000000000004,6.25,-28.773000000000003,0.29000000000000004,3
2024,1955,64,Akron,1079,14,60,Creighton,1066,3,77,0,4.93709,107.009,102.072,3.485,105.033,101.548,0.596,52.0,48.6,17.2,16.6,29.5,74.4,33.6,29.0,11.931,-4.5,2.584,10.97,68.75,23.3993,120.091,96.6912,24.145,120.6,96.455,0.929,57.5,46.4,15.3,11.2,25.9,75.4,24.5,16.2,33.229,4.4,2.322,52.884,71.875,-18.46221,-13.081999999999994,5.380800000000008,-20.66,-15.566999999999993,5.0930000000000035,-0.3330000000000001,-5.5,2.200000000000003,1.8999999999999986,5.400000000000002,3.6000000000000014,-1.0,-21.298000000000002,-8.9,-3.125,-41.914,0.262,11
2024,1957,64,Oregon,1034,11,87,South Carolina,1028,6,73,1,13.4292,114.036,100.607,13.701,113.269,99.568,0.815,51.8,51.5,14.8,17.9,28.7,72.9,32.3,32.8,28.128,1.4,1.969,47.815,67.64705882,15.0632,114.735,99.6715,15.506,114.369,98.863,0.842,50.8,48.0,15.5,14.9,33.1,72.0,31.8,30.8,28.077,4.7,2.242,43.412,78.78787879,-1.6340000000000003,-0.6989999999999981,0.9355000000000047,-1.8049999999999997,-1.0999999999999943,0.7049999999999983,-0.027000000000000024,1.0,3.5,-0.6999999999999993,2.9999999999999982,-4.400000000000002,0.9000000000000057,0.05099999999999838,-3.3000000000000003,-11.140819969999995,4.402999999999999,-0.2729999999999999,5
2024,1959,64,Samford,1030,13,89,Kansas,1051,4,93,0,9.79228,113.083,103.291,9.327,111.741,102.414,0.732,56.9,50.0,18.1,21.7,30.2,68.0,36.4,37.0,11.368,0.07,2.096,14.838,84.375,19.2256,113.382,94.1566,20.833,113.548,92.715,0.911,53.4,47.6,16.4,16.8,25.3,73.6,32.8,28.5,37.263,4.3,2.102,64.218,67.74193548,-9.43332,-0.2990000000000066,9.1344,-11.505999999999998,-1.8070000000000022,9.698999999999998,-0.17900000000000005,3.5,2.3999999999999986,1.7000000000000028,4.899999999999999,4.899999999999999,-5.599999999999994,-25.894999999999996,-4.2299999999999995,16.633064520000005,-49.38,-0.005999999999999783,9
2024,1961,64,McNeese St.,1046,12,65,Gonzaga,1059,5,86,0,12.8626,114.033,101.171,10.223,111.288,101.065,0.752,54.9,47.8,14.2,23.0,32.1,69.6,40.6,33.9,8.837,0.7,2.328,18.38,89.65517241,21.5641,120.997,99.4329,22.623,121.233,98.61,0.915,56.7,47.3,14.0,16.5,33.3,72.8,31.5,25.8,23.847,2.5,1.84,72.006,77.41935484,-8.7015,-6.963999999999999,1.7381000000000029,-12.4,-9.945000000000007,2.4549999999999983,-0.16300000000000003,-1.8000000000000043,0.5,0.1999999999999993,6.5,-1.1999999999999957,-3.200000000000003,-15.010000000000002,-1.8,12.235817570000009,-53.626000000000005,0.48799999999999977,7
2024,1963,64,TCU,1025,9,72,Utah St.,1019,8,88,0,17.2923,115.101,97.8088,17.392,114.5,97.108,0.869,51.9,50.3,17.9,20.8,35.5,71.4,35.1,35.7,32.604,1.3,2.75,53.769,63.63636364,15.1147,115.617,100.502,13.786,114.15,100.364,0.815,54.1,49.6,15.7,16.4,28.5,74.6,40.0,30.4,22.529,3.3,1.918,21.975,80.64516129,2.1776000000000018,-0.5160000000000053,-2.6931999999999903,3.606,0.3499999999999943,-3.2560000000000002,0.05400000000000005,-2.200000000000003,0.6999999999999957,2.1999999999999993,4.400000000000002,7.0,-3.1999999999999886,10.075,-1.9999999999999998,-17.008797650000005,31.793999999999997,0.8320000000000001,1
2024,1965,64,Grambling St.,1058,16,50,Purdue,1033,1,78,0,-7.80999,99.2736,107.084,-8.337,97.672,106.009,0.281,48.2,49.1,20.5,19.0,28.1,67.3,39.6,33.9,15.298,-8.0,2.34,12.502,54.83870968,29.1183,124.988,95.87,31.493,126.212,94.719,0.964,56.0,47.7,16.5,14.0,37.4,75.3,42.8,23.0,36.076,11.0,1.864,52.594,87.87878788,-36.928290000000004,-25.714399999999998,11.213999999999999,-39.83,-28.540000000000006,11.290000000000006,-0.6829999999999999,-7.799999999999997,1.3999999999999986,4.0,5.0,-9.299999999999997,-8.0,-20.778,-19.0,-33.0400782,-40.092,0.47599999999999976,15
2024,1967,64,Western Kentucky,1014,15,69,Marquette,1047,2,87,0,3.06263,105.552,102.489,3.401,105.196,101.795,0.593,51.9,48.3,18.3,18.6,28.5,73.3,32.9,33.4,9.879,-6.6,2.412,32.318,63.33333333,22.7369,118.294,95.5576,24.325,118.92,94.595,0.933,55.1,49.7,14.3,21.1,26.0,69.2,25.6,28.2,37.073,6.5,1.872,57.136,73.52941176,-19.67427,-12.74199999999999,6.931400000000011,-20.924,-13.724000000000004,7.200000000000003,-0.3400000000000001,-3.200000000000003,-1.4000000000000057,4.0,-2.5,2.5,4.099999999999994,-27.194000000000003,-13.1,-10.19607843,-24.818000000000005,0.5399999999999998,13
2024,1969,64,Colorado,1069,10,102,Florida,1061,7,100,1,18.4666,117.579,99.1127,19.175,117.194,98.019,0.886,55.3,49.3,18.1,15.2,32.4,76.0,35.3,28.1,26.08,1.7,2.2,38.964,70.58823529,18.1884,119.317,101.129,20.355,119.659,99.304,0.895,51.5,48.8,15.8,14.5,37.5,71.1,38.6,34.2,31.29,3.0,1.707,30.164,68.57142857,0.2781999999999982,-1.7379999999999995,-2.016300000000001,-1.1799999999999997,-2.4650000000000034,-1.2849999999999966,-0.009000000000000008,3.799999999999997,0.5,2.3000000000000007,0.6999999999999993,-5.100000000000001,4.900000000000006,-5.210000000000001,-1.3,2.0168067200000053,8.799999999999997,0.4930000000000001,3
2024,1971,64,Oakland,1035,14,80,Kentucky,1050,3,76,1,2.81743,108.593,105.776,3.176,107.819,104.643,0.585,52.1,50.6,16.2,16.3,30.6,71.4,30.9,26.8,15.066,-4.2,2.571,7.281,67.64705882,20.018,122.742,102.724,20.769,123.011,102.242,0.893,57.4,49.5,14.2,16.0,28.9,69.8,30.4,33.4,29.177,2.9,0.982,73.978,71.875,-17.20057,-14.149000000000001,3.0519999999999925,-17.592999999999996,-15.191999999999993,2.4009999999999962,-0.30800000000000005,-5.299999999999997,1.1000000000000014,2.0,0.3000000000000007,1.7000000000000028,1.6000000000000085,-14.110999999999999,-7.1,-4.227941180000002,-66.69699999999999,1.5890000000000002,11
2024,1973,64,North Carolina St.,1037,11,80,Texas Tech,1021,6,67,1,13.056,114.385,101.329,12.835,113.979,101.144,0.798,50.7,50.5,13.7,17.9,28.6,70.7,32.5,31.9,28.902,-0.6,2.403,48.869,61.11111111,18.5448,117.943,99.3985,19.079,117.537,98.458,0.885,52.8,49.1,16.5,17.0,30.2,69.7,34.6,26.6,32.55,3.4,2.079,50.406,69.6969697,-5.4887999999999995,-3.5579999999999927,1.930499999999995,-6.244,-3.558000000000007,2.686000000000007,-0.08699999999999997,-2.0999999999999943,1.3999999999999986,-2.8000000000000007,0.8999999999999986,-1.5999999999999979,1.0,-3.647999999999996,-4.0,-8.585858589999994,-1.536999999999999,0.32399999999999984,5
2024,1975,64,Vermont,1018,13,47,Duke,1063,4,64,0,6.9772,107.122,100.145,5.839,104.523,98.684,0.659,51.8,46.7,13.8,15.1,22.4,76.7,29.7,25.9,10.22,-1.2,2.309,4.273,81.25,24.8767,121.827,96.9502,23.968,120.797,96.829,0.927,55.2,49.0,14.3,16.9,31.8,74.1,33.8,27.6,26.968,3.3,1.152,91.61,75.0,-17.8995,-14.704999999999998,3.1948000000000008,-18.128999999999998,-16.274,1.855000000000004,-0.268,-3.4000000000000057,-2.299999999999997,-0.5,-1.799999999999999,-9.400000000000002,2.6000000000000085,-16.747999999999998,-4.5,6.25,-87.337,1.1570000000000003,9
2024,1977,64,James Madison,1052,12,72,Wisconsin,1013,5,61,1,12.9001,113.858,100.958,11.554,111.935,100.381,0.778,54.4,46.7,14.7,19.8,32.0,72.4,34.2,35.1,9.457,1.5,2.428,3.831,90.90909091,20.6003,120.06,99.4602,21.028,119.811,98.783,0.902,52.4,52.2,14.6,16.9,30.5,75.5,33.5,33.2,37.153,3.3,1.974,52.194,62.85714286,-7.700200000000001,-6.201999999999998,1.497799999999998,-9.473999999999998,-7.876000000000005,1.597999999999999,-0.124,2.0,-5.5,0.09999999999999964,2.900000000000002,1.5,-3.0999999999999943,-27.695999999999998,-1.7999999999999998,28.05194805,-48.363,0.45399999999999996,7
2024,1979,64,Texas A&M,1022,9,98,Nebraska,1041,8,83,1,16.108,115.996,99.8885,16.089,115.004,98.915,0.85,45.4,50.1,14.2,16.9,41.9,72.0,38.2,31.2,33.304,0.25,2.393,55.263,58.82352941,18.1912,115.866,97.6744,20.096,115.671,95.575,0.9,53.2,46.3,15.9,16.4,27.8,70.0,32.4,27.7,29.05,2.4,2.43,27.887,69.6969697,-2.083199999999998,0.12999999999999545,2.2140999999999877,-4.0070000000000014,-0.6670000000000016,3.3400000000000034,-0.050000000000000044,-7.800000000000004,3.8000000000000043,-1.700000000000001,0.5,14.099999999999998,2.0,4.254000000000001,-2.15,-10.873440289999998,27.375999999999998,-0.037000000000000366,1
2024,1981,64,Longwood,1048,16,46,Houston,1056,1,86,0,0.95941,105.712,104.753,-0.867,103.961,104.828,0.476,49.4,51.3,18.0,19.6,36.7,74.5,39.5,36.1,9.715,-8.6,2.323,17.521,58.06451613,31.7188,118.868,87.1492,33.697,119.216,85.519,0.979,49.7,44.0,13.7,24.7,36.9,69.8,29.9,39.0,34.485,10.6,2.28,63.543,88.23529412,-30.759390000000003,-13.155999999999992,17.603800000000007,-34.564,-15.254999999999995,19.308999999999997,-0.503,-0.30000000000000426,7.299999999999997,4.300000000000001,-5.099999999999998,-0.19999999999999574,4.700000000000003,-24.77,-19.2,-30.170777990000005,-46.022,0.04300000000000015,15
2024,1983,64,Long Beach St.,1049,15,65,Arizona,1077,2,85,0,-0.00456917,107.857,107.862,-2.567,105.389,107.956,0.431,48.9,51.2,17.1,18.5,33.3,70.4,38.1,32.6,12.603,-8.0,2.22,11.174,57.57575758,26.6237,121.125,94.5013,27.901,121.52,93.619,0.953,55.0,48.7,16.1,18.1,36.3,76.9,36.7,25.7,29.931,4.9,1.963,76.342,75.75757576,-26.62826917,-13.268,13.360699999999994,-30.468,-16.131,14.337000000000003,-0.522,-6.100000000000001,2.5,1.0,0.3999999999999986,-3.0,-6.5,-17.328000000000003,-12.9,-18.181818179999993,-65.168,0.2570000000000001,13
2024,1985,64,Nevada,1040,10,60,Dayton,1065,7,63,0,16.814,115.55,98.7358,17.017,115.049,98.032,0.863,53.3,48.2,15.0,17.3,27.5,72.8,46.2,34.3,22.983,2.7,2.436,28.02,78.125,17.2975,118.601,101.304,16.782,117.426,100.644,0.855,56.6,47.9,15.8,15.7,26.9,71.0,37.2,21.8,23.183,2.6,2.205,32.899,77.41935484,-0.4834999999999994,-3.051000000000002,-2.5682000000000045,0.23499999999999943,-2.3769999999999953,-2.612000000000009,0.008000000000000007,-3.3000000000000043,0.30000000000000426,-0.8000000000000007,1.6000000000000014,0.6000000000000014,1.7999999999999972,-0.1999999999999993,0.10000000000000009,0.7056451600000031,-4.879000000000001,0.23099999999999987,3
2024,1987,64,Colgate,1071,14,67,Baylor,1075,3,92,0,2.15009,104.65,102.5,0.445,102.289,101.844,0.513,53.4,47.2,16.3,16.1,25.0,75.5,27.6,24.5,11.19,-4.1,1.902,0.2,72.72727273,22.305,122.49,100.185,22.309,122.209,99.9,0.91,55.6,51.3,17.7,17.1,35.1,72.9,40.5,30.9,37.902,5.1,1.617,58.436,68.75,-20.15491,-17.83999999999999,2.3149999999999977,-21.864,-19.92,1.9439999999999884,-0.397,-2.200000000000003,-4.099999999999994,-1.3999999999999986,-1.0,-10.100000000000001,2.5999999999999943,-26.712000000000003,-9.2,3.9772727299999957,-58.236,0.2849999999999999,11
2024,1989,64,New Mexico,1039,11,56,Clemson,1072,6,77,0,18.9368,115.411,96.4738,19.336,114.829,95.493,0.893,51.0,48.0,13.9,19.5,33.4,73.0,33.1,33.5,23.773,1.7,1.908,55.824,73.52941176,16.9371,117.426,100.489,17.379,116.717,99.338,0.865,53.9,48.7,14.9,13.6,27.7,74.8,30.6,31.2,28.597,0.9,2.275,64.382,65.625,1.9997000000000007,-2.0150000000000006,-4.015200000000007,1.9569999999999972,-1.8880000000000052,-3.844999999999999,0.028000000000000025,-2.8999999999999986,-0.7000000000000028,-1.0,5.9,5.699999999999999,-1.7999999999999972,-4.824000000000002,0.7999999999999999,7.904411760000002,-8.558000000000007,-0.367,5
2024,1991,64,College of Charleston,1070,13,96,Alabama,1078,4,109,0,7.60727,113.736,106.128,8.116,113.335,105.219,0.702,52.4,50.6,14.3,16.4,33.5,73.4,26.9,28.3,11.135,-1.6,1.788,5.524,78.78787879,22.4828,125.601,103.118,23.114,125.159,102.045,0.913,56.3,49.9,16.0,15.6,34.9,70.1,35.2,39.6,36.254,3.4,2.094,27.836,65.625,-14.875530000000001,-11.864999999999995,3.010000000000005,-14.998000000000001,-11.824000000000012,3.1739999999999924,-0.21100000000000008,-3.8999999999999986,0.7000000000000028,-1.6999999999999993,0.7999999999999989,-1.3999999999999986,3.3000000000000114,-25.119,-5.0,13.162878789999994,-22.311999999999998,-0.3059999999999998,9
2024,1993,64,Grand Canyon,1057,12,75,Saint Mary's,1032,5,66,1,13.9138,113.478,99.5638,11.238,111.066,99.828,0.773,52.0,45.9,17.8,19.9,34.6,70.4,45.3,34.8,11.307,1.3,2.618,14.992,87.5,19.888,114.901,95.0132,22.139,115.794,93.655,0.92,53.1,45.1,16.0,16.7,39.0,77.6,28.3,32.2,19.572,1.4,1.929,38.712,78.125,-5.9742000000000015,-1.4230000000000018,4.550600000000003,-10.901,-4.727999999999994,6.173000000000002,-0.14700000000000002,-1.1000000000000014,0.7999999999999972,1.8000000000000007,3.1999999999999993,-4.399999999999999,-7.199999999999989,-8.264999999999999,-0.09999999999999987,9.375,-23.720000000000002,0.6889999999999998,7
2024,1995,64,Michigan St.,1045,9,69,Mississippi St.,1044,8,51,1,20.0339,113.76,93.7263,19.451,112.729,93.278,0.898,51.5,48.0,14.7,18.7,29.9,71.3,29.9,32.6,34.196,0.21,2.07,67.335,57.57575758,17.9825,113.678,95.6951,17.693,112.623,94.93,0.877,51.7,47.7,18.7,18.2,35.4,72.4,37.9,32.4,32.154,0.8,2.241,43.205,61.76470588,2.0513999999999974,0.08200000000000784,-1.9688000000000017,1.7579999999999991,0.10599999999999454,-1.652000000000001,0.02100000000000002,-0.20000000000000284,0.29999999999999716,-4.0,0.5,-5.5,-1.1000000000000085,2.0419999999999945,-0.5900000000000001,-4.1889483,24.129999999999995,-0.17100000000000026,1
2024,1997,64,Wagner,1016,16,62,North Carolina,1038,1,90,0,-10.0944,95.7835,105.878,-10.014,95.002,105.016,0.24,44.6,48.4,15.9,17.0,29.5,73.0,26.8,29.9,8.04,-11.7,1.596,0.2,48.27586207,24.6454,117.796,93.151,23.59,116.784,93.194,0.931,51.3,46.4,14.4,14.9,32.8,76.5,36.8,28.3,30.665,6.6,2.174,88.407,79.41176471,-34.7398,-22.012500000000003,12.727000000000004,-33.604,-21.78200000000001,11.822000000000003,-0.6910000000000001,-6.699999999999996,2.0,1.5,2.0999999999999996,-3.299999999999997,-3.5,-22.625,-18.299999999999997,-31.135902639999998,-88.207,-0.5779999999999998,15
2024,1999,64,South Dakota St.,1027,15,65,Iowa St.,1053,2,82,0,2.98745,108.662,105.674,3.102,107.558,104.456,0.583,55.3,50.8,16.4,16.5,24.4,74.7,30.4,27.4,9.978,-7.4,1.819,7.614,61.29032258,26.7178,113.864,87.1458,27.105,113.65,86.545,0.958,51.9,47.1,15.7,25.7,31.6,70.6,36.1,35.2,33.017,6.9,1.824,44.201,79.41176471,-23.73035,-5.201999999999998,18.528200000000012,-24.003,-6.091999999999999,17.911,-0.375,3.3999999999999986,3.6999999999999957,0.6999999999999993,-9.2,-7.200000000000003,4.1000000000000085,-23.039,-14.3,-18.12144213,-36.587,-0.0050000000000001155,13
2024,2001,64,Drake,1064,10,61,Washington St.,1015,7,66,0,14.7142,115.619,100.904,14.693,114.841,100.148,0.828,54.9,51.0,13.9,17.4,24.2,77.9,32.6,31.0,16.549,1.7,1.786,15.682,81.81818182,16.2158,113.431,97.215,16.17,112.793,96.623,0.856,52.1,47.3,16.1,15.9,32.9,75.1,31.7,32.7,25.215,1.9,1.724,30.424,72.72727273,-1.5016000000000016,2.1880000000000024,3.688999999999993,-1.477000000000002,2.0479999999999876,3.5249999999999915,-0.028000000000000025,2.799999999999997,3.700000000000003,-2.200000000000001,1.4999999999999982,-8.7,2.8000000000000114,-8.666,-0.19999999999999996,9.090909090000011,-14.741999999999999,0.062000000000000055,3
2024,2003,64,Morehead St.,1042,14,69,Illinois,1054,3,85,0,5.46884,108.989,103.52,3.291,106.669,103.378,0.589,54.4,45.7,18.5,15.5,32.0,73.6,31.3,32.7,11.774,-3.4,2.372,16.078,73.33333333,23.9871,125.551,101.564,24.236,125.323,101.087,0.922,53.8,48.0,15.1,12.3,36.2,73.9,37.8,27.1,32.635,6.0,2.444,56.834,76.47058824,-18.51826,-16.561999999999998,1.956000000000003,-20.945,-18.653999999999996,2.290999999999997,-0.3330000000000001,0.6000000000000014,-2.299999999999997,3.4000000000000004,3.1999999999999993,-4.200000000000003,-0.30000000000001137,-20.860999999999997,-9.4,-3.137254909999996,-40.756,-0.07200000000000006,11
2024,2005,64,Duquesne,1062,11,71,BYU,1073,6,67,1,9.37104,106.921,97.5497,10.179,106.316,96.137,0.761,50.1,48.0,17.5,19.5,29.9,70.0,33.1,35.3,19.651,-1.8,1.999,0.2,67.64705882,21.0091,120.486,99.4765,21.656,120.635,98.979,0.907,55.1,48.0,15.2,16.0,32.8,75.3,25.3,32.1,30.879,2.9,2.232,19.483,69.6969697,-11.63806,-13.564999999999998,-1.9268,-11.476999999999999,-14.319000000000003,-2.8419999999999987,-0.14600000000000002,-5.0,0.0,2.3000000000000007,3.5,-2.8999999999999986,-5.299999999999997,-11.228000000000002,-4.7,-2.0499108799999988,-19.283,-0.2330000000000001,5
2024,2007,64,Yale,1012,13,78,Auburn,1076,4,76,1,9.47275,110.825,101.352,9.732,109.787,100.055,0.744,52.3,49.7,14.1,16.0,28.4,76.0,26.9,29.0,16.194,-2.5,1.91,9.096,68.96551724,28.9026,120.579,91.6765,28.605,120.655,92.05,0.957,54.1,43.4,14.9,18.2,32.9,69.7,38.2,41.0,28.032,5.5,2.195,43.053,79.41176471,-19.429850000000002,-9.75399999999999,9.6755,-18.873,-10.867999999999995,8.00500000000001,-0.21299999999999997,-1.8000000000000043,6.300000000000004,-0.8000000000000007,-2.1999999999999993,-4.5,6.299999999999997,-11.838000000000001,-8.0,-10.446247470000003,-33.956999999999994,-0.2849999999999999,9
2024,2009,64,UAB,1020,12,65,San Diego St.,1029,5,69,0,6.28179,113.68,107.398,6.447,112.729,106.282,0.663,50.1,51.0,16.7,16.1,35.3,69.0,40.5,31.4,17.731,-2.7,2.218,21.521,66.66666667,19.6993,113.548,93.8492,17.67,111.536,93.866,0.879,49.8,47.2,16.0,18.0,32.7,72.0,37.5,33.3,30.359,2.6,2.508,43.201,68.75,-13.41751,0.132000000000005,13.5488,-11.223000000000003,1.1929999999999978,12.415999999999997,-0.21599999999999997,0.30000000000000426,3.799999999999997,0.6999999999999993,-1.8999999999999986,2.5999999999999943,-3.0,-12.628,-5.300000000000001,-2.083333330000002,-21.68,-0.29000000000000004,7
2024,2011,64,Northwestern,1036,9,77,Florida Atlantic,1060,8,65,1,15.9057,116.657,100.752,17.988,117.194,99.206,0.872,53.2,51.6,13.3,18.8,25.7,71.8,29.9,39.4,30.87,1.5,2.306,35.529,65.625,16.2359,118.961,102.725,14.274,117.264,102.99,0.816,55.0,49.7,15.8,16.5,33.8,70.8,34.8,27.5,20.437,1.2,2.764,21.565,75.75757576,-0.3302000000000014,-2.304000000000002,-1.972999999999999,3.7140000000000004,-0.06999999999999318,-3.783999999999992,0.05600000000000005,-1.7999999999999972,1.8999999999999986,-2.5,2.3000000000000007,-8.099999999999998,1.0,10.433,0.30000000000000004,-10.132575759999995,13.964000000000002,-0.45799999999999974,1
2024,2013,64,Stetson,1026,16,52,Connecticut,1067,1,91,0,-4.1041,110.262,114.366,-5.725,108.238,113.963,0.356,53.4,52.0,15.8,13.5,27.5,68.8,31.7,25.9,12.662,-6.8,2.058,19.778,61.29032258,32.213,126.608,94.3949,33.493,127.046,93.553,0.971,57.1,45.1,14.9,16.2,36.5,73.2,33.3,32.5,33.643,11.3,1.709,58.255,91.17647059,-36.3171,-16.346000000000004,19.971099999999993,-39.218,-18.808000000000007,20.409999999999997,-0.615,-3.700000000000003,6.899999999999999,0.9000000000000004,-2.6999999999999993,-9.0,-4.400000000000006,-20.981,-18.1,-29.886148009999992,-38.477000000000004,0.34899999999999975,15
2025,2015,2,Houston,1126,1,63,Florida,1131,1,65,0,35.4439,123.269,87.8253,36.804,124.791,87.987,0.982,52.7,44.9,14.6,21.7,36.1,70.7,28.2,34.1,38.577,11.6,2.278,75.695,88.23529,35.8258,127.938,92.1126,33.693,127.699,94.006,0.971,55.0,45.3,15.0,17.0,38.1,71.2,32.6,33.0,37.75,11.1,1.887,28.619,88.23529,-0.3819000000000017,-4.668999999999997,-4.287300000000002,3.111000000000004,-2.9080000000000013,-6.0190000000000055,0.01100000000000001,-2.299999999999997,-0.3999999999999986,-0.40000000000000036,4.699999999999999,-2.0,-0.5,0.8269999999999982,0.5,0.0,47.07599999999999,0.391,0
2025,2017,4,Houston,1126,1,70,Duke,1132,1,67,1,35.4439,123.269,87.8253,36.804,124.791,87.987,0.982,52.7,44.9,14.6,21.7,36.1,70.7,28.2,34.1,38.577,11.6,2.278,75.695,88.23529,38.1518,127.999,89.847,37.181,128.453,91.272,0.981,57.4,44.5,14.4,17.7,35.2,73.5,32.1,25.4,30.63,9.6,0.968,80.734,91.17647,-2.707900000000002,-4.72999999999999,-2.0216999999999956,-0.37699999999999534,-3.662000000000006,-3.285000000000011,0.0010000000000000009,-4.699999999999996,0.3999999999999986,0.1999999999999993,4.0,0.8999999999999986,-2.799999999999997,7.946999999999999,2.0,-2.9411799999999886,-5.0390000000000015,1.31,0
2025,2019,4,Florida,1131,1,79,Auburn,1141,1,73,1,35.8258,127.938,92.1126,33.693,127.699,94.006,0.971,55.0,45.3,15.0,17.0,38.1,71.2,32.6,33.0,37.75,11.1,1.887,28.619,88.23529,35.0385,128.505,93.4663,35.396,129.049,93.653,0.976,55.7,46.0,13.4,17.4,34.3,69.7,33.5,39.2,45.564,12.5,2.573,34.433,84.84848,0.7873000000000019,-0.5669999999999931,-1.3537000000000035,-1.703000000000003,-1.3500000000000085,0.35299999999999443,-0.0050000000000000044,-0.7000000000000028,-0.7000000000000028,1.5999999999999996,-0.3999999999999986,3.8000000000000043,1.5,-7.814,-1.4000000000000004,3.386810000000011,-5.814,-0.6859999999999999,0
2025,2021,8,Tennessee,1094,2,50,Houston,1126,1,69,0,31.4386,119.981,88.5426,28.203,119.285,91.082,0.957,52.8,44.4,16.0,17.8,35.4,69.9,35.4,29.4,41.282,9.3,2.65,51.743,79.41176,35.4439,123.269,87.8253,36.804,124.791,87.987,0.982,52.7,44.9,14.6,21.7,36.1,70.7,28.2,34.1,38.577,11.6,2.278,75.695,88.23529,-4.005299999999998,-3.288000000000011,0.7172999999999945,-8.601000000000003,-5.506,3.094999999999999,-0.025000000000000022,0.09999999999999432,-0.5,1.4000000000000004,-3.8999999999999986,-0.7000000000000028,-0.7999999999999972,2.7049999999999983,-2.299999999999999,-8.823530000000005,-23.95199999999999,0.3719999999999999,1
2025,2023,8,Alabama,1146,2,65,Duke,1132,1,85,0,29.9064,126.598,96.6919,31.278,127.634,96.356,0.962,56.3,47.9,16.7,13.5,34.7,70.8,40.1,33.9,46.471,9.8,1.819,58.572,75.75758,38.1518,127.999,89.847,37.181,128.453,91.272,0.981,57.4,44.5,14.4,17.7,35.2,73.5,32.1,25.4,30.63,9.6,0.968,80.734,91.17647,-8.2454,-1.4009999999999962,6.84490000000001,-5.902999999999999,-0.8190000000000026,5.083999999999989,-0.019000000000000017,-1.1000000000000014,3.3999999999999986,2.299999999999999,-4.199999999999999,-0.5,-2.700000000000003,15.840999999999998,0.20000000000000107,-15.41888999999999,-22.161999999999992,0.851,1
2025,2025,8,Texas Tech,1091,3,79,Florida,1131,1,84,0,28.0555,125.335,97.2799,29.31,126.01,96.7,0.955,55.5,48.0,14.8,17.4,34.3,71.5,29.7,33.5,35.224,5.8,1.972,36.947,75.75758,35.8258,127.938,92.1126,33.693,127.699,94.006,0.971,55.0,45.3,15.0,17.0,38.1,71.2,32.6,33.0,37.75,11.1,1.887,28.619,88.23529,-7.770300000000002,-2.6030000000000086,5.167299999999997,-4.382999999999999,-1.688999999999993,2.6940000000000026,-0.016000000000000014,0.5,2.700000000000003,-0.1999999999999993,0.3999999999999986,-3.8000000000000043,0.29999999999999716,-2.5260000000000034,-5.3,-12.477710000000002,8.328000000000003,0.08499999999999996,2
2025,2027,8,Michigan St.,1113,2,64,Auburn,1141,1,70,0,27.5664,118.056,90.49,24.997,116.833,91.836,0.941,51.2,46.1,16.6,16.4,35.3,75.4,37.8,33.1,34.707,7.8,1.752,74.743,81.81818,35.0385,128.505,93.4663,35.396,129.049,93.653,0.976,55.7,46.0,13.4,17.4,34.3,69.7,33.5,39.2,45.564,12.5,2.573,34.433,84.84848,-7.4720999999999975,-10.448999999999998,-2.976300000000009,-10.399000000000001,-12.216000000000008,-1.8170000000000073,-0.03500000000000003,-4.5,0.10000000000000142,3.200000000000001,-1.0,1.0,5.700000000000003,-10.857,-4.7,-3.030299999999997,40.309999999999995,-0.821,1
2025,2029,16,Tennessee,1094,2,78,Kentucky,1122,3,65,1,31.4386,119.981,88.5426,28.203,119.285,91.082,0.957,52.8,44.4,16.0,17.8,35.4,69.9,35.4,29.4,41.282,9.3,2.65,51.743,79.41176,24.2565,123.868,99.6111,25.148,123.862,98.714,0.931,56.0,50.4,15.2,14.0,28.7,74.1,35.9,31.0,43.526,5.6,2.329,46.326,66.66667,7.182100000000002,-3.8870000000000005,-11.0685,3.0549999999999997,-4.576999999999998,-7.632000000000005,0.025999999999999912,-3.200000000000003,-6.0,0.8000000000000007,3.8000000000000007,6.699999999999999,-4.199999999999989,-2.244000000000007,3.700000000000001,12.745090000000005,5.417000000000002,0.32099999999999973,-1
2025,2031,16,Purdue,1101,4,60,Houston,1126,1,62,0,23.8002,124.163,100.363,25.043,125.046,100.003,0.929,56.3,52.0,15.6,17.8,31.0,70.1,34.6,31.0,38.46,4.3,1.484,73.946,66.66667,35.4439,123.269,87.8253,36.804,124.791,87.987,0.982,52.7,44.9,14.6,21.7,36.1,70.7,28.2,34.1,38.577,11.6,2.278,75.695,88.23529,-11.643699999999999,0.8939999999999912,12.537700000000001,-11.761000000000003,0.25500000000000966,12.016000000000005,-0.052999999999999936,3.5999999999999943,7.100000000000001,1.0,-3.8999999999999986,-5.100000000000001,-0.6000000000000085,-0.11699999999999733,-7.3,-21.56862000000001,-1.7489999999999952,-0.794,3
2025,2033,16,Alabama,1146,2,113,BYU,1138,6,88,1,29.9064,126.598,96.6919,31.278,127.634,96.356,0.962,56.3,47.9,16.7,13.5,34.7,70.8,40.1,33.9,46.471,9.8,1.819,58.572,75.75758,22.3965,123.05,100.654,26.353,125.443,99.09,0.938,57.2,50.6,17.6,17.2,33.3,73.9,30.2,29.5,35.191,4.8,1.889,35.971,72.72727,7.509900000000002,3.548000000000002,-3.9620999999999924,4.924999999999997,2.1910000000000025,-2.734000000000009,0.02400000000000002,-0.9000000000000057,-2.700000000000003,-0.9000000000000021,-3.6999999999999993,1.4000000000000057,-3.1000000000000085,11.279999999999994,5.000000000000001,3.03031,22.601000000000006,-0.07000000000000006,-4
2025,2035,16,Arizona,1143,4,93,Duke,1132,1,100,0,25.7423,122.567,96.8244,27.472,123.94,96.468,0.947,52.9,48.6,16.2,16.6,35.9,71.5,36.6,29.2,44.259,5.4,1.92,66.268,64.70588,38.1518,127.999,89.847,37.181,128.453,91.272,0.981,57.4,44.5,14.4,17.7,35.2,73.5,32.1,25.4,30.63,9.6,0.968,80.734,91.17647,-12.409500000000001,-5.432000000000002,6.977400000000003,-9.708999999999996,-4.513000000000005,5.195999999999998,-0.03400000000000003,-4.5,4.100000000000001,1.799999999999999,-1.0999999999999979,0.6999999999999957,-2.0,13.629000000000001,-4.199999999999999,-26.47059,-14.465999999999994,0.952,3
2025,2037,16,Arkansas,1142,10,83,Texas Tech,1091,3,85,0,17.6925,112.943,95.2503,16.449,111.898,95.449,0.862,52.7,48.3,16.5,17.5,27.6,71.7,35.5,29.4,36.561,1.2,1.364,74.808,60.60606,28.0555,125.335,97.2799,29.31,126.01,96.7,0.955,55.5,48.0,14.8,17.4,34.3,71.5,29.7,33.5,35.224,5.8,1.972,36.947,75.75758,-10.363,-12.391999999999996,-2.029600000000002,-12.860999999999997,-14.112000000000009,-1.2510000000000048,-0.09299999999999997,-2.799999999999997,0.29999999999999716,1.6999999999999993,0.10000000000000142,-6.699999999999996,0.20000000000000284,1.3370000000000033,-4.6,-15.151520000000005,37.861000000000004,-0.6079999999999999,7
2025,2039,16,Maryland,1117,4,71,Florida,1131,1,87,0,26.3341,118.089,91.7546,25.794,117.835,92.041,0.945,53.8,47.0,14.5,20.2,31.0,72.8,32.9,25.9,31.337,4.6,1.64,66.049,75.75758,35.8258,127.938,92.1126,33.693,127.699,94.006,0.971,55.0,45.3,15.0,17.0,38.1,71.2,32.6,33.0,37.75,11.1,1.887,28.619,88.23529,-9.491700000000002,-9.849000000000004,-0.3580000000000041,-7.898999999999997,-9.864000000000004,-1.9650000000000034,-0.026000000000000023,-1.2000000000000028,1.7000000000000028,-0.5,3.1999999999999993,-7.100000000000001,1.5999999999999943,-6.413,-6.5,-12.477710000000002,37.43000000000001,-0.2470000000000001,3
2025,2041,16,Michigan St.,1113,2,73,Mississippi,1112,6,70,1,27.5664,118.056,90.49,24.997,116.833,91.836,0.941,51.2,46.1,16.6,16.4,35.3,75.4,37.8,33.1,34.707,7.8,1.752,74.743,81.81818,22.0726,117.897,95.8241,20.445,117.393,96.948,0.9,51.1,50.5,12.8,20.5,25.4,69.2,35.6,39.5,41.324,4.8,2.701,56.397,66.66667,5.4938,0.15899999999999181,-5.3341000000000065,4.552,-0.5600000000000023,-5.111999999999995,0.040999999999999925,0.10000000000000142,-4.399999999999999,3.8000000000000007,-4.100000000000001,9.899999999999999,6.200000000000003,-6.616999999999997,3.0,15.151510000000002,18.345999999999997,-0.9490000000000001,-4
2025,2043,16,Michigan,1114,5,65,Auburn,1141,1,78,0,21.8201,116.787,94.9671,20.705,115.121,94.416,0.907,54.5,46.3,19.8,16.0,33.2,70.2,35.0,28.5,37.294,6.2,2.239,57.267,73.52941,35.0385,128.505,93.4663,35.396,129.049,93.653,0.976,55.7,46.0,13.4,17.4,34.3,69.7,33.5,39.2,45.564,12.5,2.573,34.433,84.84848,-13.218399999999999,-11.71799999999999,1.5007999999999981,-14.691000000000003,-13.928000000000011,0.762999999999991,-0.06899999999999995,-1.2000000000000028,0.29999999999999716,6.4,-1.3999999999999986,-1.0999999999999943,0.5,-8.270000000000003,-6.3,-11.319069999999996,22.834000000000003,-0.3340000000000001,4
2025,2045,32,Tennessee,1094,2,67,UCLA,1088,7,58,1,31.4386,119.981,88.5426,28.203,119.285,91.082,0.957,52.8,44.4,16.0,17.8,35.4,69.9,35.4,29.4,41.282,9.3,2.65,51.743,79.41176,21.7873,116.828,95.0405,22.61,117.87,95.26,0.92,53.0,50.5,15.9,22.8,32.8,70.8,32.9,34.6,34.636,3.3,1.849,70.64,68.75,9.651300000000003,3.1529999999999916,-6.497900000000001,5.593,1.414999999999992,-4.1780000000000115,0.03699999999999992,-0.20000000000000284,-6.100000000000001,0.09999999999999964,-5.0,2.6000000000000014,-0.8999999999999915,6.645999999999994,6.000000000000001,10.661760000000001,-18.897,0.8009999999999999,-5
2025,2047,32,Kentucky,1122,3,84,Illinois,1125,6,75,1,24.2565,123.868,99.6111,25.148,123.862,98.714,0.931,56.0,50.4,15.2,14.0,28.7,74.1,35.9,31.0,43.526,5.6,2.329,46.326,66.66667,23.5881,121.633,98.0448,23.718,122.207,98.489,0.923,52.3,47.3,15.8,12.7,36.0,73.7,34.6,26.8,39.298,3.4,1.177,74.592,63.63636,0.6683999999999983,2.2349999999999994,1.5662999999999982,1.4299999999999997,1.6550000000000011,0.22499999999999432,0.008000000000000007,3.700000000000003,3.1000000000000014,-0.6000000000000014,1.3000000000000007,-7.300000000000001,0.3999999999999915,4.2280000000000015,2.1999999999999997,3.030309999999993,-28.266,1.1520000000000001,-3
2025,2049,32,Purdue,1101,4,76,McNeese St.,1116,12,62,1,23.8002,124.163,100.363,25.043,125.046,100.003,0.929,56.3,52.0,15.6,17.8,31.0,70.1,34.6,31.0,38.46,4.3,1.484,73.946,66.66667,13.6921,114.303,100.611,12.672,113.414,100.742,0.796,53.3,47.5,16.2,21.6,34.7,68.7,35.7,31.4,12.768,-0.9,2.515,25.961,80.64516,10.1081,9.86,-0.24800000000000466,12.370999999999999,11.632000000000005,-0.7390000000000043,0.133,3.0,4.5,-0.5999999999999996,-3.8000000000000007,-3.700000000000003,1.3999999999999915,25.692,5.2,-13.978490000000008,47.985,-1.0310000000000001,-8
2025,2051,32,Gonzaga,1129,8,76,Houston,1126,1,81,0,27.2891,123.611,96.3216,26.877,123.304,96.427,0.944,55.7,47.5,13.2,18.2,32.7,73.6,30.9,28.6,26.112,2.7,2.522,61.194,75.75758,35.4439,123.269,87.8253,36.804,124.791,87.987,0.982,52.7,44.9,14.6,21.7,36.1,70.7,28.2,34.1,38.577,11.6,2.278,75.695,88.23529,-8.154799999999998,0.34199999999999875,8.496300000000005,-9.927000000000003,-1.4869999999999948,8.440000000000012,-0.038000000000000034,3.0,2.6000000000000014,-1.4000000000000004,-3.5,-3.3999999999999986,2.8999999999999915,-12.465,-8.899999999999999,-12.477710000000002,-14.50099999999999,0.24399999999999977,7
2025,2053,32,Alabama,1146,2,80,Saint Mary's,1098,7,66,1,29.9064,126.598,96.6919,31.278,127.634,96.356,0.962,56.3,47.9,16.7,13.5,34.7,70.8,40.1,33.9,46.471,9.8,1.819,58.572,75.75758,23.0917,115.324,92.2318,22.181,114.965,92.784,0.922,50.9,46.2,15.1,16.6,40.5,75.1,31.4,25.0,22.682,4.1,1.982,48.461,84.375,6.814700000000002,11.274000000000001,4.460099999999997,9.096999999999998,12.668999999999997,3.5719999999999885,0.039999999999999925,5.399999999999999,1.6999999999999957,1.5999999999999996,-3.1000000000000014,-5.799999999999997,-4.299999999999997,23.788999999999998,5.700000000000001,-8.617419999999996,10.111000000000004,-0.16300000000000003,-5
2025,2055,32,Wisconsin,1083,3,89,BYU,1138,6,91,0,26.4425,123.276,96.8339,26.317,122.43,96.113,0.942,53.6,47.9,14.1,14.5,28.0,73.4,33.8,28.1,35.559,5.9,2.223,24.761,74.28571,22.3965,123.05,100.654,26.353,125.443,99.09,0.938,57.2,50.6,17.6,17.2,33.3,73.9,30.2,29.5,35.191,4.8,1.889,35.971,72.72727,4.045999999999999,0.2259999999999991,-3.8200999999999965,-0.036000000000001364,-3.012999999999991,-2.977000000000004,0.0040000000000000036,-3.6000000000000014,-2.700000000000003,-3.5000000000000018,-2.6999999999999993,-5.299999999999997,-0.5,0.367999999999995,1.1000000000000005,1.5584399999999903,-11.209999999999997,0.33399999999999985,-3
2025,2057,32,Arizona,1143,4,87,Oregon,1102,5,83,1,25.7423,122.567,96.8244,27.472,123.94,96.468,0.947,52.9,48.6,16.2,16.6,35.9,71.5,36.6,29.2,44.259,5.4,1.92,66.268,64.70588,20.149,116.643,96.4943,17.877,115.132,97.255,0.874,52.2,49.1,16.2,17.6,30.6,70.8,33.4,27.7,35.999,5.3,2.452,60.009,72.72727,5.593299999999999,5.923999999999992,0.3301000000000016,9.595000000000002,8.807999999999993,-0.7869999999999919,0.07299999999999995,0.6999999999999957,-0.5,0.0,-1.0,5.299999999999997,0.7000000000000028,8.259999999999998,0.10000000000000053,-8.021390000000011,6.259,-0.532,-1
2025,2059,32,Baylor,1140,9,66,Duke,1132,1,89,0,21.1589,120.886,99.7268,21.224,120.5,99.276,0.903,51.5,51.2,16.1,18.8,35.6,68.8,31.0,33.5,42.981,2.0,1.871,56.146,56.25,38.1518,127.999,89.847,37.181,128.453,91.272,0.981,57.4,44.5,14.4,17.7,35.2,73.5,32.1,25.4,30.63,9.6,0.968,80.734,91.17647,-16.992900000000002,-7.1129999999999995,9.879800000000003,-15.956999999999997,-7.953000000000003,8.00399999999999,-0.07799999999999996,-5.899999999999999,6.700000000000003,1.700000000000001,1.1000000000000014,0.3999999999999986,-4.700000000000003,12.351000000000003,-7.6,-34.926469999999995,-24.587999999999994,0.903,8
2025,2061,32,St. John's,1095,2,66,Arkansas,1142,10,75,0,26.3752,113.938,87.5628,23.469,112.558,89.089,0.936,49.7,46.6,15.6,21.9,37.3,71.1,30.2,30.4,27.94,7.8,2.12,64.078,88.23529,17.6925,112.943,95.2503,16.449,111.898,95.449,0.862,52.7,48.3,16.5,17.5,27.6,71.7,35.5,29.4,36.561,1.2,1.364,74.808,60.60606,8.6827,0.9950000000000045,-7.6875,7.02,0.6600000000000108,-6.359999999999999,0.07400000000000007,-3.0,-1.6999999999999957,-0.9000000000000004,4.399999999999999,9.699999999999996,-0.6000000000000085,-8.620999999999999,6.6,27.629230000000007,-10.730000000000004,0.756,-8
2025,2063,32,Texas Tech,1091,3,77,Drake,1133,11,64,1,28.0555,125.335,97.2799,29.31,126.01,96.7,0.955,55.5,48.0,14.8,17.4,34.3,71.5,29.7,33.5,35.224,5.8,1.972,36.947,75.75758,14.1426,112.641,98.498,14.072,112.538,98.466,0.823,53.8,51.7,18.6,22.1,36.0,74.2,43.0,35.8,12.625,2.3,2.226,0.2,90.32258,13.912899999999999,12.693999999999988,-1.2181000000000068,15.238,13.472000000000008,-1.7659999999999911,0.132,1.7000000000000028,-3.700000000000003,-3.8000000000000007,-4.700000000000003,-1.7000000000000028,-2.700000000000003,22.598999999999997,3.5,-14.564999999999998,36.747,-0.254,-8
2025,2065,32,Maryland,1117,4,72,Colorado St.,1136,12,71,1,26.3341,118.089,91.7546,25.794,117.835,92.041,0.945,53.8,47.0,14.5,20.2,31.0,72.8,32.9,25.9,31.337,4.6,1.64,66.049,75.75758,17.2994,116.276,98.977,18.279,116.879,98.6,0.876,55.8,48.5,17.4,16.7,26.4,74.7,31.8,33.6,22.886,0.9,2.033,33.82,73.52941,9.0347,1.8130000000000024,-7.2224000000000075,7.515000000000001,0.9559999999999889,-6.5589999999999975,0.06899999999999995,-2.0,-1.5,-2.8999999999999986,3.5,4.600000000000001,-1.9000000000000057,8.451,3.6999999999999997,2.2281700000000058,32.229000000000006,-0.393,-8
2025,2067,32,Connecticut,1135,8,75,Florida,1131,1,77,0,19.3318,121.965,102.633,19.585,121.595,102.01,0.883,55.5,48.3,17.1,15.5,35.6,72.6,30.6,40.0,30.085,2.2,1.638,87.492,69.69697,35.8258,127.938,92.1126,33.693,127.699,94.006,0.971,55.0,45.3,15.0,17.0,38.1,71.2,32.6,33.0,37.75,11.1,1.887,28.619,88.23529,-16.494,-5.972999999999999,10.520399999999995,-14.107999999999997,-6.103999999999999,8.004000000000005,-0.08799999999999997,0.5,3.0,2.1000000000000014,-1.5,-2.5,1.3999999999999915,-7.664999999999999,-8.899999999999999,-18.538320000000013,58.873000000000005,-0.2490000000000001,7
2025,2069,32,Michigan St.,1113,2,71,New Mexico,1106,10,63,1,27.5664,118.056,90.49,24.997,116.833,91.836,0.941,51.2,46.1,16.6,16.4,35.3,75.4,37.8,33.1,34.707,7.8,1.752,74.743,81.81818,17.3279,112.545,95.2167,16.83,111.747,94.917,0.867,50.8,49.2,15.6,20.5,31.5,74.4,37.8,35.0,24.388,2.8,2.047,45.924,78.125,10.238500000000002,5.510999999999996,-4.726700000000008,8.167000000000002,5.0859999999999985,-3.081000000000003,0.07399999999999995,0.4000000000000057,-3.1000000000000014,1.0000000000000018,-4.100000000000001,3.799999999999997,1.0,10.318999999999999,5.0,3.693179999999998,28.818999999999996,-0.29500000000000015,-8
2025,2071,32,Iowa St.,1124,3,78,Mississippi,1112,6,91,0,27.0002,119.483,92.4824,26.529,118.876,92.347,0.948,54.6,48.4,16.9,21.8,32.2,71.6,38.5,28.9,36.738,5.4,2.401,35.926,72.72727,22.0726,117.897,95.8241,20.445,117.393,96.948,0.9,51.1,50.5,12.8,20.5,25.4,69.2,35.6,39.5,41.324,4.8,2.701,56.397,66.66667,4.927599999999998,1.5859999999999985,-3.341700000000003,6.084,1.483000000000004,-4.600999999999999,0.04799999999999993,3.5,-2.1000000000000014,4.099999999999998,1.3000000000000007,6.800000000000004,2.3999999999999915,-4.5859999999999985,0.6000000000000005,6.060600000000008,-20.470999999999997,-0.30000000000000027,-3
2025,2073,32,Texas A&M,1092,4,79,Michigan,1114,5,91,0,24.0735,116.281,92.2075,22.555,115.676,93.121,0.924,47.5,48.2,18.2,19.7,42.0,72.2,41.7,35.3,39.956,5.2,2.764,69.423,68.75,21.8201,116.787,94.9671,20.705,115.121,94.416,0.907,54.5,46.3,19.8,16.0,33.2,70.2,35.0,28.5,37.294,6.2,2.239,57.267,73.52941,2.253399999999999,-0.5060000000000002,-2.759600000000006,1.8500000000000014,0.5550000000000068,-1.2950000000000017,0.017000000000000015,-7.0,1.9000000000000057,-1.6000000000000014,3.6999999999999993,8.799999999999997,2.0,2.662000000000006,-1.0,-4.779409999999999,12.155999999999999,0.5249999999999999,-1
2025,2075,32,Creighton,1134,9,70,Auburn,1141,1,82,0,18.7025,116.968,98.2653,19.093,117.334,98.241,0.885,55.8,47.0,18.1,11.7,26.9,72.8,28.5,16.9,31.577,3.1,1.954,59.745,70.58824,35.0385,128.505,93.4663,35.396,129.049,93.653,0.976,55.7,46.0,13.4,17.4,34.3,69.7,33.5,39.2,45.564,12.5,2.573,34.433,84.84848,-16.336,-11.536999999999992,4.798999999999992,-16.303,-11.715000000000003,4.587999999999994,-0.09099999999999997,0.09999999999999432,1.0,4.700000000000001,-5.699999999999999,-7.399999999999999,3.0999999999999943,-13.986999999999998,-9.4,-14.260239999999996,25.311999999999998,-0.619,8
2025,2077,64,Wofford,1082,15,62,Tennessee,1094,2,77,0,4.15908,113.682,109.523,1.796,111.468,109.672,0.547,53.3,51.8,16.9,14.9,35.5,73.8,31.1,36.2,12.682,-9.7,2.088,0.2,53.125,31.4386,119.981,88.5426,28.203,119.285,91.082,0.957,52.8,44.4,16.0,17.8,35.4,69.9,35.4,29.4,41.282,9.3,2.65,51.743,79.41176,-27.27952,-6.298999999999992,20.980400000000003,-26.407,-7.816999999999993,18.590000000000003,-0.4099999999999999,0.5,7.399999999999999,0.8999999999999986,-2.9000000000000004,0.10000000000000142,3.8999999999999915,-28.599999999999994,-19.0,-26.28676,-51.543,-0.5619999999999998,13
2025,2079,64,Utah St.,1086,10,47,UCLA,1088,7,72,0,15.2291,120.785,105.555,17.365,122.555,105.19,0.853,56.0,51.8,16.0,20.2,34.6,69.7,37.6,36.2,23.021,2.3,2.077,17.856,78.125,21.7873,116.828,95.0405,22.61,117.87,95.26,0.92,53.0,50.5,15.9,22.8,32.8,70.8,32.9,34.6,34.636,3.3,1.849,70.64,68.75,-6.558199999999998,3.9569999999999936,10.514500000000012,-5.245000000000001,4.685000000000002,9.929999999999993,-0.06700000000000006,3.0,1.2999999999999972,0.09999999999999964,-2.6000000000000014,1.8000000000000043,-1.0999999999999943,-11.615000000000002,-1.0,9.375,-52.784,0.22799999999999998,3
2025,2081,64,Troy,1090,14,57,Kentucky,1122,3,76,0,6.87801,107.706,100.828,6.03,106.678,100.648,0.661,50.1,47.2,19.9,19.8,38.6,68.0,37.8,29.3,14.121,-4.5,1.661,0.2,67.74194,24.2565,123.868,99.6111,25.148,123.862,98.714,0.931,56.0,50.4,15.2,14.0,28.7,74.1,35.9,31.0,43.526,5.6,2.329,46.326,66.66667,-17.37849,-16.161999999999992,1.2169000000000096,-19.118,-17.183999999999997,1.9339999999999975,-0.27,-5.899999999999999,-3.1999999999999957,4.699999999999999,5.800000000000001,9.900000000000002,-6.099999999999994,-29.405,-10.1,1.0752700000000033,-46.126,-0.6680000000000001,11
2025,2083,64,Xavier,1081,11,73,Illinois,1125,6,86,0,17.1723,115.459,98.2866,18.467,116.256,97.789,0.88,53.9,50.6,16.0,17.6,25.2,74.8,37.2,28.1,28.812,0.35,2.524,42.959,65.625,23.5881,121.633,98.0448,23.718,122.207,98.489,0.923,52.3,47.3,15.8,12.7,36.0,73.7,34.6,26.8,39.298,3.4,1.177,74.592,63.63636,-6.415800000000001,-6.173999999999992,0.241800000000012,-5.251000000000001,-5.950999999999993,-0.7000000000000028,-0.04300000000000004,1.6000000000000014,3.3000000000000043,0.1999999999999993,4.900000000000002,-10.8,1.0999999999999943,-10.486,-3.05,1.9886399999999966,-31.632999999999996,1.347,5
2025,2085,64,High Point,1127,13,63,Purdue,1101,4,75,0,9.31501,118.496,109.181,9.573,117.709,108.136,0.726,56.4,49.1,15.3,16.5,34.0,70.1,37.6,36.3,6.978,-1.8,2.445,17.054,84.375,23.8002,124.163,100.363,25.043,125.046,100.003,0.929,56.3,52.0,15.6,17.8,31.0,70.1,34.6,31.0,38.46,4.3,1.484,73.946,66.66667,-14.485190000000001,-5.667000000000002,8.817999999999998,-15.469999999999999,-7.337000000000003,8.132999999999996,-0.20300000000000007,0.10000000000000142,-2.8999999999999986,-0.29999999999999893,-1.3000000000000007,3.0,0.0,-31.482,-6.1,17.708330000000004,-56.891999999999996,0.9609999999999999,9
2025,2087,64,McNeese St.,1116,12,69,Clemson,1137,5,67,1,13.6921,114.303,100.611,12.672,113.414,100.742,0.796,53.3,47.5,16.2,21.6,34.7,68.7,35.7,31.4,12.768,-0.9,2.515,25.961,80.64516,23.9175,118.69,94.7724,23.495,118.345,94.85,0.927,53.6,48.9,15.7,20.1,33.7,70.1,28.2,27.6,26.367,4.9,2.503,51.614,81.81818,-10.2254,-4.3870000000000005,5.8386,-10.823,-4.930999999999997,5.89200000000001,-0.131,-0.30000000000000426,-1.3999999999999986,0.5,1.5,1.0,-1.3999999999999915,-13.599,-5.800000000000001,-1.173019999999994,-25.653,0.01200000000000001,7
2025,2089,64,Georgia,1130,9,68,Gonzaga,1129,8,89,0,19.3641,115.468,96.1035,20.152,115.923,95.771,0.9,52.5,47.2,18.8,18.0,36.1,68.2,39.8,30.4,37.778,2.0,1.393,64.946,62.5,27.2891,123.611,96.3216,26.877,123.304,96.427,0.944,55.7,47.5,13.2,18.2,32.7,73.6,30.9,28.6,26.112,2.7,2.522,61.194,75.75758,-7.925000000000001,-8.143,-0.21810000000000684,-6.724999999999998,-7.381,-0.6560000000000059,-0.04399999999999993,-3.200000000000003,-0.29999999999999716,5.600000000000001,-0.1999999999999993,3.3999999999999986,-5.3999999999999915,11.666,-0.7000000000000002,-13.257580000000004,3.7519999999999953,-1.1289999999999998,1
2025,2091,64,SIU Edwardsville,1096,16,40,Houston,1126,1,78,0,-4.31392,101.933,106.247,-4.419,101.289,105.708,0.38,48.9,47.5,17.1,17.3,31.8,70.9,33.1,33.2,8.164,-7.8,2.225,7.282,63.33333,35.4439,123.269,87.8253,36.804,124.791,87.987,0.982,52.7,44.9,14.6,21.7,36.1,70.7,28.2,34.1,38.577,11.6,2.278,75.695,88.23529,-39.75782,-21.336,18.4217,-41.223,-23.501999999999995,17.721000000000004,-0.602,-3.8000000000000043,2.6000000000000014,2.5000000000000018,-4.399999999999999,-4.300000000000001,0.20000000000000284,-30.412999999999997,-19.4,-24.90196000000001,-68.413,-0.052999999999999936,15
2025,2093,64,Robert Morris,1100,15,81,Alabama,1146,2,90,0,2.08242,107.033,104.951,0.876,105.898,105.022,0.524,51.3,50.3,18.5,18.8,35.3,71.7,38.4,30.0,8.247,-4.3,1.898,0.2,75.75758,29.9064,126.598,96.6919,31.278,127.634,96.356,0.962,56.3,47.9,16.7,13.5,34.7,70.8,40.1,33.9,46.471,9.8,1.819,58.572,75.75758,-27.823980000000002,-19.564999999999998,8.25909999999999,-30.401999999999997,-21.736000000000004,8.666000000000011,-0.43799999999999994,-5.0,2.3999999999999986,1.8000000000000007,5.300000000000001,0.5999999999999943,0.9000000000000057,-38.224,-14.100000000000001,0.0,-58.372,0.07899999999999996,13
2025,2095,64,Vanderbilt,1085,10,56,Saint Mary's,1098,7,59,0,16.1626,118.017,101.854,17.475,118.641,101.166,0.862,51.7,52.9,14.7,20.0,32.2,70.3,34.0,39.0,35.986,1.5,1.973,36.79,62.5,23.0917,115.324,92.2318,22.181,114.965,92.784,0.922,50.9,46.2,15.1,16.6,40.5,75.1,31.4,25.0,22.682,4.1,1.982,48.461,84.375,-6.929099999999998,2.692999999999998,9.622199999999992,-4.7059999999999995,3.676000000000002,8.38199999999999,-0.06000000000000005,0.8000000000000043,6.699999999999996,-0.40000000000000036,3.3999999999999986,-8.299999999999997,-4.799999999999997,13.303999999999998,-2.5999999999999996,-21.875,-11.671,-0.008999999999999897,3
2025,2097,64,Montana,1109,14,66,Wisconsin,1083,3,85,0,0.39472,110.837,110.443,3.02,112.006,108.986,0.578,56.4,52.2,16.2,15.5,22.6,71.0,36.2,31.9,15.101,-3.1,2.148,0.2,70.96774,26.4425,123.276,96.8339,26.317,122.43,96.113,0.942,53.6,47.9,14.1,14.5,28.0,73.4,33.8,28.1,35.559,5.9,2.223,24.761,74.28571,-26.04778,-12.438999999999993,13.609099999999998,-23.297,-10.424000000000007,12.873000000000005,-0.364,2.799999999999997,4.300000000000004,2.0999999999999996,1.0,-5.399999999999999,-2.4000000000000057,-20.458,-9.0,-3.3179699999999883,-24.561,-0.07499999999999973,11
2025,2099,64,VCU,1084,11,71,BYU,1138,6,80,0,20.7041,116.251,95.5473,20.229,116.23,96.001,0.9,52.4,44.4,16.8,20.6,36.7,70.0,32.2,36.1,16.375,1.1,2.233,34.315,81.81818,22.3965,123.05,100.654,26.353,125.443,99.09,0.938,57.2,50.6,17.6,17.2,33.3,73.9,30.2,29.5,35.191,4.8,1.889,35.971,72.72727,-1.6923999999999992,-6.798999999999992,-5.106699999999989,-6.124000000000002,-9.212999999999994,-3.0889999999999986,-0.03799999999999992,-4.800000000000004,-6.200000000000003,-0.8000000000000007,3.400000000000002,3.4000000000000057,-3.9000000000000057,-18.816000000000003,-3.6999999999999997,9.090909999999994,-1.6559999999999988,0.3440000000000001,5
2025,2101,64,Akron,1147,13,65,Arizona,1143,4,93,0,6.57261,113.749,107.176,6.861,113.691,106.83,0.672,55.4,49.5,16.6,17.2,33.3,71.0,26.8,33.7,9.759,-1.8,2.383,16.228,81.25,25.7423,122.567,96.8244,27.472,123.94,96.468,0.947,52.9,48.6,16.2,16.6,35.9,71.5,36.6,29.2,44.259,5.4,1.92,66.268,64.70588,-19.16969,-8.817999999999998,10.351600000000005,-20.611,-10.248999999999995,10.361999999999995,-0.2749999999999999,2.5,0.8999999999999986,0.40000000000000213,0.5999999999999979,-2.6000000000000014,-0.5,-34.5,-7.2,16.544120000000007,-50.04,0.4630000000000001,9
2025,2103,64,Liberty,1121,12,52,Oregon,1102,5,81,0,13.5325,112.496,98.9632,14.579,112.808,98.229,0.831,58.4,45.9,15.3,16.9,18.9,72.0,30.9,26.3,13.412,-0.32,2.265,2.365,80.64516,20.149,116.643,96.4943,17.877,115.132,97.255,0.874,52.2,49.1,16.2,17.6,30.6,70.8,33.4,27.7,35.999,5.3,2.452,60.009,72.72727,-6.6165,-4.147000000000006,2.468900000000005,-3.2979999999999983,-2.323999999999998,0.9740000000000038,-0.04300000000000004,6.199999999999996,-3.200000000000003,-0.8999999999999986,-0.7000000000000028,-11.700000000000003,1.2000000000000028,-22.587000000000003,-5.62,7.91789,-57.644,-0.18699999999999983,7
2025,2105,64,Baylor,1140,9,75,Mississippi St.,1111,8,72,1,21.1589,120.886,99.7268,21.224,120.5,99.276,0.903,51.5,51.2,16.1,18.8,35.6,68.8,31.0,33.5,42.981,2.0,1.871,56.146,56.25,20.0867,118.786,98.6992,19.567,118.331,98.764,0.889,51.7,51.9,15.1,19.0,34.1,70.5,31.6,35.4,38.324,3.0,2.053,58.075,63.63636,1.0721999999999987,2.0999999999999943,1.0275999999999925,1.657,2.168999999999997,0.5120000000000005,0.014000000000000012,-0.20000000000000284,-0.6999999999999957,1.0000000000000018,-0.1999999999999993,1.5,-1.7000000000000028,4.657000000000004,-1.0,-7.386360000000003,-1.929000000000002,-0.18199999999999994,1
2025,2107,64,Mount St. Mary's,1108,16,49,Duke,1132,1,93,0,-6.67224,100.191,106.864,-8.039,99.44,107.479,0.29,51.0,48.0,21.7,15.9,31.1,71.7,31.0,26.7,8.934,-8.2,2.013,0.853,63.63636,38.1518,127.999,89.847,37.181,128.453,91.272,0.981,57.4,44.5,14.4,17.7,35.2,73.5,32.1,25.4,30.63,9.6,0.968,80.734,91.17647,-44.824040000000004,-27.807999999999993,17.01700000000001,-45.22,-29.013000000000005,16.206999999999994,-0.6910000000000001,-6.399999999999999,3.5,7.299999999999999,-1.799999999999999,-4.100000000000001,-1.7999999999999972,-21.695999999999998,-17.799999999999997,-27.54010999999999,-79.881,1.045,15
2025,2109,64,Nebraska Omaha,1107,15,53,St. John's,1095,2,83,0,0.511031,111.099,110.588,3.743,112.161,108.418,0.596,53.5,53.1,15.7,14.9,29.2,74.6,36.4,37.7,13.045,-6.5,2.432,0.2,62.5,26.3752,113.938,87.5628,23.469,112.558,89.089,0.936,49.7,46.6,15.6,21.9,37.3,71.1,30.2,30.4,27.94,7.8,2.12,64.078,88.23529,-25.864169,-2.8389999999999986,23.025199999999998,-19.726000000000003,-0.39700000000000557,19.329000000000008,-0.3400000000000001,3.799999999999997,6.5,0.09999999999999964,-6.999999999999998,-8.099999999999998,3.5,-14.895000000000001,-14.3,-25.735290000000006,-63.878,0.31199999999999983,13
2025,2111,64,Arkansas,1142,10,79,Kansas,1123,7,72,1,17.6925,112.943,95.2503,16.449,111.898,95.449,0.862,52.7,48.3,16.5,17.5,27.6,71.7,35.5,29.4,36.561,1.2,1.364,74.808,60.60606,23.2603,116.021,92.761,23.065,116.11,93.045,0.927,53.1,46.2,16.7,15.6,30.4,72.5,24.3,28.0,41.748,4.1,2.526,65.96,63.63636,-5.567800000000002,-3.078000000000003,2.4893,-6.616,-4.212000000000003,2.4039999999999964,-0.06500000000000006,-0.3999999999999986,2.0999999999999943,-0.1999999999999993,1.9000000000000004,-2.799999999999997,-0.7999999999999972,-5.186999999999998,-2.8999999999999995,-3.030300000000004,8.848000000000013,-1.1619999999999997,3
2025,2113,64,UNC Wilmington,1087,14,72,Texas Tech,1091,3,82,0,5.14288,112.326,107.183,5.437,112.229,106.792,0.639,52.2,50.9,16.0,17.4,35.4,71.9,37.8,30.3,8.683,-3.3,2.555,0.2,78.125,28.0555,125.335,97.2799,29.31,126.01,96.7,0.955,55.5,48.0,14.8,17.4,34.3,71.5,29.7,33.5,35.224,5.8,1.972,36.947,75.75758,-22.912619999999997,-13.009,9.90310000000001,-23.872999999999998,-13.781000000000006,10.091999999999999,-0.31599999999999995,-3.299999999999997,2.8999999999999986,1.1999999999999993,0.0,1.1000000000000014,0.4000000000000057,-26.540999999999997,-9.1,2.3674199999999956,-36.747,0.5830000000000002,11
2025,2115,64,Drake,1133,11,67,Missouri,1110,6,57,1,14.1426,112.641,98.498,14.072,112.538,98.466,0.823,53.8,51.7,18.6,22.1,36.0,74.2,43.0,35.8,12.625,2.3,2.226,0.2,90.32258,24.3888,125.359,100.97,26.199,127.001,100.802,0.934,56.2,50.7,15.2,20.0,33.7,67.8,46.8,35.3,36.393,3.0,2.197,66.184,66.66667,-10.2462,-12.71799999999999,-2.471999999999994,-12.127000000000002,-14.463000000000008,-2.3360000000000127,-0.1110000000000001,-2.4000000000000057,1.0,3.400000000000002,2.1000000000000014,2.299999999999997,6.400000000000006,-23.768,-0.7000000000000002,23.655910000000006,-65.984,0.028999999999999915,5
2025,2117,64,Grand Canyon,1128,13,49,Maryland,1117,4,81,0,7.21812,107.859,100.641,9.061,108.532,99.471,0.732,51.2,47.0,18.4,20.6,32.5,71.4,43.9,32.2,10.398,-2.5,2.47,26.711,78.125,26.3341,118.089,91.7546,25.794,117.835,92.041,0.945,53.8,47.0,14.5,20.2,31.0,72.8,32.9,25.9,31.337,4.6,1.64,66.049,75.75758,-19.11598,-10.230000000000004,8.886400000000009,-16.733,-9.302999999999997,7.430000000000007,-0.21299999999999997,-2.5999999999999943,0.0,3.8999999999999986,0.40000000000000213,1.5,-1.3999999999999915,-20.939,-7.1,2.3674199999999956,-39.33800000000001,0.8300000000000003,9
2025,2119,64,Colorado St.,1136,12,78,Memphis,1115,5,70,1,17.2994,116.276,98.977,18.279,116.879,98.6,0.876,55.8,48.5,17.4,16.7,26.4,74.7,31.8,33.6,22.886,0.9,2.033,33.82,73.52941,15.1407,113.302,98.1617,13.001,111.669,98.668,0.806,53.6,48.5,19.2,19.1,35.1,67.7,39.4,33.6,23.012,4.9,2.425,53.401,85.29412,2.158699999999998,2.9739999999999895,0.8153000000000077,5.2780000000000005,5.210000000000008,-0.06800000000001205,0.06999999999999995,2.1999999999999957,0.0,-1.8000000000000007,-2.400000000000002,-8.700000000000003,7.0,-0.12600000000000122,-4.0,-11.764710000000008,-19.581000000000003,-0.3919999999999999,7
2025,2121,64,Oklahoma,1103,9,59,Connecticut,1135,8,67,0,18.345,119.062,100.717,16.818,117.673,100.855,0.855,54.9,51.1,17.3,18.1,26.5,68.3,39.6,35.8,39.435,2.1,2.256,48.517,60.60606,19.3318,121.965,102.633,19.585,121.595,102.01,0.883,55.5,48.3,17.1,15.5,35.6,72.6,30.6,40.0,30.085,2.2,1.638,87.492,69.69697,-0.9868000000000023,-2.903000000000006,-1.9159999999999968,-2.7669999999999995,-3.921999999999997,-1.1550000000000011,-0.028000000000000025,-0.6000000000000014,2.8000000000000043,0.1999999999999993,2.6000000000000014,-9.100000000000001,-4.299999999999997,9.350000000000001,-0.10000000000000009,-9.090909999999994,-38.975,0.6179999999999999,1
2025,2123,64,Norfolk St.,1105,16,69,Florida,1131,1,95,0,-1.52118,107.201,108.723,-2.814,106.215,109.029,0.425,52.4,49.7,18.3,18.6,32.8,66.2,39.0,34.9,12.001,-5.3,2.602,7.466,67.74194,35.8258,127.938,92.1126,33.693,127.699,94.006,0.971,55.0,45.3,15.0,17.0,38.1,71.2,32.6,33.0,37.75,11.1,1.887,28.619,88.23529,-37.34698,-20.73700000000001,16.6104,-36.507,-21.483999999999995,15.022999999999996,-0.546,-2.6000000000000014,4.400000000000006,3.3000000000000007,1.6000000000000014,-5.300000000000004,-5.0,-25.749000000000002,-16.4,-20.493350000000007,-21.153,0.7149999999999999,15
2025,2125,64,Bryant,1139,15,62,Michigan St.,1113,2,87,0,1.17756,106.725,105.547,0.413,105.753,105.34,0.511,51.0,47.7,16.5,16.4,34.2,71.2,30.4,30.0,9.31,-7.1,2.502,33.52,65.625,27.5664,118.056,90.49,24.997,116.833,91.836,0.941,51.2,46.1,16.6,16.4,35.3,75.4,37.8,33.1,34.707,7.8,1.752,74.743,81.81818,-26.388840000000002,-11.331000000000003,15.057000000000002,-24.584,-11.079999999999998,13.504000000000005,-0.42999999999999994,-0.20000000000000284,1.6000000000000014,-0.10000000000000142,0.0,-1.0999999999999943,-4.200000000000003,-25.397,-14.899999999999999,-16.193179999999998,-41.22299999999999,0.7499999999999998,13
2025,2127,64,New Mexico,1106,10,75,Marquette,1118,7,66,1,17.3279,112.545,95.2167,16.83,111.747,94.917,0.867,50.8,49.2,15.6,20.5,31.5,74.4,37.8,35.0,24.388,2.8,2.047,45.924,78.125,21.5878,117.695,96.1073,20.134,116.667,96.533,0.898,52.0,49.9,13.5,21.5,30.1,69.0,26.1,30.2,34.207,3.6,2.084,62.664,69.69697,-4.259900000000002,-5.1499999999999915,-0.8905999999999921,-3.304000000000002,-4.920000000000002,-1.6159999999999997,-0.031000000000000028,-1.2000000000000028,-0.6999999999999957,2.0999999999999996,-1.0,1.3999999999999986,5.400000000000006,-9.818999999999999,-0.8000000000000003,8.428030000000007,-16.740000000000002,-0.03699999999999992,3
2025,2129,64,Lipscomb,1120,14,55,Iowa St.,1124,3,82,0,9.48582,112.711,103.225,6.677,110.718,104.041,0.672,55.9,48.6,14.4,15.9,24.0,73.5,31.4,22.3,11.694,-4.1,2.583,0.2,71.875,27.0002,119.483,92.4824,26.529,118.876,92.347,0.948,54.6,48.4,16.9,21.8,32.2,71.6,38.5,28.9,36.738,5.4,2.401,35.926,72.72727,-17.51438,-6.772000000000006,10.742599999999996,-19.852,-8.158000000000001,11.694000000000003,-0.2759999999999999,1.2999999999999972,0.20000000000000284,-2.4999999999999982,-5.9,-8.200000000000003,1.9000000000000057,-25.043999999999997,-9.5,-0.8522700000000043,-35.726,0.18200000000000038,11
2025,2131,64,North Carolina,1104,11,64,Mississippi,1112,6,71,0,19.5367,118.913,99.3766,19.02,118.831,99.811,0.881,54.2,49.6,15.1,15.2,29.2,72.9,34.8,30.0,35.154,1.4,1.623,87.298,62.85714,22.0726,117.897,95.8241,20.445,117.393,96.948,0.9,51.1,50.5,12.8,20.5,25.4,69.2,35.6,39.5,41.324,4.8,2.701,56.397,66.66667,-2.5359000000000016,1.0159999999999911,3.552499999999995,-1.4250000000000007,1.4380000000000024,2.8630000000000138,-0.019000000000000017,3.1000000000000014,-0.8999999999999986,2.299999999999999,-5.300000000000001,3.8000000000000007,3.700000000000003,-6.169999999999995,-3.4,-3.809529999999995,30.901000000000003,-1.078,5
2025,2133,64,Yale,1080,13,71,Texas A&M,1092,4,80,0,10.9363,114.444,103.508,10.191,113.907,103.716,0.746,54.8,48.8,14.4,16.1,33.2,74.2,32.0,28.7,11.606,-2.7,1.876,9.807,75.0,24.0735,116.281,92.2075,22.555,115.676,93.121,0.924,47.5,48.2,18.2,19.7,42.0,72.2,41.7,35.3,39.956,5.2,2.764,69.423,68.75,-13.1372,-1.8370000000000033,11.3005,-12.363999999999999,-1.7690000000000055,10.594999999999999,-0.17800000000000005,7.299999999999997,0.5999999999999943,-3.799999999999999,-3.599999999999998,-8.799999999999997,2.0,-28.35,-7.9,6.25,-59.616,-0.8879999999999999,9
2025,2135,64,UC San Diego,1089,12,65,Michigan,1114,5,68,0,18.7768,115.29,96.5133,16.494,113.482,96.988,0.859,55.4,47.7,13.4,23.3,25.6,71.6,33.8,29.8,12.106,1.2,2.447,14.091,87.5,21.8201,116.787,94.9671,20.705,115.121,94.416,0.907,54.5,46.3,19.8,16.0,33.2,70.2,35.0,28.5,37.294,6.2,2.239,57.267,73.52941,-3.0432999999999986,-1.4969999999999999,1.546199999999999,-4.2109999999999985,-1.6389999999999958,2.5720000000000027,-0.04800000000000004,0.8999999999999986,1.4000000000000057,-6.4,7.300000000000001,-7.600000000000001,1.3999999999999915,-25.187999999999995,-5.0,13.970590000000001,-43.176,0.20800000000000018,7
2025,2137,64,Creighton,1134,9,89,Louisville,1119,8,75,1,18.7025,116.968,98.2653,19.093,117.334,98.241,0.885,55.8,47.0,18.1,11.7,26.9,72.8,28.5,16.9,31.577,3.1,1.954,59.745,70.58824,22.6465,118.177,95.5301,23.683,118.342,94.659,0.929,53.4,49.2,16.5,18.6,32.2,72.8,34.5,26.8,29.98,5.5,2.555,20.225,79.41176,-3.943999999999999,-1.2090000000000032,2.735199999999992,-4.59,-1.0079999999999956,3.5819999999999936,-0.04400000000000004,2.3999999999999986,-2.200000000000003,1.6000000000000014,-6.900000000000002,-5.300000000000004,0.0,1.5970000000000013,-2.4,-8.823520000000002,39.519999999999996,-0.6010000000000002,1
2025,2139,64,Alabama St.,1145,16,63,Auburn,1141,1,83,0,-9.235,101.454,110.689,-9.091,100.521,109.612,0.27,47.1,50.3,13.2,18.6,28.3,68.9,29.9,38.7,11.608,-10.2,2.346,4.049,54.54545,35.0385,128.505,93.4663,35.396,129.049,93.653,0.976,55.7,46.0,13.4,17.4,34.3,69.7,33.5,39.2,45.564,12.5,2.573,34.433,84.84848,-44.2735,-27.051000000000002,17.22269999999999,-44.487,-28.528000000000006,15.958999999999989,-0.706,-8.600000000000001,4.299999999999997,-0.20000000000000107,1.2000000000000028,-5.9999999999999964,-0.7999999999999972,-33.956,-22.7,-30.303029999999993,-30.384,-0.22699999999999987,15
